{"stats":{"minecraft:custom":{"minecraft:jump":94,"minecraft:time_since_rest":3569,"minecraft:sprint_one_cm":9190,"minecraft:play_time":3569,"minecraft:walk_on_water_one_cm":1793,"minecraft:time_since_death":3569,"minecraft:walk_one_cm":13050,"minecraft:sneak_time":3,"minecraft:total_world_time":3569,"minecraft:walk_under_water_one_cm":618,"minecraft:mob_kills":2,"minecraft:swim_one_cm":7393,"minecraft:fly_one_cm":45957},"minecraft:picked_up":{"minecraft:feather":2,"minecraft:bread":1,"minecraft:rotten_flesh":2},"minecraft:killed":{"alexsmobs:seagull":2}},"DataVersion":3465}