{"stats":{"minecraft:killed_by":{"minecraft:zombie_villager":1,"mutantmonsters:mutant_zombie":2,"minecraft:zombie_horse":2,"minecraft:drowned":1,"hordes:drowned_player":1,"minecraft:zombie":41,"alexsmobs:grizzly_bear":1,"minecraft:husk":1,"minecraft:player":8,"hordes:zombie_player":8,"minecraft:trader_llama":1,"alexsmobs:tiger":3},"minecraft:picked_up":{"beachparty:palm_tall_torch":8,"minecraft:string":10,"minecraft:raw_copper":164,"minecraft:beetroot":44,"minecraft:gold_nugget":7,"minecraft:cobbled_deepslate":1,"minecraft:spruce_planks":3,"minecraft:red_dye":15,"minecraft:white_tulip":8,"minecraft:calcite":46,"minecraft:azalea":1,"minecraft:iron_pickaxe":2,"minecraft:golden_helmet":1,"minecraft:stick":146,"minecraft:torch":15,"minecraft:spruce_stairs":2,"minecraft:porkchop":4,"psg:sulphur":58,"minecraft:cherry_log":920,"minecraft:pointed_dripstone":10,"pointblank:ammo45acp":179,"minecraft:rotten_flesh":200,"minecraft:blue_dye":2,"create:asurine":42,"projectvibrantjourneys:cattail":2,"minecraft:white_terracotta":5,"minecraft:cobblestone":775,"minecraft:pink_petals":325,"minecraft:magma_block":10,"minecraft:feather":2,"minecraft:cherry_planks":26,"minecraft:andesite":2,"minecraft:jungle_log":1,"projectvibrantjourneys:fallen_leaves":30,"minecraft:potato":19,"minecraft:flint":1,"minecraft:tuff":2,"minecraft:lapis_lazuli":16,"minecraft:cherry_door":3,"minecraft:dirt":937,"brewery:hops_seeds":13,"minecraft:leather_boots":1,"minecraft:bone":38,"pointblank:hs12":1,"minecraft:wheat_seeds":38,"better_mob_food:cooked_flesh":77,"minecraft:bamboo":24,"minecraft:moss_block":16,"psg:raw_potassium":7,"farm_and_charm:strawberry_seeds":2,"minecraft:jungle_planks":5,"minecraft:sand":17,"minecraft:ink_sac":6,"farm_and_charm:wild_nettle":9,"farm_and_charm:tomato_seeds":1,"minecraft:light_gray_terracotta":5,"farm_and_charm:tomato":5,"minecraft:diamond":2,"minecraft:granite":8,"immersive_aircraft:quadrocopter":1,"minecraft:bread":1,"minecraft:emerald":2,"minecraft:crafting_table":8,"minecraft:clay_ball":104,"minecraft:stripped_cherry_log":1,"minecraft:moss_carpet":9,"beachparty:seashell":49,"minecraft:blackstone":19,"minecraft:blue_orchid":24,"minecraft:beef":11,"immersive_melodies:trumpet":3,"minecraft:sugar_cane":7,"minecraft:phantom_membrane":3,"minecraft:raw_iron":15,"minecraft:cherry_stairs":4,"ecologics:coconut_slice":2,"projectvibrantjourneys:bark_mushroom":4,"sophisticatedbackpacks:backpack":2,"pointblank:gunmetal_nugget":211,"minecraft:carrot":35,"minecraft:redstone":2,"minecraft:beetroot_seeds":2,"minecraft:peony":6,"minecraft:jungle_stairs":1,"k_turrets:raw_titanium":19,"farm_and_charm:strawberry":53,"sophisticatedbackpacks:copper_backpack":1,"minecraft:pink_tulip":4,"minecraft:mutton":39,"minecraft:white_wool":27,"projectvibrantjourneys:icicle":3,"minecraft:leather":11,"beachparty:raw_mussel_meat":26,"vinery:straw_hat":1,"minecraft:lily_pad":3,"minecraft:gunpowder":26,"farm_and_charm:onion":105,"projectvibrantjourneys:sea_oats":4,"minecraft:flowering_azalea":1,"projectvibrantjourneys:light_brown_bark_mushroom":4,"minecraft:smooth_basalt":3,"minecraft:pumpkin":15,"minecraft:sweet_berries":52,"minecraft:red_wool":2,"minecraft:dripstone_block":1,"minecraft:spruce_sapling":8,"minecraft:spruce_log":32,"minecraft:spider_eye":7,"minecraft:slime_ball":8,"minecraft:stone_axe":1,"minecraft:cherry_sapling":250,"minecraft:gray_wool":3,"projectvibrantjourneys:orange_bark_mushroom":2,"minecraft:coal":85,"minecraft:ender_pearl":1},"minecraft:crafted":{"beachparty:palm_tall_torch":8,"immersive_melodies:tiny_drum":1,"minecraft:chest":1,"minecraft:stone_hoe":1,"minecraft:crafting_table":8,"minecraft:spruce_planks":48,"minecraft:brown_dye":4,"minecraft:wooden_pickaxe":1,"minecraft:red_wool":6,"minecraft:stick":24,"minecraft:iron_ingot":5,"minecraft:stone_sword":2,"vinery:winemaker_apron":1,"vinery:winemaker_leggings":1,"minecraft:cherry_planks":356,"minecraft:stone_shovel":8,"minecraft:spruce_button":3,"minecraft:bone_meal":24,"immersive_melodies:flute":1,"immersive_melodies:piano":1,"minecraft:ladder":21,"minecraft:cherry_stairs":132,"minecraft:stone_pickaxe":9,"paraglider:paraglider":1,"pointblank:gunmetal_ingot":1,"better_mob_food:cooked_flesh":8,"minecraft:stone_axe":14,"minecraft:air":0,"minecraft:jungle_planks":4,"minecraft:brown_wool":2,"minecraft:blue_wool":2,"minecraft:cherry_door":3,"minecraft:white_bed":3,"minecraft:note_block":3,"minecraft:torch":8,"minecraft:clay":26},"minecraft:mined":{"minecraft:spruce_planks":3,"create:andesite_casing":1,"minecraft:cherry_log":722,"minecraft:cave_vines_plant":1,"minecraft:granite":8,"minecraft:grass_block":787,"minecraft:jungle_log":2,"ecologics:moss_layer":1,"beachparty:seashell_block":48,"minecraft:tall_seagrass":4,"minecraft:magma_block":10,"minecraft:iron_ore":15,"minecraft:fire":3,"minecraft:pumpkin":15,"minecraft:moss_carpet":5,"create:asurine":43,"minecraft:pointed_dripstone":5,"minecraft:dirt_path":1,"minecraft:pink_tulip":2,"farm_and_charm:wild_strawberries":15,"minecraft:azalea":1,"minecraft:blue_orchid":12,"projectvibrantjourneys:cattail":4,"brewery:wild_hops":7,"projectvibrantjourneys:sea_oats":4,"minecraft:blackstone":19,"farm_and_charm:wild_beetroots":16,"minecraft:clay":26,"minecraft:torch":10,"minecraft:light_gray_terracotta":5,"farm_and_charm:wild_carrots":10,"minecraft:jungle_stairs":1,"projectvibrantjourneys:twigs":2,"minecraft:calcite":49,"projectvibrantjourneys:natural_cobweb":3,"minecraft:cobblestone":69,"projectvibrantjourneys:fallen_leaves":3,"minecraft:sugar_cane":3,"minecraft:wall_torch":1,"minecraft:pink_petals":66,"minecraft:seagrass":1,"minecraft:white_terracotta":5,"projectvibrantjourneys:light_brown_bark_mushroom":1,"farm_and_charm:wild_onions":36,"projectvibrantjourneys:bones":3,"minecraft:grass":93,"projectvibrantjourneys:short_grass":105,"projectvibrantjourneys:pinecones":2,"minecraft:sand":20,"minecraft:dirt":277,"minecraft:smooth_basalt":3,"minecraft:deepslate":1,"minecraft:tuff":1,"farm_and_charm:wild_nettle":3,"minecraft:stripped_cherry_log":1,"minecraft:cherry_sapling":2,"projectvibrantjourneys:rocks":3,"psg:sulphur_ore":14,"minecraft:jungle_planks":5,"minecraft:spruce_leaves":15,"minecraft:moss_block":21,"minecraft:large_fern":1,"minecraft:andesite":2,"minecraft:peony":6,"farm_and_charm:wild_emmer":1,"minecraft:bamboo":4,"projectvibrantjourneys:seashells":4,"minecraft:stone":734,"minecraft:white_tulip":2,"minecraft:cherry_stairs":5,"projectvibrantjourneys:icicle":1,"minecraft:cherry_planks":9,"ecologics:thin_ice":2,"minecraft:crafting_table":9,"minecraft:emerald_ore":2,"farm_and_charm:wild_potatoes":5,"minecraft:tall_grass":1,"minecraft:copper_ore":49,"minecraft:deepslate_coal_ore":1,"minecraft:lily_pad":1,"minecraft:spruce_stairs":1,"minecraft:sweet_berry_bush":20,"minecraft:ice":2,"minecraft:spruce_log":32,"k_turrets:titanium_ore":19,"projectvibrantjourneys:sandy_sprouts":1,"minecraft:coal_ore":84,"minecraft:cherry_leaves":195,"minecraft:dripstone_block":2,"minecraft:stone_bricks":1,"farm_and_charm:wild_tomatoes":2,"minecraft:fern":3},"minecraft:broken":{"minecraft:golden_helmet":1,"minecraft:stone_pickaxe":6,"minecraft:stone_axe":13,"minecraft:stone_shovel":7,"minecraft:stone_sword":1,"minecraft:wooden_pickaxe":1,"minecraft:iron_pickaxe":1},"minecraft:custom":{"minecraft:interact_with_crafting_table":89,"minecraft:leave_game":8,"minecraft:time_since_death":7518,"minecraft:sprint_one_cm":1012974,"minecraft:drop":133,"minecraft:talked_to_villager":1,"minecraft:play_time":626080,"minecraft:deaths":102,"minecraft:jump":8518,"minecraft:walk_on_water_one_cm":84996,"minecraft:interact_with_furnace":12,"minecraft:sleep_in_bed":3,"minecraft:damage_dealt":31701,"minecraft:player_kills":8,"minecraft:crouch_one_cm":190966,"minecraft:mob_kills":174,"minecraft:interact_with_campfire":15,"minecraft:damage_dealt_resisted":904,"minecraft:climb_one_cm":1902,"minecraft:walk_one_cm":2038636,"minecraft:damage_dealt_absorbed":60,"minecraft:sneak_time":67486,"minecraft:walk_under_water_one_cm":80914,"minecraft:boat_one_cm":158467,"minecraft:total_world_time":626080,"minecraft:time_since_rest":7573,"minecraft:damage_taken":28231,"minecraft:swim_one_cm":88492,"minecraft:fly_one_cm":1147734,"minecraft:open_chest":249,"minecraft:fall_one_cm":248741},"minecraft:used":{"minecraft:peony":4,"minecraft:moss_block":12,"minecraft:cherry_sapling":65,"minecraft:moss_carpet":6,"minecraft:ladder":8,"minecraft:chest":1,"minecraft:mutton":14,"minecraft:jungle_planks":4,"minecraft:tuff":1,"minecraft:sweet_berries":7,"beachparty:palm_tall_torch":8,"minecraft:stone_pickaxe":992,"minecraft:wooden_pickaxe":58,"minecraft:clay":19,"minecraft:sand":4,"minecraft:bread":7,"beachparty:seashell":2,"minecraft:bone_meal":23,"minecraft:azalea":1,"minecraft:stone_sword":217,"minecraft:stone_shovel":1005,"minecraft:spruce_planks":16,"minecraft:stone_hoe":13,"projectvibrantjourneys:icicle":3,"minecraft:torch":18,"minecraft:dirt":499,"farm_and_charm:onion":4,"minecraft:spruce_button":3,"better_mob_food:cooked_flesh":23,"minecraft:beef":5,"minecraft:cherry_log":1118,"pointblank:m1911a1":2,"minecraft:cherry_planks":111,"minecraft:crafting_table":15,"minecraft:white_bed":3,"minecraft:spruce_log":6,"minecraft:cherry_door":4,"minecraft:iron_pickaxe":217,"minecraft:jungle_stairs":1,"minecraft:stone_axe":1603,"minecraft:pink_petals":5,"minecraft:cobblestone":531,"minecraft:cherry_stairs":136,"minecraft:porkchop":2,"beachparty:raw_mussel_meat":16},"minecraft:dropped":{"minecraft:leather":2,"projectvibrantjourneys:orange_bark_mushroom":1,"minecraft:dirt":25,"projectvibrantjourneys:fallen_leaves":29,"minecraft:sand":13,"minecraft:cherry_door":1,"projectvibrantjourneys:bark_mushroom":3,"minecraft:bone":2,"minecraft:white_tulip":8,"minecraft:stone_axe":1,"minecraft:cobbled_deepslate":1,"beachparty:seashell":21,"minecraft:rotten_flesh":1,"projectvibrantjourneys:light_brown_bark_mushroom":2,"projectvibrantjourneys:cattail":2,"pointblank:hs12":1,"minecraft:wheat_seeds":15,"minecraft:cherry_log":6,"minecraft:mossy_cobblestone":3,"minecraft:cobblestone":4,"minecraft:granite":8,"minecraft:spruce_stairs":1,"minecraft:torch":2,"minecraft:cherry_planks":12,"farm_and_charm:wild_nettle":6,"minecraft:flowering_azalea":1,"minecraft:string":1,"minecraft:pink_petals":14,"minecraft:lily_pad":2,"minecraft:redstone":1,"minecraft:pink_tulip":4,"minecraft:moss_carpet":2,"minecraft:tuff":1,"immersive_aircraft:quadrocopter":1,"minecraft:peony":2,"minecraft:spider_eye":1,"minecraft:bamboo":3,"minecraft:slime_ball":1,"minecraft:blue_orchid":24},"minecraft:killed":{"minecraft:pig":2,"minecraft:zombie_villager":4,"hordes:drowned_player":2,"minecraft:sheep":30,"minecraft:zombie":102,"minecraft:cow":7,"hordes:zombie_player":9,"alexsmobs:tiger":1,"alexsmobs:seagull":2,"minecraft:drowned":2,"minecraft:husk":4,"minecraft:wandering_trader":1,"minecraft:squid":2}},"DataVersion":3465}