{"stats":{"minecraft:custom":{"minecraft:mob_kills":60,"minecraft:interact_with_crafting_table":29,"minecraft:interact_with_campfire":3,"minecraft:damage_dealt_resisted":323,"minecraft:leave_game":4,"minecraft:time_since_death":10008,"minecraft:climb_one_cm":194,"minecraft:sprint_one_cm":399827,"minecraft:walk_one_cm":925161,"minecraft:drop":32,"minecraft:play_time":276496,"minecraft:deaths":34,"minecraft:sneak_time":30120,"minecraft:walk_under_water_one_cm":59331,"minecraft:boat_one_cm":158467,"minecraft:jump":3608,"minecraft:walk_on_water_one_cm":48600,"minecraft:total_world_time":276496,"minecraft:interact_with_furnace":1,"minecraft:sleep_in_bed":3,"minecraft:time_since_rest":10030,"minecraft:damage_taken":9630,"minecraft:damage_dealt":11480,"minecraft:swim_one_cm":29588,"minecraft:fly_one_cm":485410,"minecraft:player_kills":3,"minecraft:open_chest":21,"minecraft:crouch_one_cm":94150,"minecraft:fall_one_cm":70902},"minecraft:killed_by":{"mutantmonsters:mutant_zombie":2,"minecraft:player":3,"hordes:zombie_player":3,"minecraft:drowned":1,"alexsmobs:tiger":3,"minecraft:zombie":16},"minecraft:dropped":{"minecraft:wheat_seeds":4,"minecraft:cobblestone":4,"minecraft:leather":2,"projectvibrantjourneys:orange_bark_mushroom":1,"minecraft:torch":1,"minecraft:sand":13,"minecraft:string":1,"minecraft:pink_petals":1,"minecraft:rotten_flesh":1,"minecraft:peony":1,"minecraft:blue_orchid":24,"pointblank:hs12":1},"minecraft:crafted":{"minecraft:cherry_planks":76,"minecraft:stone_shovel":1,"minecraft:spruce_button":3,"immersive_melodies:tiny_drum":1,"minecraft:stone_pickaxe":5,"minecraft:crafting_table":6,"pointblank:gunmetal_ingot":1,"minecraft:spruce_planks":48,"minecraft:wooden_pickaxe":1,"minecraft:stone_axe":5,"minecraft:jungle_planks":4,"minecraft:stick":20,"minecraft:stone_sword":1,"minecraft:white_bed":3,"minecraft:torch":4,"minecraft:clay":26},"minecraft:broken":{"minecraft:stone_sword":1,"minecraft:wooden_pickaxe":1,"minecraft:stone_pickaxe":2,"minecraft:stone_axe":4},"minecraft:killed":{"hordes:zombie_player":4,"alexsmobs:tiger":1,"alexsmobs:seagull":2,"minecraft:drowned":2,"minecraft:pig":1,"minecraft:sheep":8,"minecraft:zombie":38,"minecraft:cow":4},"minecraft:picked_up":{"minecraft:crafting_table":4,"minecraft:clay_ball":104,"minecraft:string":3,"minecraft:moss_carpet":9,"minecraft:blackstone":19,"minecraft:blue_orchid":24,"minecraft:spruce_planks":3,"minecraft:beef":5,"immersive_melodies:trumpet":3,"minecraft:azalea":1,"minecraft:phantom_membrane":1,"minecraft:stick":34,"projectvibrantjourneys:bark_mushroom":1,"minecraft:torch":4,"minecraft:spruce_stairs":1,"sophisticatedbackpacks:backpack":1,"minecraft:porkchop":2,"pointblank:gunmetal_nugget":85,"minecraft:cherry_log":183,"pointblank:ammo45acp":65,"minecraft:rotten_flesh":91,"minecraft:jungle_stairs":1,"minecraft:peony":2,"minecraft:mutton":9,"minecraft:white_wool":9,"minecraft:cobblestone":499,"minecraft:pink_petals":28,"minecraft:feather":2,"minecraft:cherry_planks":3,"projectvibrantjourneys:icicle":3,"minecraft:jungle_log":1,"projectvibrantjourneys:fallen_leaves":2,"minecraft:leather":5,"minecraft:tuff":1,"minecraft:lily_pad":1,"minecraft:gunpowder":13,"farm_and_charm:onion":34,"minecraft:dirt":171,"brewery:hops_seeds":10,"minecraft:bone":11,"pointblank:hs12":1,"minecraft:wheat_seeds":11,"better_mob_food:cooked_flesh":10,"minecraft:moss_block":16,"minecraft:flowering_azalea":1,"projectvibrantjourneys:light_brown_bark_mushroom":2,"minecraft:smooth_basalt":3,"minecraft:sweet_berries":7,"minecraft:dripstone_block":1,"minecraft:jungle_planks":5,"minecraft:sand":17,"minecraft:spruce_sapling":8,"minecraft:spruce_log":32,"minecraft:slime_ball":3,"minecraft:diamond":2,"minecraft:cherry_sapling":61,"minecraft:bread":1,"projectvibrantjourneys:orange_bark_mushroom":1,"minecraft:coal":44,"minecraft:ender_pearl":1},"minecraft:mined":{"minecraft:spruce_planks":3,"minecraft:cherry_log":195,"minecraft:cave_vines_plant":1,"minecraft:grass_block":87,"minecraft:jungle_planks":5,"minecraft:jungle_log":2,"ecologics:moss_layer":1,"minecraft:spruce_leaves":15,"minecraft:moss_block":21,"minecraft:tall_seagrass":1,"minecraft:moss_carpet":5,"minecraft:peony":2,"minecraft:azalea":1,"minecraft:stone":491,"minecraft:blue_orchid":12,"projectvibrantjourneys:icicle":1,"minecraft:cherry_planks":3,"brewery:wild_hops":5,"minecraft:blackstone":19,"ecologics:thin_ice":2,"minecraft:clay":26,"minecraft:crafting_table":5,"minecraft:jungle_stairs":1,"projectvibrantjourneys:natural_cobweb":1,"minecraft:cobblestone":23,"minecraft:wall_torch":1,"minecraft:pink_petals":6,"minecraft:spruce_stairs":1,"projectvibrantjourneys:light_brown_bark_mushroom":1,"farm_and_charm:wild_onions":10,"minecraft:ice":2,"minecraft:spruce_log":32,"projectvibrantjourneys:bones":1,"minecraft:grass":16,"minecraft:coal_ore":44,"projectvibrantjourneys:short_grass":20,"minecraft:cherry_leaves":48,"minecraft:sand":13,"projectvibrantjourneys:pinecones":1,"minecraft:dripstone_block":2,"minecraft:dirt":86,"minecraft:smooth_basalt":3},"minecraft:used":{"minecraft:azalea":1,"minecraft:moss_block":12,"minecraft:moss_carpet":6,"minecraft:stone_sword":135,"minecraft:stone_shovel":97,"minecraft:spruce_planks":16,"projectvibrantjourneys:icicle":3,"minecraft:torch":6,"minecraft:dirt":10,"minecraft:mutton":9,"farm_and_charm:onion":4,"minecraft:jungle_planks":4,"minecraft:tuff":1,"minecraft:spruce_button":3,"better_mob_food:cooked_flesh":7,"minecraft:beef":5,"minecraft:sweet_berries":7,"minecraft:cherry_log":23,"pointblank:m1911a1":2,"minecraft:stone_pickaxe":599,"minecraft:wooden_pickaxe":58,"minecraft:cherry_planks":59,"minecraft:clay":19,"minecraft:sand":4,"minecraft:crafting_table":9,"minecraft:white_bed":3,"minecraft:spruce_log":6,"minecraft:bread":7,"minecraft:jungle_stairs":1,"minecraft:stone_axe":459,"minecraft:cobblestone":398,"minecraft:porkchop":2}},"DataVersion":3465}