{"stats":{"minecraft:broken":{"minecraft:stone_sword":1,"minecraft:wooden_pickaxe":1,"minecraft:stone_pickaxe":4,"minecraft:stone_axe":4,"minecraft:iron_pickaxe":1,"minecraft:stone_shovel":2},"minecraft:killed_by":{"mutantmonsters:mutant_zombie":2,"minecraft:player":5,"hordes:zombie_player":3,"minecraft:drowned":1,"minecraft:trader_llama":1,"alexsmobs:tiger":3,"minecraft:zombie":17},"minecraft:mined":{"minecraft:spruce_planks":3,"minecraft:cherry_log":199,"minecraft:stripped_cherry_log":1,"projectvibrantjourneys:rocks":1,"minecraft:cave_vines_plant":1,"minecraft:grass_block":173,"minecraft:jungle_planks":5,"minecraft:jungle_log":2,"ecologics:moss_layer":1,"minecraft:spruce_leaves":15,"minecraft:moss_block":21,"minecraft:tall_seagrass":1,"minecraft:iron_ore":1,"minecraft:moss_carpet":5,"minecraft:peony":2,"minecraft:azalea":1,"minecraft:blue_orchid":12,"minecraft:stone":610,"minecraft:cherry_stairs":5,"projectvibrantjourneys:icicle":1,"minecraft:cherry_planks":9,"brewery:wild_hops":5,"minecraft:blackstone":19,"ecologics:thin_ice":2,"minecraft:clay":26,"minecraft:crafting_table":5,"minecraft:jungle_stairs":1,"projectvibrantjourneys:natural_cobweb":1,"minecraft:cobblestone":41,"minecraft:wall_torch":1,"minecraft:pink_petals":8,"minecraft:spruce_stairs":1,"projectvibrantjourneys:light_brown_bark_mushroom":1,"farm_and_charm:wild_onions":10,"minecraft:ice":2,"projectvibrantjourneys:bones":1,"minecraft:spruce_log":32,"minecraft:grass":18,"minecraft:coal_ore":44,"projectvibrantjourneys:short_grass":20,"minecraft:cherry_leaves":48,"minecraft:dripstone_block":2,"projectvibrantjourneys:pinecones":1,"minecraft:sand":13,"minecraft:dirt":192,"minecraft:smooth_basalt":3},"minecraft:used":{"minecraft:azalea":1,"minecraft:moss_block":12,"minecraft:moss_carpet":6,"minecraft:stone_sword":135,"minecraft:stone_shovel":282,"minecraft:spruce_planks":16,"projectvibrantjourneys:icicle":3,"minecraft:torch":6,"minecraft:dirt":11,"minecraft:mutton":9,"farm_and_charm:onion":4,"minecraft:jungle_planks":4,"minecraft:tuff":1,"minecraft:spruce_button":3,"better_mob_food:cooked_flesh":7,"minecraft:beef":5,"minecraft:sweet_berries":7,"minecraft:cherry_log":23,"pointblank:m1911a1":2,"minecraft:stone_pickaxe":713,"minecraft:wooden_pickaxe":58,"minecraft:cherry_planks":97,"minecraft:clay":19,"minecraft:sand":4,"minecraft:crafting_table":10,"minecraft:white_bed":3,"minecraft:spruce_log":6,"minecraft:bread":7,"minecraft:iron_pickaxe":28,"minecraft:jungle_stairs":1,"minecraft:stone_axe":496,"minecraft:cobblestone":513,"minecraft:cherry_stairs":136,"minecraft:porkchop":2},"minecraft:killed":{"hordes:zombie_player":5,"alexsmobs:tiger":1,"alexsmobs:seagull":2,"minecraft:drowned":2,"minecraft:pig":1,"minecraft:wandering_trader":1,"minecraft:sheep":8,"minecraft:zombie":53,"minecraft:cow":4},"minecraft:dropped":{"minecraft:wheat_seeds":11,"minecraft:cobblestone":4,"minecraft:leather":2,"minecraft:spruce_stairs":1,"projectvibrantjourneys:orange_bark_mushroom":1,"minecraft:dirt":6,"minecraft:torch":1,"projectvibrantjourneys:fallen_leaves":2,"minecraft:sand":13,"minecraft:string":1,"minecraft:pink_petals":1,"minecraft:lily_pad":2,"minecraft:rotten_flesh":1,"projectvibrantjourneys:light_brown_bark_mushroom":2,"minecraft:peony":2,"minecraft:spider_eye":1,"minecraft:bamboo":3,"minecraft:blue_orchid":24,"pointblank:hs12":1},"minecraft:crafted":{"minecraft:cherry_planks":304,"minecraft:stone_shovel":3,"minecraft:spruce_button":3,"immersive_melodies:tiny_drum":1,"immersive_melodies:flute":1,"immersive_melodies:piano":1,"minecraft:cherry_stairs":132,"minecraft:stone_pickaxe":6,"minecraft:crafting_table":6,"pointblank:gunmetal_ingot":1,"minecraft:spruce_planks":48,"minecraft:wooden_pickaxe":1,"minecraft:stone_axe":5,"minecraft:jungle_planks":4,"minecraft:stick":24,"minecraft:stone_sword":1,"minecraft:white_bed":3,"minecraft:note_block":3,"minecraft:torch":4,"minecraft:clay":26},"minecraft:custom":{"minecraft:mob_kills":78,"minecraft:interact_with_crafting_table":41,"minecraft:interact_with_campfire":3,"minecraft:damage_dealt_resisted":503,"minecraft:leave_game":5,"minecraft:time_since_death":10862,"minecraft:climb_one_cm":194,"minecraft:sprint_one_cm":478082,"minecraft:walk_one_cm":1133387,"minecraft:drop":46,"minecraft:talked_to_villager":1,"minecraft:play_time":337479,"minecraft:deaths":39,"minecraft:sneak_time":38779,"minecraft:walk_under_water_one_cm":59331,"minecraft:boat_one_cm":158467,"minecraft:jump":4152,"minecraft:walk_on_water_one_cm":48641,"minecraft:total_world_time":337479,"minecraft:interact_with_furnace":3,"minecraft:sleep_in_bed":3,"minecraft:time_since_rest":10891,"minecraft:damage_taken":10885,"minecraft:damage_dealt":12182,"minecraft:swim_one_cm":29588,"minecraft:fly_one_cm":540971,"minecraft:player_kills":6,"minecraft:open_chest":63,"minecraft:crouch_one_cm":117832,"minecraft:fall_one_cm":87083},"minecraft:picked_up":{"minecraft:crafting_table":4,"minecraft:clay_ball":104,"minecraft:stripped_cherry_log":1,"minecraft:string":4,"minecraft:moss_carpet":9,"minecraft:blackstone":19,"minecraft:blue_orchid":24,"minecraft:spruce_planks":3,"minecraft:beef":5,"immersive_melodies:trumpet":3,"minecraft:azalea":1,"minecraft:iron_pickaxe":2,"minecraft:phantom_membrane":1,"minecraft:stick":34,"minecraft:raw_iron":1,"minecraft:cherry_stairs":4,"projectvibrantjourneys:bark_mushroom":1,"minecraft:torch":4,"minecraft:spruce_stairs":2,"sophisticatedbackpacks:backpack":2,"minecraft:porkchop":2,"pointblank:gunmetal_nugget":129,"minecraft:cherry_log":236,"pointblank:ammo45acp":179,"minecraft:rotten_flesh":122,"minecraft:peony":3,"minecraft:jungle_stairs":1,"minecraft:mutton":9,"minecraft:white_wool":9,"minecraft:cobblestone":634,"minecraft:pink_petals":58,"minecraft:feather":2,"minecraft:cherry_planks":26,"projectvibrantjourneys:icicle":3,"minecraft:jungle_log":1,"minecraft:leather":5,"projectvibrantjourneys:fallen_leaves":4,"minecraft:tuff":1,"minecraft:lily_pad":2,"minecraft:gunpowder":17,"farm_and_charm:onion":34,"minecraft:dirt":326,"brewery:hops_seeds":10,"minecraft:leather_boots":1,"minecraft:bone":12,"minecraft:wheat_seeds":11,"pointblank:hs12":1,"better_mob_food:cooked_flesh":10,"minecraft:bamboo":3,"minecraft:moss_block":16,"minecraft:flowering_azalea":1,"projectvibrantjourneys:light_brown_bark_mushroom":4,"minecraft:smooth_basalt":3,"minecraft:sweet_berries":7,"minecraft:dripstone_block":1,"minecraft:jungle_planks":5,"minecraft:sand":17,"minecraft:spruce_sapling":8,"minecraft:spruce_log":32,"minecraft:spider_eye":3,"minecraft:slime_ball":5,"minecraft:diamond":2,"minecraft:cherry_sapling":61,"minecraft:bread":1,"projectvibrantjourneys:orange_bark_mushroom":1,"minecraft:coal":44,"minecraft:ender_pearl":1}},"DataVersion":3465}