{"stats":{"minecraft:custom":{"minecraft:interact_with_furnace":1,"minecraft:mob_kills":37,"minecraft:interact_with_crafting_table":15,"minecraft:interact_with_campfire":3,"minecraft:damage_dealt_resisted":284,"minecraft:leave_game":3,"minecraft:time_since_death":2769,"minecraft:climb_one_cm":65,"minecraft:time_since_rest":2793,"minecraft:sprint_one_cm":263710,"minecraft:damage_taken":3138,"minecraft:walk_one_cm":628957,"minecraft:drop":25,"minecraft:damage_dealt":5814,"minecraft:swim_one_cm":24464,"minecraft:fly_one_cm":347836,"minecraft:player_kills":3,"minecraft:open_chest":11,"minecraft:crouch_one_cm":81318,"minecraft:play_time":199826,"minecraft:deaths":10,"minecraft:sneak_time":25717,"minecraft:walk_under_water_one_cm":41150,"minecraft:boat_one_cm":158467,"minecraft:jump":2450,"minecraft:walk_on_water_one_cm":29437,"minecraft:total_world_time":199826,"minecraft:fall_one_cm":36755},"minecraft:dropped":{"minecraft:cobblestone":4,"minecraft:rotten_flesh":1,"minecraft:torch":1,"minecraft:blue_orchid":24,"minecraft:sand":13,"pointblank:hs12":1},"minecraft:killed_by":{"mutantmonsters:mutant_zombie":1,"minecraft:player":2,"minecraft:zombie":4},"minecraft:crafted":{"minecraft:crafting_table":4,"minecraft:spruce_planks":48,"immersive_melodies:tiny_drum":1,"minecraft:spruce_button":3,"minecraft:wooden_pickaxe":1,"minecraft:stone_axe":2,"minecraft:jungle_planks":4,"minecraft:stick":12,"minecraft:stone_pickaxe":4,"minecraft:stone_sword":1,"minecraft:white_bed":1,"minecraft:torch":4,"minecraft:clay":26},"minecraft:broken":{"minecraft:stone_pickaxe":2,"minecraft:stone_axe":1},"minecraft:killed":{"minecraft:pig":1,"hordes:zombie_player":3,"alexsmobs:seagull":2,"minecraft:sheep":8,"minecraft:zombie":19,"minecraft:cow":4},"minecraft:picked_up":{"minecraft:crafting_table":3,"minecraft:feather":2,"minecraft:clay_ball":104,"projectvibrantjourneys:icicle":3,"minecraft:jungle_log":1,"projectvibrantjourneys:fallen_leaves":2,"minecraft:leather":5,"minecraft:tuff":1,"minecraft:lily_pad":1,"minecraft:gunpowder":2,"farm_and_charm:onion":34,"minecraft:dirt":15,"minecraft:string":2,"minecraft:moss_carpet":9,"brewery:hops_seeds":10,"minecraft:bone":3,"minecraft:blackstone":19,"minecraft:blue_orchid":24,"minecraft:wheat_seeds":1,"pointblank:hs12":1,"better_mob_food:cooked_flesh":7,"minecraft:spruce_planks":3,"minecraft:beef":5,"immersive_melodies:trumpet":3,"minecraft:azalea":1,"minecraft:moss_block":16,"minecraft:flowering_azalea":1,"minecraft:stick":5,"minecraft:smooth_basalt":3,"minecraft:sweet_berries":7,"minecraft:torch":4,"sophisticatedbackpacks:backpack":1,"minecraft:spruce_stairs":1,"minecraft:dripstone_block":1,"minecraft:sand":17,"minecraft:porkchop":2,"pointblank:gunmetal_nugget":28,"minecraft:jungle_planks":5,"minecraft:spruce_sapling":8,"minecraft:spruce_log":32,"pointblank:ammo45acp":1,"minecraft:rotten_flesh":21,"minecraft:diamond":2,"minecraft:jungle_stairs":1,"minecraft:bread":1,"minecraft:mutton":9,"minecraft:coal":44,"minecraft:white_wool":8,"minecraft:cobblestone":417},"minecraft:mined":{"projectvibrantjourneys:icicle":1,"minecraft:spruce_planks":3,"brewery:wild_hops":5,"minecraft:blackstone":19,"ecologics:thin_ice":2,"minecraft:crafting_table":4,"minecraft:clay":26,"minecraft:cave_vines_plant":1,"minecraft:jungle_stairs":1,"minecraft:grass_block":10,"minecraft:jungle_planks":5,"minecraft:jungle_log":2,"projectvibrantjourneys:natural_cobweb":1,"ecologics:moss_layer":1,"minecraft:cobblestone":23,"minecraft:spruce_leaves":15,"minecraft:moss_block":21,"minecraft:wall_torch":1,"minecraft:spruce_stairs":1,"farm_and_charm:wild_onions":10,"minecraft:ice":2,"projectvibrantjourneys:bones":1,"minecraft:spruce_log":32,"minecraft:moss_carpet":5,"minecraft:grass":3,"minecraft:coal_ore":44,"projectvibrantjourneys:short_grass":12,"minecraft:dripstone_block":2,"projectvibrantjourneys:pinecones":1,"minecraft:sand":13,"minecraft:dirt":5,"minecraft:smooth_basalt":3,"minecraft:azalea":1,"minecraft:blue_orchid":12,"minecraft:stone":406},"minecraft:used":{"minecraft:azalea":1,"minecraft:moss_block":12,"minecraft:moss_carpet":6,"minecraft:stone_sword":89,"minecraft:stone_pickaxe":460,"minecraft:spruce_planks":16,"minecraft:wooden_pickaxe":57,"minecraft:clay":19,"projectvibrantjourneys:icicle":3,"minecraft:torch":6,"minecraft:mutton":2,"minecraft:dirt":4,"minecraft:sand":4,"minecraft:crafting_table":7,"minecraft:jungle_planks":4,"minecraft:white_bed":1,"minecraft:spruce_log":6,"minecraft:bread":7,"minecraft:spruce_button":3,"minecraft:jungle_stairs":1,"better_mob_food:cooked_flesh":7,"minecraft:stone_axe":127,"minecraft:beef":5,"minecraft:sweet_berries":7,"minecraft:cobblestone":379}},"DataVersion":3465}