{"stats":{"minecraft:custom":{"minecraft:interact_with_furnace":1,"minecraft:mob_kills":9,"minecraft:interact_with_crafting_table":8,"minecraft:interact_with_campfire":3,"minecraft:time_since_death":29466,"minecraft:climb_one_cm":65,"minecraft:time_since_rest":29490,"minecraft:sprint_one_cm":47244,"minecraft:damage_taken":424,"minecraft:walk_one_cm":160207,"minecraft:drop":5,"minecraft:damage_dealt":390,"minecraft:swim_one_cm":10290,"minecraft:fly_one_cm":90053,"minecraft:player_kills":2,"minecraft:open_chest":1,"minecraft:crouch_one_cm":65862,"minecraft:play_time":75569,"minecraft:deaths":1,"minecraft:sneak_time":20060,"minecraft:walk_under_water_one_cm":12404,"minecraft:jump":570,"minecraft:walk_on_water_one_cm":10283,"minecraft:total_world_time":75569,"minecraft:fall_one_cm":10354},"minecraft:dropped":{"minecraft:rotten_flesh":1,"minecraft:sand":3,"pointblank:hs12":1},"minecraft:crafted":{"minecraft:crafting_table":1,"minecraft:spruce_planks":28,"minecraft:spruce_button":3,"minecraft:wooden_pickaxe":1,"minecraft:stone_axe":1,"minecraft:stick":8,"minecraft:stone_pickaxe":3,"minecraft:clay":26},"minecraft:broken":{"minecraft:stone_pickaxe":1},"minecraft:killed":{"hordes:zombie_player":2,"alexsmobs:seagull":2,"minecraft:zombie":5},"minecraft:picked_up":{"minecraft:feather":2,"minecraft:clay_ball":104,"projectvibrantjourneys:icicle":2,"minecraft:moss_carpet":9,"minecraft:bone":1,"minecraft:blackstone":19,"minecraft:wheat_seeds":1,"pointblank:hs12":1,"better_mob_food:cooked_flesh":3,"minecraft:spruce_planks":3,"immersive_melodies:trumpet":1,"minecraft:azalea":1,"minecraft:moss_block":12,"minecraft:flowering_azalea":1,"minecraft:stick":2,"minecraft:smooth_basalt":3,"minecraft:torch":1,"minecraft:sand":7,"minecraft:jungle_planks":4,"pointblank:gunmetal_nugget":7,"minecraft:spruce_sapling":6,"minecraft:spruce_log":7,"minecraft:rotten_flesh":4,"minecraft:diamond":2,"minecraft:jungle_stairs":1,"minecraft:bread":1,"minecraft:coal":1,"minecraft:cobblestone":305},"minecraft:mined":{"minecraft:spruce_planks":3,"minecraft:blackstone":19,"minecraft:clay":26,"minecraft:cave_vines_plant":1,"minecraft:jungle_stairs":1,"minecraft:jungle_planks":4,"ecologics:moss_layer":1,"minecraft:cobblestone":16,"minecraft:spruce_leaves":2,"minecraft:moss_block":17,"minecraft:spruce_log":7,"minecraft:moss_carpet":5,"minecraft:grass":2,"minecraft:coal_ore":1,"projectvibrantjourneys:short_grass":2,"minecraft:sand":5,"minecraft:smooth_basalt":3,"minecraft:azalea":1,"minecraft:stone":303},"minecraft:used":{"minecraft:azalea":1,"minecraft:moss_block":12,"minecraft:moss_carpet":6,"minecraft:stone_pickaxe":339,"minecraft:spruce_planks":16,"minecraft:wooden_pickaxe":3,"minecraft:clay":19,"minecraft:sand":4,"minecraft:crafting_table":1,"minecraft:jungle_planks":4,"minecraft:bread":1,"minecraft:spruce_button":3,"minecraft:jungle_stairs":1,"better_mob_food:cooked_flesh":2,"minecraft:stone_axe":10,"minecraft:cobblestone":293}},"DataVersion":3465}