{"stats":{"minecraft:custom":{"minecraft:time_since_rest":5490,"minecraft:sprint_one_cm":37832,"minecraft:damage_taken":279,"minecraft:walk_one_cm":87137,"minecraft:mob_kills":8,"minecraft:drop":5,"minecraft:damage_dealt":18,"minecraft:player_kills":1,"minecraft:interact_with_crafting_table":5,"minecraft:swim_one_cm":10290,"minecraft:fly_one_cm":87061,"minecraft:crouch_one_cm":41330,"minecraft:deaths":1,"minecraft:play_time":51569,"minecraft:sneak_time":13120,"minecraft:walk_under_water_one_cm":8644,"minecraft:jump":383,"minecraft:walk_on_water_one_cm":8698,"minecraft:time_since_death":5466,"minecraft:climb_one_cm":65,"minecraft:total_world_time":51569,"minecraft:fall_one_cm":5334},"minecraft:dropped":{"minecraft:rotten_flesh":1,"minecraft:sand":3,"pointblank:hs12":1},"minecraft:crafted":{"minecraft:crafting_table":1,"minecraft:spruce_planks":28,"minecraft:stick":8,"minecraft:wooden_pickaxe":1,"minecraft:spruce_button":3,"minecraft:stone_pickaxe":2,"minecraft:stone_axe":1,"minecraft:clay":26},"minecraft:broken":{"minecraft:stone_pickaxe":1},"minecraft:killed":{"minecraft:zombie":5,"hordes:zombie_player":1,"alexsmobs:seagull":2},"minecraft:picked_up":{"minecraft:stick":2,"minecraft:smooth_basalt":3,"minecraft:feather":2,"minecraft:clay_ball":104,"projectvibrantjourneys:icicle":2,"minecraft:torch":1,"pointblank:gunmetal_nugget":5,"minecraft:jungle_planks":4,"minecraft:sand":7,"minecraft:spruce_sapling":6,"minecraft:spruce_log":7,"minecraft:moss_carpet":9,"minecraft:blackstone":19,"minecraft:diamond":2,"minecraft:bone":1,"minecraft:rotten_flesh":4,"pointblank:hs12":1,"minecraft:jungle_stairs":1,"minecraft:wheat_seeds":1,"minecraft:spruce_planks":3,"minecraft:azalea":1,"minecraft:bread":1,"minecraft:moss_block":12,"minecraft:flowering_azalea":1,"minecraft:cobblestone":198},"minecraft:mined":{"minecraft:spruce_planks":3,"minecraft:blackstone":19,"minecraft:spruce_log":7,"minecraft:moss_carpet":5,"minecraft:clay":26,"minecraft:cave_vines_plant":1,"minecraft:jungle_stairs":1,"minecraft:grass":2,"projectvibrantjourneys:short_grass":2,"minecraft:jungle_planks":4,"minecraft:sand":5,"ecologics:moss_layer":1,"minecraft:cobblestone":6,"minecraft:smooth_basalt":3,"minecraft:stone":198,"minecraft:spruce_leaves":2,"minecraft:azalea":1,"minecraft:moss_block":17},"minecraft:used":{"minecraft:azalea":1,"minecraft:moss_block":12,"minecraft:moss_carpet":6,"minecraft:stone_pickaxe":223,"minecraft:bread":1,"minecraft:spruce_button":3,"minecraft:spruce_planks":2,"minecraft:jungle_stairs":1,"minecraft:wooden_pickaxe":3,"minecraft:clay":19,"minecraft:sand":4,"minecraft:cobblestone":144,"minecraft:crafting_table":1,"minecraft:jungle_planks":4}},"DataVersion":3465}