{"stats":{"minecraft:custom":{"minecraft:interact_with_furnace":1,"minecraft:mob_kills":19,"minecraft:interact_with_crafting_table":9,"minecraft:interact_with_campfire":3,"minecraft:leave_game":2,"minecraft:time_since_death":8354,"minecraft:climb_one_cm":65,"minecraft:time_since_rest":8452,"minecraft:sprint_one_cm":169800,"minecraft:damage_taken":1628,"minecraft:walk_one_cm":352416,"minecraft:drop":9,"minecraft:damage_dealt":1599,"minecraft:swim_one_cm":14647,"minecraft:fly_one_cm":226459,"minecraft:player_kills":3,"minecraft:open_chest":11,"minecraft:crouch_one_cm":78035,"minecraft:play_time":151986,"minecraft:deaths":5,"minecraft:sneak_time":24323,"minecraft:walk_under_water_one_cm":36482,"minecraft:jump":1531,"minecraft:walk_on_water_one_cm":19128,"minecraft:total_world_time":151986,"minecraft:fall_one_cm":27498},"minecraft:dropped":{"minecraft:cobblestone":4,"minecraft:rotten_flesh":1,"minecraft:sand":3,"pointblank:hs12":1},"minecraft:killed_by":{"mutantmonsters:mutant_zombie":1,"minecraft:zombie":1},"minecraft:crafted":{"minecraft:crafting_table":2,"minecraft:spruce_planks":32,"minecraft:spruce_button":3,"minecraft:wooden_pickaxe":1,"minecraft:stone_axe":1,"minecraft:stick":8,"minecraft:stone_pickaxe":4,"minecraft:torch":4,"minecraft:clay":26},"minecraft:broken":{"minecraft:stone_pickaxe":2},"minecraft:killed":{"minecraft:pig":1,"hordes:zombie_player":3,"alexsmobs:seagull":2,"minecraft:sheep":1,"minecraft:zombie":8,"minecraft:cow":4},"minecraft:picked_up":{"minecraft:feather":2,"minecraft:clay_ball":104,"projectvibrantjourneys:icicle":3,"minecraft:leather":5,"minecraft:tuff":1,"farm_and_charm:onion":34,"minecraft:dirt":15,"minecraft:string":1,"minecraft:moss_carpet":9,"brewery:hops_seeds":10,"minecraft:bone":3,"minecraft:blackstone":19,"minecraft:blue_orchid":12,"pointblank:hs12":1,"minecraft:wheat_seeds":1,"better_mob_food:cooked_flesh":7,"minecraft:spruce_planks":3,"minecraft:beef":5,"immersive_melodies:trumpet":1,"minecraft:azalea":1,"minecraft:moss_block":16,"minecraft:flowering_azalea":1,"minecraft:stick":5,"minecraft:smooth_basalt":3,"minecraft:torch":4,"minecraft:dripstone_block":1,"minecraft:porkchop":2,"minecraft:jungle_planks":4,"pointblank:gunmetal_nugget":13,"minecraft:sand":7,"minecraft:spruce_sapling":8,"minecraft:spruce_log":27,"pointblank:ammo45acp":1,"minecraft:rotten_flesh":9,"minecraft:diamond":2,"minecraft:jungle_stairs":1,"minecraft:bread":1,"minecraft:mutton":1,"minecraft:coal":44,"minecraft:white_wool":1,"minecraft:cobblestone":417},"minecraft:mined":{"projectvibrantjourneys:icicle":1,"minecraft:spruce_planks":3,"brewery:wild_hops":5,"minecraft:blackstone":19,"minecraft:clay":26,"minecraft:cave_vines_plant":1,"minecraft:jungle_stairs":1,"minecraft:grass_block":10,"minecraft:jungle_planks":4,"ecologics:moss_layer":1,"minecraft:cobblestone":23,"minecraft:spruce_leaves":15,"minecraft:moss_block":21,"minecraft:wall_torch":1,"farm_and_charm:wild_onions":10,"projectvibrantjourneys:bones":1,"minecraft:spruce_log":27,"minecraft:moss_carpet":5,"minecraft:grass":3,"minecraft:coal_ore":44,"projectvibrantjourneys:short_grass":10,"minecraft:dripstone_block":2,"projectvibrantjourneys:pinecones":1,"minecraft:sand":5,"minecraft:dirt":5,"minecraft:smooth_basalt":3,"minecraft:azalea":1,"minecraft:blue_orchid":12,"minecraft:stone":406},"minecraft:used":{"minecraft:azalea":1,"minecraft:moss_block":12,"minecraft:moss_carpet":6,"minecraft:stone_pickaxe":460,"minecraft:spruce_planks":16,"minecraft:wooden_pickaxe":53,"minecraft:clay":19,"projectvibrantjourneys:icicle":3,"minecraft:torch":6,"minecraft:dirt":4,"minecraft:sand":4,"minecraft:crafting_table":2,"minecraft:jungle_planks":4,"minecraft:spruce_log":6,"minecraft:bread":1,"minecraft:spruce_button":3,"minecraft:jungle_stairs":1,"better_mob_food:cooked_flesh":3,"minecraft:stone_axe":88,"minecraft:cobblestone":377}},"DataVersion":3465}