{"stats":{"minecraft:custom":{"minecraft:interact_with_furnace":1,"minecraft:mob_kills":13,"minecraft:interact_with_crafting_table":9,"minecraft:interact_with_campfire":3,"minecraft:leave_game":1,"minecraft:time_since_death":11424,"minecraft:climb_one_cm":65,"minecraft:time_since_rest":11446,"minecraft:sprint_one_cm":78311,"minecraft:damage_taken":594,"minecraft:walk_one_cm":213594,"minecraft:drop":5,"minecraft:damage_dealt":713,"minecraft:swim_one_cm":10785,"minecraft:fly_one_cm":121321,"minecraft:player_kills":3,"minecraft:open_chest":3,"minecraft:crouch_one_cm":70018,"minecraft:play_time":104165,"minecraft:deaths":2,"minecraft:sneak_time":21587,"minecraft:walk_under_water_one_cm":13141,"minecraft:jump":882,"minecraft:walk_on_water_one_cm":12149,"minecraft:total_world_time":104165,"minecraft:fall_one_cm":13368},"minecraft:killed_by":{"minecraft:zombie":1},"minecraft:dropped":{"minecraft:rotten_flesh":1,"minecraft:sand":3,"pointblank:hs12":1},"minecraft:crafted":{"minecraft:crafting_table":2,"minecraft:spruce_planks":32,"minecraft:spruce_button":3,"minecraft:wooden_pickaxe":1,"minecraft:stone_axe":1,"minecraft:stick":8,"minecraft:stone_pickaxe":4,"minecraft:clay":26},"minecraft:broken":{"minecraft:stone_pickaxe":2},"minecraft:killed":{"hordes:zombie_player":3,"alexsmobs:seagull":2,"minecraft:sheep":1,"minecraft:zombie":6,"minecraft:cow":1},"minecraft:picked_up":{"minecraft:feather":2,"minecraft:clay_ball":104,"projectvibrantjourneys:icicle":3,"minecraft:leather":1,"farm_and_charm:onion":34,"minecraft:moss_carpet":9,"minecraft:bone":3,"minecraft:blackstone":19,"pointblank:hs12":1,"minecraft:wheat_seeds":1,"better_mob_food:cooked_flesh":5,"minecraft:spruce_planks":3,"minecraft:beef":1,"immersive_melodies:trumpet":1,"minecraft:azalea":1,"minecraft:moss_block":16,"minecraft:flowering_azalea":1,"minecraft:stick":5,"minecraft:smooth_basalt":3,"minecraft:torch":3,"minecraft:jungle_planks":4,"minecraft:sand":7,"pointblank:gunmetal_nugget":7,"minecraft:spruce_sapling":8,"minecraft:spruce_log":27,"pointblank:ammo45acp":1,"minecraft:rotten_flesh":6,"minecraft:diamond":2,"minecraft:jungle_stairs":1,"minecraft:bread":1,"minecraft:mutton":1,"minecraft:coal":21,"minecraft:white_wool":1,"minecraft:cobblestone":374},"minecraft:mined":{"projectvibrantjourneys:icicle":1,"minecraft:spruce_planks":3,"minecraft:blackstone":19,"minecraft:clay":26,"minecraft:cave_vines_plant":1,"minecraft:jungle_stairs":1,"minecraft:jungle_planks":4,"ecologics:moss_layer":1,"minecraft:cobblestone":22,"minecraft:spruce_leaves":15,"minecraft:moss_block":21,"farm_and_charm:wild_onions":10,"projectvibrantjourneys:bones":1,"minecraft:spruce_log":27,"minecraft:moss_carpet":5,"minecraft:grass":2,"minecraft:coal_ore":21,"projectvibrantjourneys:short_grass":3,"minecraft:sand":5,"minecraft:smooth_basalt":3,"minecraft:azalea":1,"minecraft:stone":366},"minecraft:used":{"minecraft:azalea":1,"minecraft:moss_block":12,"minecraft:moss_carpet":6,"minecraft:stone_pickaxe":392,"minecraft:spruce_planks":16,"minecraft:wooden_pickaxe":40,"minecraft:clay":19,"projectvibrantjourneys:icicle":3,"minecraft:sand":4,"minecraft:crafting_table":2,"minecraft:jungle_planks":4,"minecraft:spruce_log":6,"minecraft:bread":1,"minecraft:spruce_button":3,"minecraft:jungle_stairs":1,"better_mob_food:cooked_flesh":3,"minecraft:stone_axe":54,"minecraft:cobblestone":347}},"DataVersion":3465}