{"stats":{"minecraft:killed_by":{"minecraft:husk":1,"minecraft:zombie_villager":1,"mutantmonsters:mutant_zombie":2,"minecraft:player":8,"hordes:zombie_player":8,"minecraft:zombie_horse":2,"minecraft:drowned":1,"hordes:drowned_player":1,"minecraft:trader_llama":1,"alexsmobs:tiger":3,"minecraft:zombie":41,"alexsmobs:grizzly_bear":1},"minecraft:picked_up":{"minecraft:crafting_table":7,"minecraft:clay_ball":104,"beachparty:palm_tall_torch":8,"minecraft:stripped_cherry_log":1,"minecraft:string":8,"minecraft:moss_carpet":9,"minecraft:raw_copper":164,"beachparty:seashell":48,"minecraft:blackstone":19,"minecraft:blue_orchid":24,"minecraft:gold_nugget":7,"minecraft:cobbled_deepslate":1,"minecraft:spruce_planks":3,"minecraft:beef":11,"minecraft:white_tulip":8,"minecraft:calcite":46,"immersive_melodies:trumpet":3,"minecraft:azalea":1,"minecraft:iron_pickaxe":2,"minecraft:sugar_cane":2,"minecraft:phantom_membrane":3,"minecraft:golden_helmet":1,"minecraft:stick":146,"minecraft:raw_iron":15,"minecraft:cherry_stairs":4,"ecologics:coconut_slice":2,"projectvibrantjourneys:bark_mushroom":4,"minecraft:torch":14,"minecraft:spruce_stairs":2,"sophisticatedbackpacks:backpack":2,"minecraft:porkchop":2,"pointblank:gunmetal_nugget":211,"psg:sulphur":58,"minecraft:cherry_log":917,"minecraft:pointed_dripstone":10,"minecraft:redstone":1,"pointblank:ammo45acp":179,"minecraft:rotten_flesh":200,"farm_and_charm:strawberry":20,"minecraft:jungle_stairs":1,"minecraft:peony":6,"projectvibrantjourneys:cattail":1,"k_turrets:raw_titanium":19,"create:asurine":42,"sophisticatedbackpacks:copper_backpack":1,"minecraft:pink_tulip":4,"minecraft:mutton":38,"minecraft:cobblestone":775,"minecraft:white_wool":26,"minecraft:magma_block":10,"minecraft:pink_petals":323,"minecraft:feather":2,"minecraft:cherry_planks":26,"beachparty:raw_mussel_meat":25,"minecraft:andesite":2,"projectvibrantjourneys:icicle":3,"minecraft:jungle_log":1,"minecraft:leather":11,"projectvibrantjourneys:fallen_leaves":26,"minecraft:flint":1,"minecraft:tuff":2,"minecraft:lily_pad":2,"minecraft:gunpowder":26,"minecraft:lapis_lazuli":16,"projectvibrantjourneys:sea_oats":4,"farm_and_charm:onion":65,"minecraft:dirt":935,"brewery:hops_seeds":10,"minecraft:leather_boots":1,"minecraft:bone":38,"minecraft:wheat_seeds":36,"pointblank:hs12":1,"better_mob_food:cooked_flesh":18,"minecraft:bamboo":24,"minecraft:moss_block":16,"minecraft:flowering_azalea":1,"projectvibrantjourneys:light_brown_bark_mushroom":4,"minecraft:smooth_basalt":3,"minecraft:pumpkin":15,"minecraft:sweet_berries":7,"psg:raw_potassium":7,"minecraft:dripstone_block":1,"minecraft:sand":17,"minecraft:jungle_planks":5,"minecraft:spruce_sapling":8,"minecraft:ink_sac":6,"minecraft:spruce_log":32,"minecraft:spider_eye":7,"farm_and_charm:tomato_seeds":1,"farm_and_charm:tomato":5,"minecraft:stone_axe":1,"minecraft:slime_ball":8,"minecraft:diamond":2,"minecraft:granite":8,"minecraft:cherry_sapling":250,"minecraft:gray_wool":3,"minecraft:emerald":2,"minecraft:bread":1,"projectvibrantjourneys:orange_bark_mushroom":2,"minecraft:coal":85,"minecraft:ender_pearl":1},"minecraft:crafted":{"beachparty:palm_tall_torch":8,"minecraft:cherry_planks":336,"minecraft:stone_shovel":8,"minecraft:spruce_button":3,"immersive_melodies:tiny_drum":1,"minecraft:bone_meal":24,"immersive_melodies:flute":1,"immersive_melodies:piano":1,"minecraft:ladder":21,"minecraft:cherry_stairs":132,"minecraft:stone_pickaxe":9,"minecraft:stone_hoe":1,"paraglider:paraglider":1,"minecraft:crafting_table":8,"pointblank:gunmetal_ingot":1,"minecraft:spruce_planks":48,"minecraft:wooden_pickaxe":1,"better_mob_food:cooked_flesh":8,"minecraft:stone_axe":14,"minecraft:air":0,"minecraft:jungle_planks":4,"minecraft:stick":24,"minecraft:iron_ingot":5,"minecraft:stone_sword":1,"minecraft:white_bed":3,"minecraft:note_block":3,"minecraft:torch":8,"minecraft:clay":26},"minecraft:mined":{"minecraft:tuff":1,"minecraft:spruce_planks":3,"create:andesite_casing":1,"minecraft:cherry_log":719,"minecraft:cherry_sapling":2,"minecraft:stripped_cherry_log":1,"projectvibrantjourneys:rocks":3,"psg:sulphur_ore":14,"minecraft:cave_vines_plant":1,"minecraft:granite":8,"minecraft:grass_block":787,"minecraft:jungle_planks":5,"minecraft:jungle_log":2,"ecologics:moss_layer":1,"minecraft:spruce_leaves":15,"minecraft:moss_block":21,"beachparty:seashell_block":48,"minecraft:tall_seagrass":1,"minecraft:magma_block":10,"minecraft:iron_ore":15,"minecraft:fire":3,"minecraft:andesite":2,"minecraft:pumpkin":15,"minecraft:moss_carpet":5,"minecraft:peony":6,"create:asurine":43,"minecraft:pointed_dripstone":5,"farm_and_charm:wild_emmer":1,"minecraft:dirt_path":1,"projectvibrantjourneys:seashells":4,"farm_and_charm:wild_strawberries":5,"minecraft:pink_tulip":2,"minecraft:azalea":1,"minecraft:bamboo":4,"minecraft:blue_orchid":12,"minecraft:stone":734,"minecraft:white_tulip":2,"minecraft:cherry_stairs":5,"projectvibrantjourneys:icicle":1,"projectvibrantjourneys:cattail":2,"minecraft:cherry_planks":9,"brewery:wild_hops":5,"projectvibrantjourneys:sea_oats":4,"minecraft:blackstone":19,"ecologics:thin_ice":2,"minecraft:clay":26,"minecraft:crafting_table":8,"minecraft:torch":10,"minecraft:jungle_stairs":1,"projectvibrantjourneys:twigs":2,"minecraft:emerald_ore":2,"minecraft:calcite":49,"projectvibrantjourneys:natural_cobweb":1,"minecraft:tall_grass":1,"minecraft:copper_ore":49,"minecraft:cobblestone":69,"minecraft:deepslate_coal_ore":1,"projectvibrantjourneys:fallen_leaves":2,"minecraft:sugar_cane":1,"minecraft:wall_torch":1,"minecraft:pink_petals":65,"minecraft:spruce_stairs":1,"projectvibrantjourneys:light_brown_bark_mushroom":1,"farm_and_charm:wild_onions":21,"minecraft:ice":2,"projectvibrantjourneys:bones":3,"minecraft:spruce_log":32,"projectvibrantjourneys:sandy_sprouts":1,"k_turrets:titanium_ore":19,"minecraft:grass":91,"minecraft:coal_ore":84,"projectvibrantjourneys:short_grass":79,"minecraft:cherry_leaves":181,"minecraft:dripstone_block":2,"projectvibrantjourneys:pinecones":1,"minecraft:sand":20,"minecraft:dirt":275,"minecraft:smooth_basalt":3,"farm_and_charm:wild_tomatoes":2,"minecraft:deepslate":1},"minecraft:broken":{"minecraft:golden_helmet":1,"minecraft:stone_sword":1,"minecraft:wooden_pickaxe":1,"minecraft:stone_pickaxe":6,"minecraft:stone_axe":13,"minecraft:iron_pickaxe":1,"minecraft:stone_shovel":7},"minecraft:custom":{"minecraft:mob_kills":172,"minecraft:interact_with_crafting_table":77,"minecraft:interact_with_campfire":15,"minecraft:damage_dealt_resisted":904,"minecraft:leave_game":6,"minecraft:time_since_death":12326,"minecraft:climb_one_cm":1596,"minecraft:sprint_one_cm":927658,"minecraft:walk_one_cm":1981589,"minecraft:drop":116,"minecraft:damage_dealt_absorbed":60,"minecraft:talked_to_villager":1,"minecraft:play_time":596652,"minecraft:deaths":101,"minecraft:sneak_time":66156,"minecraft:walk_under_water_one_cm":76815,"minecraft:boat_one_cm":158467,"minecraft:jump":7928,"minecraft:walk_on_water_one_cm":81948,"minecraft:total_world_time":596652,"minecraft:interact_with_furnace":12,"minecraft:sleep_in_bed":3,"minecraft:time_since_rest":12352,"minecraft:damage_taken":27901,"minecraft:damage_dealt":31521,"minecraft:swim_one_cm":70423,"minecraft:fly_one_cm":999879,"minecraft:player_kills":7,"minecraft:open_chest":204,"minecraft:crouch_one_cm":185798,"minecraft:fall_one_cm":228536},"minecraft:used":{"minecraft:peony":4,"minecraft:azalea":1,"minecraft:moss_block":12,"minecraft:cherry_sapling":65,"minecraft:moss_carpet":6,"minecraft:stone_sword":135,"minecraft:stone_shovel":1005,"minecraft:ladder":8,"minecraft:spruce_planks":16,"projectvibrantjourneys:icicle":3,"minecraft:torch":16,"minecraft:dirt":499,"minecraft:mutton":13,"farm_and_charm:onion":4,"minecraft:jungle_planks":4,"minecraft:tuff":1,"minecraft:spruce_button":3,"better_mob_food:cooked_flesh":23,"minecraft:beef":5,"minecraft:sweet_berries":7,"beachparty:palm_tall_torch":8,"minecraft:cherry_log":1091,"pointblank:m1911a1":2,"minecraft:stone_pickaxe":981,"minecraft:wooden_pickaxe":58,"minecraft:cherry_planks":97,"minecraft:clay":19,"minecraft:sand":4,"minecraft:crafting_table":14,"minecraft:white_bed":3,"minecraft:spruce_log":6,"minecraft:bread":7,"minecraft:iron_pickaxe":217,"minecraft:jungle_stairs":1,"beachparty:seashell":2,"minecraft:stone_axe":1563,"minecraft:pink_petals":5,"minecraft:cobblestone":531,"minecraft:cherry_stairs":136,"minecraft:porkchop":2,"beachparty:raw_mussel_meat":1,"minecraft:bone_meal":23},"minecraft:dropped":{"minecraft:wheat_seeds":14,"minecraft:mossy_cobblestone":3,"minecraft:cobblestone":4,"minecraft:leather":2,"minecraft:granite":8,"minecraft:spruce_stairs":1,"projectvibrantjourneys:orange_bark_mushroom":1,"minecraft:dirt":23,"minecraft:torch":2,"projectvibrantjourneys:fallen_leaves":26,"minecraft:cherry_planks":12,"minecraft:flowering_azalea":1,"minecraft:sand":13,"minecraft:string":1,"minecraft:pink_petals":14,"minecraft:lily_pad":2,"projectvibrantjourneys:bark_mushroom":3,"minecraft:bone":2,"minecraft:pink_tulip":4,"minecraft:white_tulip":8,"minecraft:moss_carpet":2,"minecraft:stone_axe":1,"minecraft:cobbled_deepslate":1,"beachparty:seashell":21,"minecraft:tuff":1,"minecraft:rotten_flesh":1,"projectvibrantjourneys:light_brown_bark_mushroom":2,"minecraft:peony":2,"minecraft:slime_ball":1,"minecraft:spider_eye":1,"projectvibrantjourneys:cattail":1,"minecraft:bamboo":3,"minecraft:blue_orchid":24,"pointblank:hs12":1},"minecraft:killed":{"hordes:zombie_player":9,"alexsmobs:tiger":1,"alexsmobs:seagull":2,"minecraft:drowned":2,"minecraft:husk":4,"minecraft:pig":1,"minecraft:zombie_villager":4,"minecraft:wandering_trader":1,"minecraft:squid":2,"hordes:drowned_player":2,"minecraft:sheep":29,"minecraft:zombie":102,"minecraft:cow":7}},"DataVersion":3465}