{"stats":{"minecraft:custom":{"minecraft:time_since_rest":13977,"minecraft:sprint_one_cm":42596,"minecraft:damage_taken":793,"minecraft:walk_one_cm":57149,"minecraft:mob_kills":27,"minecraft:drop":4,"minecraft:damage_dealt":2745,"minecraft:swim_one_cm":6388,"minecraft:interact_with_crafting_table":6,"minecraft:fly_one_cm":124646,"minecraft:crouch_one_cm":5557,"minecraft:play_time":19150,"minecraft:deaths":1,"minecraft:sneak_time":1230,"minecraft:walk_under_water_one_cm":1249,"minecraft:jump":423,"minecraft:damage_dealt_resisted":420,"minecraft:time_since_death":13952,"minecraft:walk_on_water_one_cm":1752,"minecraft:total_world_time":19150,"minecraft:climb_one_cm":78,"minecraft:fall_one_cm":11993},"minecraft:killed_by":{"minecraft:zombie":1},"minecraft:dropped":{"alexsmobs:maggot":1,"minecraft:wooden_axe":2,"minecraft:wooden_pickaxe":1},"minecraft:crafted":{"minecraft:crafting_table":2,"minecraft:spruce_planks":44,"minecraft:stick":12,"minecraft:wooden_pickaxe":1,"minecraft:stone_pickaxe":1,"minecraft:wooden_axe":2,"minecraft:torch":4,"minecraft:stone_axe":1},"minecraft:killed":{"minecraft:zombie":17,"minecraft:zombie_villager":1,"minecraft:chicken":3,"alexsmobs:raccoon":2,"alexsmobs:seal":3,"alexsmobs:fly":1},"minecraft:picked_up":{"minecraft:raw_iron":3,"minecraft:stick":1,"minecraft:crafting_table":2,"minecraft:feather":5,"minecraft:chicken":3,"psg:raw_potassium":5,"projectvibrantjourneys:bark_mushroom":1,"psg:sulphur":36,"pointblank:gunmetal_nugget":26,"minecraft:spruce_log":11,"minecraft:string":1,"minecraft:rotten_flesh":16,"minecraft:slime_ball":1,"minecraft:wheat_seeds":1,"alexsmobs:maggot":1,"projectvibrantjourneys:orange_bark_mushroom":2,"minecraft:coal":20,"minecraft:cobblestone":16,"minecraft:egg":4},"minecraft:mined":{"minecraft:large_fern":1,"minecraft:iron_ore":3,"minecraft:spruce_log":11,"psg:sulphur_ore":9,"minecraft:crafting_table":2,"minecraft:coal_ore":20,"projectvibrantjourneys:short_grass":7,"minecraft:spruce_leaves":6,"minecraft:stone":16,"minecraft:fern":1},"minecraft:used":{"minecraft:wooden_axe":28,"minecraft:bread":9,"minecraft:stone_pickaxe":47,"minecraft:wooden_pickaxe":10,"minecraft:stone_axe":21,"minecraft:crafting_table":3}},"DataVersion":3465}