{"stats":{"minecraft:custom":{"minecraft:mob_kills":107,"minecraft:interact_with_crafting_table":48,"minecraft:damage_dealt_resisted":865,"minecraft:leave_game":2,"minecraft:time_since_death":4195,"minecraft:climb_one_cm":7178,"minecraft:sprint_one_cm":274833,"minecraft:walk_one_cm":345886,"minecraft:drop":70,"minecraft:damage_dealt_absorbed":78,"minecraft:play_time":162817,"minecraft:sneak_time":4884,"minecraft:deaths":6,"minecraft:walk_under_water_one_cm":32067,"minecraft:boat_one_cm":38520,"minecraft:jump":3082,"minecraft:walk_on_water_one_cm":27107,"minecraft:total_world_time":162817,"minecraft:interact_with_furnace":82,"minecraft:sleep_in_bed":4,"minecraft:time_since_rest":4222,"minecraft:damage_taken":3391,"minecraft:damage_dealt":15421,"minecraft:swim_one_cm":84568,"minecraft:player_kills":3,"minecraft:fly_one_cm":561755,"minecraft:open_chest":2,"minecraft:crouch_one_cm":11829,"minecraft:fall_one_cm":74571},"minecraft:killed_by":{"minecraft:player":1,"minecraft:zombie":1,"alexsmobs:grizzly_bear":1},"minecraft:dropped":{"sophisticatedbackpacks:iron_backpack":1,"minecraft:enchanted_book":1,"minecraft:wheat_seeds":1,"minecraft:ender_pearl":1,"ecologics:coconut_slice":2,"minecraft:poisonous_potato":1,"minecraft:feather":6,"minecraft:cobblestone":6,"minecraft:leather":1,"minecraft:spruce_door":3,"minecraft:tropical_fish":12,"projectvibrantjourneys:orange_bark_mushroom":2,"minecraft:flint":1,"minecraft:dirt":6,"projectvibrantjourneys:fallen_leaves":1,"minecraft:wooden_axe":2,"farm_and_charm:onion":34,"minecraft:string":2,"projectvibrantjourneys:bark_mushroom":3,"minecraft:spruce_sapling":1,"minecraft:bone":7,"minecraft:gravel":1,"minecraft:moss_carpet":1,"alexsmobs:maggot":1,"minecraft:coarse_dirt":1,"alexsmobs:animal_dictionary":1,"minecraft:tuff":2,"minecraft:clay_ball":16,"psg:raw_potassium":5,"pointblank:gunmetal_nugget":4,"minecraft:gunpowder":5,"minecraft:leather_boots":1,"immersive_melodies:didgeridoo":1,"minecraft:slime_ball":1,"minecraft:wooden_pickaxe":1,"minecraft:beef":4,"minecraft:stone_pickaxe":1,"minecraft:egg":4},"minecraft:crafted":{"minecraft:oak_planks":32,"minecraft:cooked_chicken":3,"minecraft:furnace":4,"minecraft:cooked_mutton":7,"minecraft:iron_boots":1,"sophisticatedbackpacks:copper_backpack":1,"minecraft:iron_axe":1,"minecraft:ladder":33,"minecraft:stone_pickaxe":1,"minecraft:spruce_boat":1,"sophisticatedbackpacks:iron_backpack":1,"immersive_melodies:didgeridoo":1,"minecraft:cooked_porkchop":38,"minecraft:crafting_table":4,"minecraft:spruce_planks":124,"minecraft:wooden_pickaxe":1,"minecraft:iron_sword":1,"minecraft:spruce_door":3,"better_mob_food:cooked_flesh":14,"immersive_melodies:lute":1,"minecraft:bucket":2,"minecraft:birch_planks":28,"minecraft:stone_axe":1,"minecraft:air":0,"minecraft:iron_chestplate":1,"minecraft:diamond_pickaxe":1,"minecraft:shield":1,"minecraft:stick":92,"minecraft:iron_ingot":43,"minecraft:iron_pickaxe":1,"minecraft:wooden_axe":2,"minecraft:iron_leggings":1,"minecraft:torch":4},"minecraft:broken":{"minecraft:stone_axe":1,"minecraft:iron_pickaxe":1},"minecraft:killed":{"hordes:zombie_player":6,"alexsmobs:raccoon":2,"alexsmobs:snow_leopard":1,"minecraft:chicken":4,"minecraft:drowned":2,"minecraft:tropical_fish":4,"minecraft:pig":19,"minecraft:zombie_villager":1,"alexsmobs:seal":3,"minecraft:sheep":4,"minecraft:zombie":56,"alexsmobs:fly":1,"alexsmobs:crow":1,"minecraft:cow":3},"minecraft:picked_up":{"minecraft:crafting_table":16,"minecraft:coarse_dirt":7,"minecraft:chicken":4,"minecraft:clay_ball":28,"minecraft:string":5,"minecraft:moss_carpet":1,"minecraft:cobbled_deepslate":48,"minecraft:spruce_planks":2,"minecraft:beef":9,"minecraft:calcite":25,"minecraft:sugar_cane":5,"minecraft:furnace":12,"minecraft:egg":5,"minecraft:stick":7,"minecraft:raw_iron":53,"ecologics:coconut_slice":2,"minecraft:copper_ingot":8,"projectvibrantjourneys:bark_mushroom":4,"minecraft:torch":5,"sophisticatedbackpacks:backpack":2,"minecraft:porkchop":42,"pointblank:gunmetal_nugget":87,"psg:sulphur":64,"minecraft:rotten_flesh":54,"minecraft:tropical_fish":12,"create:asurine":1,"minecraft:glow_berries":27,"minecraft:mutton":7,"minecraft:cobblestone":223,"minecraft:birch_log":7,"minecraft:feather":8,"minecraft:andesite":20,"projectvibrantjourneys:fallen_leaves":1,"minecraft:leather":4,"minecraft:oak_log":8,"minecraft:flint":1,"overworld_netherite_ore:ancientdebrispiece":3,"minecraft:tuff":3,"create:raw_zinc":3,"minecraft:gunpowder":8,"minecraft:lapis_lazuli":24,"farm_and_charm:onion":34,"minecraft:dirt":7,"minecraft:bone":9,"minecraft:apple":1,"minecraft:wheat_seeds":1,"minecraft:raw_gold":9,"minecraft:moss_block":5,"minecraft:flowering_azalea":1,"psg:raw_potassium":10,"minecraft:poisonous_potato":1,"minecraft:gravel":1,"minecraft:amethyst_shard":35,"minecraft:spruce_sapling":1,"sophisticatedbackpacks:iron_backpack":1,"minecraft:white_bed":5,"minecraft:spruce_log":31,"minecraft:spruce_door":12,"minecraft:slime_ball":1,"minecraft:diamond":8,"minecraft:spruce_boat":1,"minecraft:oak_sapling":2,"alexsmobs:maggot":1,"projectvibrantjourneys:orange_bark_mushroom":2,"minecraft:coal":122,"minecraft:ender_pearl":2},"minecraft:mined":{"create:zinc_ore":1,"minecraft:large_amethyst_bud":1,"create:deepslate_zinc_ore":2,"minecraft:tuff":2,"minecraft:spruce_planks":3,"minecraft:white_bed":5,"minecraft:deepslate_diamond_ore":8,"psg:sulphur_ore":11,"minecraft:cave_vines_plant":18,"minecraft:grass_block":2,"minecraft:spruce_leaves":9,"minecraft:moss_block":7,"beachparty:seashell_block":1,"minecraft:large_fern":4,"minecraft:tall_seagrass":1,"minecraft:furnace":12,"minecraft:iron_ore":50,"minecraft:andesite":20,"projectvibrantjourneys:bark_mushroom":1,"minecraft:moss_carpet":2,"minecraft:deepslate_lapis_ore":1,"create:asurine":2,"minecraft:cave_vines":33,"minecraft:deepslate_iron_ore":7,"minecraft:stone":210,"minecraft:deepslate_redstone_ore":4,"minecraft:flowering_azalea":1,"minecraft:amethyst_cluster":4,"minecraft:spruce_door":11,"psg:deepslate_sulphur_ore":3,"minecraft:clay":18,"minecraft:crafting_table":18,"minecraft:torch":5,"minecraft:calcite":35,"projectvibrantjourneys:natural_cobweb":1,"minecraft:tall_grass":6,"minecraft:cobblestone":8,"minecraft:deepslate_gold_ore":4,"minecraft:lapis_ore":3,"projectvibrantjourneys:fallen_leaves":1,"minecraft:sugar_cane":7,"minecraft:wall_torch":2,"minecraft:amethyst_block":4,"minecraft:coarse_dirt":7,"farm_and_charm:wild_onions":11,"minecraft:birch_log":7,"projectvibrantjourneys:bones":4,"minecraft:spruce_log":30,"minecraft:mangrove_leaves":4,"minecraft:oak_log":8,"minecraft:coal_ore":50,"projectvibrantjourneys:short_grass":10,"minecraft:gravel":16,"minecraft:sand":1,"minecraft:dirt":5,"minecraft:gold_ore":5,"minecraft:oak_leaves":9,"minecraft:deepslate":48,"minecraft:fern":2},"minecraft:used":{"minecraft:moss_block":17,"minecraft:ladder":33,"minecraft:spruce_planks":27,"minecraft:iron_sword":195,"minecraft:cooked_chicken":3,"minecraft:rotten_flesh":5,"minecraft:iron_chestplate":1,"minecraft:torch":9,"minecraft:tuff":1,"minecraft:axolotl_bucket":10,"minecraft:spruce_boat":1,"minecraft:wooden_axe":28,"minecraft:flowering_azalea":1,"minecraft:lava_bucket":2,"minecraft:iron_axe":62,"better_mob_food:cooked_flesh":14,"minecraft:furnace":16,"minecraft:cobbled_deepslate":48,"minecraft:iron_leggings":1,"minecraft:calcite":25,"minecraft:cooked_mutton":6,"minecraft:water_bucket":4,"minecraft:spruce_door":12,"minecraft:birch_planks":28,"minecraft:stone_pickaxe":86,"minecraft:wooden_pickaxe":10,"minecraft:glow_berries":37,"minecraft:crafting_table":17,"minecraft:white_bed":4,"minecraft:diamond_pickaxe":196,"minecraft:bread":9,"minecraft:iron_pickaxe":251,"minecraft:stone_axe":75,"minecraft:cobblestone":100,"minecraft:cooked_porkchop":3,"minecraft:andesite":11,"minecraft:bucket":19,"minecraft:tropical_fish_bucket":1}},"DataVersion":3465}