{"stats":{"minecraft:custom":{"minecraft:interact_with_furnace":22,"minecraft:mob_kills":36,"minecraft:interact_with_crafting_table":15,"minecraft:damage_dealt_resisted":420,"minecraft:time_since_death":37952,"minecraft:climb_one_cm":78,"minecraft:time_since_rest":37977,"minecraft:sprint_one_cm":76624,"minecraft:damage_taken":982,"minecraft:walk_one_cm":118456,"minecraft:drop":11,"minecraft:damage_dealt":3764,"minecraft:swim_one_cm":6388,"minecraft:fly_one_cm":151565,"minecraft:open_chest":2,"minecraft:crouch_one_cm":9238,"minecraft:play_time":43150,"minecraft:deaths":1,"minecraft:sneak_time":2494,"minecraft:walk_under_water_one_cm":4713,"minecraft:jump":717,"minecraft:walk_on_water_one_cm":12201,"minecraft:total_world_time":43150,"minecraft:fall_one_cm":16623},"minecraft:killed_by":{"minecraft:zombie":1},"minecraft:dropped":{"minecraft:gravel":1,"minecraft:moss_carpet":1,"alexsmobs:maggot":1,"minecraft:wheat_seeds":1,"minecraft:flint":1,"minecraft:wooden_axe":2,"minecraft:stone_pickaxe":1,"minecraft:wooden_pickaxe":1,"minecraft:string":1,"projectvibrantjourneys:bark_mushroom":1},"minecraft:crafted":{"minecraft:crafting_table":3,"minecraft:spruce_planks":44,"minecraft:wooden_pickaxe":1,"minecraft:cooked_chicken":3,"minecraft:iron_sword":1,"minecraft:furnace":1,"minecraft:bucket":1,"minecraft:stone_axe":1,"minecraft:air":0,"minecraft:iron_chestplate":1,"minecraft:shield":1,"minecraft:stick":16,"minecraft:iron_ingot":19,"minecraft:iron_pickaxe":1,"minecraft:stone_pickaxe":1,"minecraft:wooden_axe":2,"minecraft:torch":4},"minecraft:killed":{"minecraft:zombie_villager":1,"alexsmobs:raccoon":2,"alexsmobs:seal":3,"minecraft:zombie":22,"minecraft:chicken":3,"alexsmobs:fly":1,"minecraft:tropical_fish":4},"minecraft:picked_up":{"minecraft:crafting_table":5,"minecraft:feather":5,"minecraft:chicken":3,"minecraft:flint":1,"overworld_netherite_ore:ancientdebrispiece":3,"create:raw_zinc":3,"minecraft:lapis_lazuli":24,"minecraft:string":1,"minecraft:moss_carpet":1,"minecraft:bone":4,"minecraft:wheat_seeds":1,"minecraft:cobbled_deepslate":18,"minecraft:moss_block":5,"minecraft:flowering_azalea":1,"minecraft:egg":4,"minecraft:furnace":2,"minecraft:stick":1,"minecraft:raw_iron":11,"psg:raw_potassium":5,"projectvibrantjourneys:bark_mushroom":1,"minecraft:torch":2,"minecraft:gravel":1,"pointblank:gunmetal_nugget":32,"psg:sulphur":59,"minecraft:spruce_log":11,"minecraft:rotten_flesh":19,"minecraft:slime_ball":1,"minecraft:diamond":8,"minecraft:tropical_fish":6,"alexsmobs:maggot":1,"projectvibrantjourneys:orange_bark_mushroom":2,"minecraft:glow_berries":24,"minecraft:coal":60,"minecraft:cobblestone":33},"minecraft:mined":{"create:zinc_ore":1,"minecraft:deepslate_redstone_ore":4,"create:deepslate_zinc_ore":2,"minecraft:flowering_azalea":1,"minecraft:deepslate_diamond_ore":8,"psg:deepslate_sulphur_ore":3,"minecraft:cave_vines_plant":18,"psg:sulphur_ore":9,"minecraft:crafting_table":6,"minecraft:torch":2,"minecraft:tall_grass":6,"minecraft:spruce_leaves":6,"minecraft:lapis_ore":3,"minecraft:moss_block":7,"minecraft:large_fern":1,"minecraft:furnace":2,"minecraft:iron_ore":8,"minecraft:spruce_log":11,"projectvibrantjourneys:bones":4,"minecraft:moss_carpet":1,"minecraft:deepslate_lapis_ore":1,"minecraft:cave_vines":29,"minecraft:coal_ore":25,"projectvibrantjourneys:short_grass":7,"minecraft:deepslate_iron_ore":6,"minecraft:gravel":6,"minecraft:stone":33,"minecraft:deepslate":18,"minecraft:fern":1},"minecraft:used":{"minecraft:water_bucket":3,"minecraft:stone_pickaxe":86,"minecraft:wooden_pickaxe":10,"minecraft:iron_sword":16,"minecraft:cooked_chicken":3,"minecraft:rotten_flesh":5,"minecraft:iron_chestplate":1,"minecraft:torch":2,"minecraft:crafting_table":8,"minecraft:axolotl_bucket":8,"minecraft:wooden_axe":28,"minecraft:flowering_azalea":1,"minecraft:bread":9,"minecraft:iron_pickaxe":48,"minecraft:stone_axe":31,"minecraft:cobblestone":11,"minecraft:furnace":3,"minecraft:bucket":13,"minecraft:tropical_fish_bucket":1}},"DataVersion":3465}