{"stats":{"minecraft:custom":{"minecraft:interact_with_furnace":26,"minecraft:mob_kills":52,"minecraft:interact_with_crafting_table":18,"minecraft:damage_dealt_resisted":755,"minecraft:leave_game":1,"minecraft:time_since_death":85810,"minecraft:climb_one_cm":828,"minecraft:time_since_rest":85835,"minecraft:sprint_one_cm":138473,"minecraft:damage_taken":1194,"minecraft:walk_one_cm":174418,"minecraft:drop":23,"minecraft:damage_dealt":6991,"minecraft:swim_one_cm":6432,"minecraft:fly_one_cm":271638,"minecraft:open_chest":2,"minecraft:crouch_one_cm":10092,"minecraft:play_time":91008,"minecraft:sneak_time":3524,"minecraft:deaths":1,"minecraft:walk_under_water_one_cm":18400,"minecraft:jump":1460,"minecraft:walk_on_water_one_cm":17219,"minecraft:total_world_time":91008,"minecraft:fall_one_cm":30175},"minecraft:killed_by":{"minecraft:zombie":1},"minecraft:dropped":{"minecraft:enchanted_book":1,"minecraft:gravel":1,"minecraft:moss_carpet":1,"alexsmobs:maggot":1,"minecraft:wheat_seeds":1,"alexsmobs:animal_dictionary":1,"psg:raw_potassium":5,"minecraft:tropical_fish":12,"projectvibrantjourneys:orange_bark_mushroom":2,"minecraft:flint":1,"minecraft:dirt":3,"minecraft:wooden_axe":2,"farm_and_charm:onion":34,"minecraft:slime_ball":1,"minecraft:wooden_pickaxe":1,"minecraft:stone_pickaxe":1,"minecraft:string":1,"projectvibrantjourneys:bark_mushroom":1,"minecraft:spruce_sapling":1,"minecraft:bone":4,"minecraft:egg":4},"minecraft:crafted":{"minecraft:crafting_table":3,"minecraft:spruce_planks":44,"minecraft:cooked_chicken":3,"minecraft:wooden_pickaxe":1,"minecraft:iron_sword":1,"better_mob_food:cooked_flesh":14,"minecraft:furnace":1,"immersive_melodies:lute":1,"minecraft:bucket":1,"minecraft:stone_axe":1,"minecraft:air":0,"minecraft:iron_chestplate":1,"minecraft:shield":1,"minecraft:stick":16,"minecraft:iron_ingot":19,"minecraft:iron_pickaxe":1,"minecraft:stone_pickaxe":1,"minecraft:wooden_axe":2,"minecraft:torch":4},"minecraft:killed":{"minecraft:pig":4,"hordes:zombie_player":1,"minecraft:zombie_villager":1,"alexsmobs:raccoon":2,"alexsmobs:seal":3,"alexsmobs:snow_leopard":1,"minecraft:zombie":32,"minecraft:chicken":3,"alexsmobs:fly":1,"minecraft:tropical_fish":4},"minecraft:picked_up":{"minecraft:crafting_table":7,"minecraft:feather":6,"minecraft:chicken":3,"minecraft:clay_ball":16,"projectvibrantjourneys:fallen_leaves":1,"minecraft:flint":1,"overworld_netherite_ore:ancientdebrispiece":3,"create:raw_zinc":3,"farm_and_charm:onion":34,"minecraft:lapis_lazuli":24,"minecraft:dirt":3,"minecraft:string":3,"minecraft:moss_carpet":1,"minecraft:bone":4,"minecraft:wheat_seeds":1,"minecraft:cobbled_deepslate":48,"minecraft:moss_block":5,"minecraft:flowering_azalea":1,"minecraft:furnace":3,"minecraft:egg":4,"minecraft:stick":5,"minecraft:raw_iron":31,"psg:raw_potassium":10,"projectvibrantjourneys:bark_mushroom":1,"minecraft:torch":3,"minecraft:porkchop":9,"minecraft:gravel":1,"pointblank:gunmetal_nugget":47,"psg:sulphur":59,"minecraft:amethyst_shard":16,"minecraft:spruce_sapling":1,"minecraft:spruce_log":18,"minecraft:rotten_flesh":25,"minecraft:slime_ball":1,"minecraft:diamond":8,"minecraft:tropical_fish":12,"alexsmobs:maggot":1,"projectvibrantjourneys:orange_bark_mushroom":2,"minecraft:glow_berries":27,"minecraft:coal":91,"minecraft:cobblestone":93,"minecraft:ender_pearl":1},"minecraft:mined":{"create:zinc_ore":1,"minecraft:deepslate_redstone_ore":4,"minecraft:large_amethyst_bud":1,"create:deepslate_zinc_ore":2,"minecraft:flowering_azalea":1,"minecraft:deepslate_diamond_ore":8,"minecraft:amethyst_cluster":4,"minecraft:cave_vines_plant":18,"minecraft:clay":15,"psg:deepslate_sulphur_ore":3,"psg:sulphur_ore":9,"minecraft:crafting_table":8,"minecraft:torch":3,"minecraft:grass_block":1,"minecraft:calcite":3,"projectvibrantjourneys:natural_cobweb":1,"minecraft:tall_grass":6,"minecraft:cobblestone":3,"minecraft:spruce_leaves":9,"minecraft:lapis_ore":3,"projectvibrantjourneys:fallen_leaves":1,"minecraft:moss_block":7,"minecraft:amethyst_block":4,"minecraft:large_fern":1,"minecraft:furnace":3,"farm_and_charm:wild_onions":6,"minecraft:iron_ore":28,"minecraft:spruce_log":18,"projectvibrantjourneys:bones":4,"minecraft:moss_carpet":2,"minecraft:mangrove_leaves":4,"minecraft:deepslate_lapis_ore":1,"minecraft:coal_ore":40,"minecraft:cave_vines":33,"minecraft:deepslate_iron_ore":6,"projectvibrantjourneys:short_grass":7,"minecraft:gravel":6,"minecraft:dirt":2,"minecraft:stone":90,"minecraft:deepslate":48,"minecraft:fern":1},"minecraft:used":{"minecraft:moss_block":17,"minecraft:water_bucket":3,"minecraft:stone_pickaxe":86,"minecraft:wooden_pickaxe":10,"minecraft:iron_sword":65,"minecraft:cooked_chicken":3,"minecraft:rotten_flesh":5,"minecraft:iron_chestplate":1,"minecraft:torch":3,"minecraft:glow_berries":37,"minecraft:crafting_table":9,"minecraft:axolotl_bucket":9,"minecraft:wooden_axe":28,"minecraft:flowering_azalea":1,"minecraft:bread":9,"minecraft:iron_pickaxe":204,"better_mob_food:cooked_flesh":4,"minecraft:stone_axe":47,"minecraft:cobblestone":59,"minecraft:furnace":3,"minecraft:bucket":14,"minecraft:tropical_fish_bucket":1,"minecraft:cobbled_deepslate":48}},"DataVersion":3465}