{"stats":{"minecraft:custom":{"minecraft:interact_with_furnace":26,"minecraft:mob_kills":38,"minecraft:interact_with_crafting_table":18,"minecraft:damage_dealt_resisted":755,"minecraft:time_since_death":61952,"minecraft:climb_one_cm":78,"minecraft:time_since_rest":61977,"minecraft:sprint_one_cm":80016,"minecraft:damage_taken":982,"minecraft:walk_one_cm":132792,"minecraft:drop":15,"minecraft:damage_dealt":4445,"minecraft:swim_one_cm":6388,"minecraft:fly_one_cm":152839,"minecraft:open_chest":2,"minecraft:crouch_one_cm":9749,"minecraft:play_time":67150,"minecraft:deaths":1,"minecraft:sneak_time":2908,"minecraft:walk_under_water_one_cm":6786,"minecraft:jump":850,"minecraft:walk_on_water_one_cm":13261,"minecraft:total_world_time":67150,"minecraft:fall_one_cm":16623},"minecraft:killed_by":{"minecraft:zombie":1},"minecraft:dropped":{"minecraft:gravel":1,"minecraft:moss_carpet":1,"alexsmobs:maggot":1,"minecraft:wheat_seeds":1,"projectvibrantjourneys:orange_bark_mushroom":2,"minecraft:flint":1,"minecraft:wooden_axe":2,"minecraft:slime_ball":1,"minecraft:stone_pickaxe":1,"minecraft:wooden_pickaxe":1,"minecraft:string":1,"projectvibrantjourneys:bark_mushroom":1,"minecraft:bone":4,"minecraft:egg":4},"minecraft:crafted":{"minecraft:crafting_table":3,"minecraft:spruce_planks":44,"minecraft:wooden_pickaxe":1,"minecraft:cooked_chicken":3,"minecraft:iron_sword":1,"better_mob_food:cooked_flesh":14,"minecraft:furnace":1,"immersive_melodies:lute":1,"minecraft:bucket":1,"minecraft:stone_axe":1,"minecraft:air":0,"minecraft:iron_chestplate":1,"minecraft:shield":1,"minecraft:stick":16,"minecraft:iron_ingot":19,"minecraft:iron_pickaxe":1,"minecraft:stone_pickaxe":1,"minecraft:wooden_axe":2,"minecraft:torch":4},"minecraft:killed":{"minecraft:zombie_villager":1,"alexsmobs:raccoon":2,"alexsmobs:seal":3,"minecraft:zombie":24,"minecraft:chicken":3,"alexsmobs:fly":1,"minecraft:tropical_fish":4},"minecraft:picked_up":{"minecraft:crafting_table":7,"minecraft:feather":5,"minecraft:chicken":3,"minecraft:clay_ball":16,"minecraft:flint":1,"overworld_netherite_ore:ancientdebrispiece":3,"create:raw_zinc":3,"minecraft:lapis_lazuli":24,"minecraft:string":2,"minecraft:moss_carpet":1,"minecraft:bone":4,"minecraft:wheat_seeds":1,"minecraft:cobbled_deepslate":48,"minecraft:moss_block":5,"minecraft:flowering_azalea":1,"minecraft:egg":4,"minecraft:furnace":3,"minecraft:stick":1,"minecraft:raw_iron":31,"psg:raw_potassium":5,"projectvibrantjourneys:bark_mushroom":1,"minecraft:torch":2,"minecraft:gravel":1,"pointblank:gunmetal_nugget":38,"psg:sulphur":59,"minecraft:amethyst_shard":16,"minecraft:spruce_log":11,"minecraft:rotten_flesh":20,"minecraft:slime_ball":1,"minecraft:diamond":8,"minecraft:tropical_fish":6,"alexsmobs:maggot":1,"projectvibrantjourneys:orange_bark_mushroom":2,"minecraft:glow_berries":24,"minecraft:coal":91,"minecraft:cobblestone":69,"minecraft:ender_pearl":1},"minecraft:mined":{"create:zinc_ore":1,"minecraft:large_amethyst_bud":1,"minecraft:deepslate_redstone_ore":4,"create:deepslate_zinc_ore":2,"minecraft:flowering_azalea":1,"minecraft:deepslate_diamond_ore":8,"minecraft:amethyst_cluster":4,"minecraft:clay":15,"psg:deepslate_sulphur_ore":3,"minecraft:cave_vines_plant":18,"psg:sulphur_ore":9,"minecraft:crafting_table":8,"minecraft:torch":2,"minecraft:calcite":3,"minecraft:tall_grass":6,"minecraft:cobblestone":3,"minecraft:spruce_leaves":6,"minecraft:lapis_ore":3,"minecraft:moss_block":7,"minecraft:amethyst_block":4,"minecraft:large_fern":1,"minecraft:furnace":3,"minecraft:iron_ore":28,"minecraft:spruce_log":11,"projectvibrantjourneys:bones":4,"minecraft:moss_carpet":2,"minecraft:deepslate_lapis_ore":1,"minecraft:cave_vines":33,"minecraft:coal_ore":40,"projectvibrantjourneys:short_grass":7,"minecraft:deepslate_iron_ore":6,"minecraft:gravel":6,"minecraft:stone":66,"minecraft:deepslate":48,"minecraft:fern":1},"minecraft:used":{"minecraft:moss_block":17,"minecraft:water_bucket":3,"minecraft:stone_pickaxe":86,"minecraft:wooden_pickaxe":10,"minecraft:iron_sword":37,"minecraft:cooked_chicken":3,"minecraft:rotten_flesh":5,"minecraft:iron_chestplate":1,"minecraft:torch":2,"minecraft:glow_berries":12,"minecraft:crafting_table":9,"minecraft:axolotl_bucket":8,"minecraft:wooden_axe":28,"minecraft:flowering_azalea":1,"minecraft:bread":9,"minecraft:iron_pickaxe":177,"minecraft:stone_axe":33,"minecraft:cobblestone":16,"minecraft:furnace":3,"minecraft:bucket":13,"minecraft:tropical_fish_bucket":1,"minecraft:cobbled_deepslate":48}},"DataVersion":3465}