{"stats":{"minecraft:custom":{"minecraft:interact_with_furnace":22,"minecraft:mob_kills":30,"minecraft:interact_with_crafting_table":14,"minecraft:damage_dealt_resisted":420,"minecraft:time_since_death":25952,"minecraft:climb_one_cm":78,"minecraft:time_since_rest":25977,"minecraft:sprint_one_cm":58801,"minecraft:damage_taken":928,"minecraft:walk_one_cm":94090,"minecraft:drop":5,"minecraft:damage_dealt":3294,"minecraft:swim_one_cm":6388,"minecraft:fly_one_cm":142008,"minecraft:open_chest":2,"minecraft:crouch_one_cm":6948,"minecraft:play_time":31150,"minecraft:deaths":1,"minecraft:sneak_time":1803,"minecraft:walk_under_water_one_cm":4713,"minecraft:jump":599,"minecraft:walk_on_water_one_cm":4551,"minecraft:total_world_time":31150,"minecraft:fall_one_cm":14459},"minecraft:killed_by":{"minecraft:zombie":1},"minecraft:dropped":{"alexsmobs:maggot":1,"minecraft:wheat_seeds":1,"minecraft:wooden_axe":2,"minecraft:wooden_pickaxe":1},"minecraft:crafted":{"minecraft:crafting_table":2,"minecraft:spruce_planks":44,"minecraft:wooden_pickaxe":1,"minecraft:cooked_chicken":3,"minecraft:iron_sword":1,"minecraft:furnace":1,"minecraft:bucket":1,"minecraft:stone_axe":1,"minecraft:air":0,"minecraft:iron_chestplate":1,"minecraft:shield":1,"minecraft:stick":16,"minecraft:iron_ingot":19,"minecraft:iron_pickaxe":1,"minecraft:stone_pickaxe":1,"minecraft:wooden_axe":2,"minecraft:torch":4},"minecraft:killed":{"minecraft:zombie_villager":1,"alexsmobs:raccoon":2,"alexsmobs:seal":3,"minecraft:zombie":20,"minecraft:chicken":3,"alexsmobs:fly":1},"minecraft:picked_up":{"minecraft:crafting_table":5,"minecraft:feather":5,"minecraft:chicken":3,"create:raw_zinc":3,"minecraft:lapis_lazuli":24,"minecraft:string":1,"minecraft:moss_carpet":1,"minecraft:bone":2,"minecraft:wheat_seeds":1,"minecraft:moss_block":4,"minecraft:flowering_azalea":1,"minecraft:egg":4,"minecraft:furnace":2,"minecraft:stick":1,"minecraft:raw_iron":7,"psg:raw_potassium":5,"projectvibrantjourneys:bark_mushroom":1,"minecraft:torch":2,"pointblank:gunmetal_nugget":32,"psg:sulphur":41,"minecraft:spruce_log":11,"minecraft:rotten_flesh":19,"minecraft:slime_ball":1,"alexsmobs:maggot":1,"projectvibrantjourneys:orange_bark_mushroom":2,"minecraft:glow_berries":18,"minecraft:coal":60,"minecraft:cobblestone":33},"minecraft:mined":{"create:zinc_ore":1,"create:deepslate_zinc_ore":2,"minecraft:flowering_azalea":1,"minecraft:cave_vines_plant":11,"psg:sulphur_ore":9,"minecraft:crafting_table":6,"minecraft:torch":2,"minecraft:tall_grass":3,"minecraft:spruce_leaves":6,"minecraft:lapis_ore":3,"minecraft:moss_block":6,"minecraft:large_fern":1,"minecraft:furnace":2,"minecraft:iron_ore":6,"minecraft:spruce_log":11,"projectvibrantjourneys:bones":1,"minecraft:moss_carpet":1,"minecraft:deepslate_lapis_ore":1,"minecraft:cave_vines":21,"minecraft:coal_ore":25,"projectvibrantjourneys:short_grass":7,"minecraft:deepslate_iron_ore":1,"minecraft:stone":33,"minecraft:fern":1},"minecraft:used":{"minecraft:stone_pickaxe":86,"minecraft:wooden_pickaxe":10,"minecraft:iron_sword":4,"minecraft:cooked_chicken":2,"minecraft:rotten_flesh":5,"minecraft:iron_chestplate":1,"minecraft:torch":2,"minecraft:crafting_table":7,"minecraft:wooden_axe":28,"minecraft:flowering_azalea":1,"minecraft:bread":9,"minecraft:iron_pickaxe":5,"minecraft:stone_axe":31,"minecraft:furnace":2,"minecraft:bucket":1}},"DataVersion":3465}