{"stats":{"minecraft:custom":{"minecraft:mob_kills":91,"minecraft:interact_with_crafting_table":44,"minecraft:damage_dealt_resisted":821,"minecraft:leave_game":2,"minecraft:time_since_death":4414,"minecraft:climb_one_cm":828,"minecraft:sprint_one_cm":255124,"minecraft:walk_one_cm":277852,"minecraft:drop":59,"minecraft:damage_dealt_absorbed":78,"minecraft:play_time":138817,"minecraft:sneak_time":4453,"minecraft:deaths":3,"minecraft:walk_under_water_one_cm":22795,"minecraft:boat_one_cm":38520,"minecraft:jump":2673,"minecraft:walk_on_water_one_cm":19888,"minecraft:total_world_time":138817,"minecraft:interact_with_furnace":80,"minecraft:time_since_rest":4446,"minecraft:damage_taken":2556,"minecraft:damage_dealt":12572,"minecraft:swim_one_cm":13906,"minecraft:player_kills":2,"minecraft:fly_one_cm":528543,"minecraft:open_chest":2,"minecraft:crouch_one_cm":11677,"minecraft:fall_one_cm":63092},"minecraft:killed_by":{"minecraft:zombie":1,"alexsmobs:grizzly_bear":1},"minecraft:dropped":{"sophisticatedbackpacks:iron_backpack":1,"minecraft:enchanted_book":1,"minecraft:wheat_seeds":1,"minecraft:ender_pearl":1,"ecologics:coconut_slice":2,"minecraft:poisonous_potato":1,"minecraft:feather":6,"minecraft:cobblestone":6,"minecraft:leather":1,"minecraft:tropical_fish":12,"projectvibrantjourneys:orange_bark_mushroom":2,"minecraft:flint":1,"minecraft:dirt":6,"projectvibrantjourneys:fallen_leaves":1,"minecraft:wooden_axe":2,"farm_and_charm:onion":34,"minecraft:string":2,"projectvibrantjourneys:bark_mushroom":2,"minecraft:spruce_sapling":1,"minecraft:bone":5,"minecraft:gravel":1,"minecraft:moss_carpet":1,"alexsmobs:maggot":1,"minecraft:coarse_dirt":1,"alexsmobs:animal_dictionary":1,"minecraft:tuff":2,"minecraft:clay_ball":16,"psg:raw_potassium":5,"minecraft:gunpowder":4,"minecraft:leather_boots":1,"immersive_melodies:didgeridoo":1,"minecraft:slime_ball":1,"minecraft:wooden_pickaxe":1,"minecraft:beef":4,"minecraft:stone_pickaxe":1,"minecraft:egg":4},"minecraft:crafted":{"minecraft:cooked_chicken":3,"minecraft:furnace":4,"minecraft:cooked_mutton":7,"minecraft:iron_boots":1,"sophisticatedbackpacks:copper_backpack":1,"minecraft:iron_axe":1,"minecraft:stone_pickaxe":1,"minecraft:spruce_boat":1,"sophisticatedbackpacks:iron_backpack":1,"immersive_melodies:didgeridoo":1,"minecraft:cooked_porkchop":38,"minecraft:crafting_table":4,"minecraft:spruce_planks":96,"minecraft:wooden_pickaxe":1,"minecraft:iron_sword":1,"better_mob_food:cooked_flesh":14,"immersive_melodies:lute":1,"minecraft:bucket":2,"minecraft:stone_axe":1,"minecraft:air":0,"minecraft:iron_chestplate":1,"minecraft:diamond_pickaxe":1,"minecraft:shield":1,"minecraft:stick":16,"minecraft:iron_ingot":43,"minecraft:iron_pickaxe":1,"minecraft:wooden_axe":2,"minecraft:iron_leggings":1,"minecraft:torch":4},"minecraft:broken":{"minecraft:stone_axe":1,"minecraft:iron_pickaxe":1},"minecraft:killed":{"hordes:zombie_player":3,"alexsmobs:raccoon":2,"alexsmobs:snow_leopard":1,"minecraft:chicken":4,"minecraft:drowned":2,"minecraft:tropical_fish":4,"minecraft:pig":19,"minecraft:zombie_villager":1,"alexsmobs:seal":3,"minecraft:sheep":4,"minecraft:zombie":45,"alexsmobs:fly":1,"minecraft:cow":2},"minecraft:picked_up":{"minecraft:crafting_table":13,"minecraft:coarse_dirt":3,"minecraft:chicken":4,"minecraft:clay_ball":16,"minecraft:string":3,"minecraft:moss_carpet":1,"minecraft:cobbled_deepslate":48,"minecraft:beef":6,"minecraft:calcite":25,"minecraft:sugar_cane":5,"minecraft:furnace":8,"minecraft:egg":5,"minecraft:stick":5,"minecraft:raw_iron":31,"ecologics:coconut_slice":2,"minecraft:copper_ingot":8,"projectvibrantjourneys:bark_mushroom":4,"minecraft:torch":5,"sophisticatedbackpacks:backpack":2,"minecraft:porkchop":42,"pointblank:gunmetal_nugget":74,"psg:sulphur":59,"minecraft:rotten_flesh":47,"minecraft:tropical_fish":12,"minecraft:glow_berries":27,"minecraft:mutton":7,"minecraft:cobblestone":154,"minecraft:feather":8,"projectvibrantjourneys:fallen_leaves":1,"minecraft:leather":4,"minecraft:flint":1,"overworld_netherite_ore:ancientdebrispiece":3,"minecraft:tuff":3,"create:raw_zinc":3,"minecraft:gunpowder":6,"minecraft:lapis_lazuli":24,"farm_and_charm:onion":34,"minecraft:dirt":7,"minecraft:bone":5,"minecraft:wheat_seeds":1,"minecraft:moss_block":5,"minecraft:flowering_azalea":1,"psg:raw_potassium":10,"minecraft:poisonous_potato":1,"minecraft:gravel":1,"minecraft:amethyst_shard":35,"minecraft:spruce_sapling":1,"sophisticatedbackpacks:iron_backpack":1,"minecraft:white_bed":2,"minecraft:spruce_log":24,"minecraft:slime_ball":1,"minecraft:diamond":8,"minecraft:spruce_boat":1,"alexsmobs:maggot":1,"projectvibrantjourneys:orange_bark_mushroom":2,"minecraft:coal":112,"minecraft:ender_pearl":2},"minecraft:mined":{"create:zinc_ore":1,"minecraft:large_amethyst_bud":1,"create:deepslate_zinc_ore":2,"minecraft:tuff":2,"minecraft:spruce_planks":1,"minecraft:white_bed":2,"minecraft:deepslate_diamond_ore":8,"psg:sulphur_ore":9,"minecraft:cave_vines_plant":18,"minecraft:grass_block":2,"minecraft:spruce_leaves":9,"minecraft:moss_block":7,"beachparty:seashell_block":1,"minecraft:large_fern":4,"minecraft:tall_seagrass":1,"minecraft:furnace":8,"minecraft:iron_ore":28,"projectvibrantjourneys:bark_mushroom":1,"minecraft:moss_carpet":2,"minecraft:deepslate_lapis_ore":1,"minecraft:cave_vines":33,"minecraft:deepslate_iron_ore":6,"minecraft:stone":145,"minecraft:deepslate_redstone_ore":4,"minecraft:flowering_azalea":1,"minecraft:amethyst_cluster":4,"psg:deepslate_sulphur_ore":3,"minecraft:clay":15,"minecraft:crafting_table":15,"minecraft:torch":5,"minecraft:calcite":34,"projectvibrantjourneys:natural_cobweb":1,"minecraft:tall_grass":6,"minecraft:cobblestone":3,"minecraft:lapis_ore":3,"projectvibrantjourneys:fallen_leaves":1,"minecraft:sugar_cane":7,"minecraft:amethyst_block":4,"minecraft:coarse_dirt":3,"farm_and_charm:wild_onions":11,"projectvibrantjourneys:bones":4,"minecraft:spruce_log":23,"minecraft:mangrove_leaves":4,"minecraft:coal_ore":40,"projectvibrantjourneys:short_grass":10,"minecraft:gravel":6,"minecraft:sand":1,"minecraft:dirt":5,"minecraft:deepslate":48,"minecraft:fern":2},"minecraft:used":{"minecraft:moss_block":17,"minecraft:spruce_planks":25,"minecraft:iron_sword":131,"minecraft:cooked_chicken":3,"minecraft:rotten_flesh":5,"minecraft:iron_chestplate":1,"minecraft:torch":7,"minecraft:tuff":1,"minecraft:axolotl_bucket":9,"minecraft:spruce_boat":1,"minecraft:wooden_axe":28,"minecraft:flowering_azalea":1,"minecraft:lava_bucket":1,"minecraft:iron_axe":15,"better_mob_food:cooked_flesh":14,"minecraft:furnace":8,"minecraft:cobbled_deepslate":48,"minecraft:iron_leggings":1,"minecraft:calcite":25,"minecraft:cooked_mutton":6,"minecraft:water_bucket":3,"minecraft:stone_pickaxe":86,"minecraft:wooden_pickaxe":10,"minecraft:glow_berries":37,"minecraft:crafting_table":15,"minecraft:white_bed":1,"minecraft:diamond_pickaxe":49,"minecraft:bread":9,"minecraft:iron_pickaxe":251,"minecraft:stone_axe":75,"minecraft:cobblestone":73,"minecraft:cooked_porkchop":2,"minecraft:bucket":16,"minecraft:tropical_fish_bucket":1}},"DataVersion":3465}