{"stats":{"minecraft:custom":{"minecraft:mob_kills":180,"minecraft:interact_with_crafting_table":83,"minecraft:damage_dealt_resisted":869,"minecraft:leave_game":4,"minecraft:time_since_death":2090,"minecraft:climb_one_cm":44370,"minecraft:sprint_one_cm":436650,"minecraft:walk_one_cm":537135,"minecraft:drop":103,"minecraft:damage_dealt_absorbed":78,"minecraft:play_time":245710,"minecraft:sneak_time":8974,"minecraft:deaths":10,"minecraft:walk_under_water_one_cm":32335,"minecraft:boat_one_cm":38520,"minecraft:jump":4727,"minecraft:walk_on_water_one_cm":31977,"minecraft:total_world_time":245710,"minecraft:interact_with_furnace":107,"minecraft:sleep_in_bed":7,"minecraft:time_since_rest":2120,"minecraft:damage_taken":5521,"minecraft:damage_dealt":29613,"minecraft:player_kills":6,"minecraft:swim_one_cm":84568,"minecraft:fly_one_cm":770155,"minecraft:open_chest":36,"minecraft:crouch_one_cm":21849,"minecraft:fall_one_cm":108180},"minecraft:killed_by":{"minecraft:player":2,"hordes:zombie_player":1,"minecraft:zombie":2,"alexsmobs:grizzly_bear":1},"minecraft:dropped":{"sophisticatedbackpacks:iron_backpack":1,"minecraft:enchanted_book":1,"minecraft:wheat_seeds":3,"minecraft:glow_ink_sac":2,"minecraft:ender_pearl":1,"ecologics:coconut_slice":2,"minecraft:poisonous_potato":1,"minecraft:feather":8,"minecraft:cobblestone":6,"immersive_melodies:lute":1,"minecraft:leather":1,"minecraft:spruce_door":3,"minecraft:tropical_fish":12,"projectvibrantjourneys:orange_bark_mushroom":2,"minecraft:flint":2,"minecraft:stick":2,"minecraft:dirt":6,"minecraft:torch":1,"projectvibrantjourneys:fallen_leaves":1,"minecraft:wooden_axe":2,"farm_and_charm:onion":34,"minecraft:string":2,"projectvibrantjourneys:bark_mushroom":3,"minecraft:spruce_sapling":15,"minecraft:dandelion":2,"minecraft:bone":7,"minecraft:gravel":3,"minecraft:moss_carpet":1,"alexsmobs:maggot":1,"minecraft:coarse_dirt":4,"alexsmobs:animal_dictionary":1,"minecraft:tuff":4,"minecraft:clay_ball":16,"psg:raw_potassium":5,"pointblank:gunmetal_nugget":6,"minecraft:gunpowder":15,"minecraft:spruce_planks":3,"minecraft:leather_boots":1,"minecraft:oak_sapling":21,"immersive_melodies:didgeridoo":1,"minecraft:slime_ball":1,"minecraft:beef":4,"minecraft:stone_pickaxe":1,"minecraft:wooden_pickaxe":1,"minecraft:calcite":9,"minecraft:egg":4},"minecraft:crafted":{"minecraft:oak_planks":80,"minecraft:jukebox":1,"minecraft:iron_nugget":9,"minecraft:cooked_chicken":3,"minecraft:furnace":4,"sophisticatedbackpacks:jukebox_upgrade":1,"minecraft:cooked_mutton":7,"immersive_melodies:piano":1,"minecraft:iron_boots":1,"sophisticatedbackpacks:copper_backpack":1,"minecraft:iron_axe":2,"minecraft:ladder":213,"minecraft:stone_pickaxe":1,"minecraft:chest":8,"minecraft:spruce_boat":1,"sophisticatedbackpacks:iron_backpack":1,"immersive_melodies:didgeridoo":1,"minecraft:cooked_porkchop":38,"minecraft:crafting_table":5,"minecraft:spruce_planks":356,"minecraft:wooden_pickaxe":1,"minecraft:iron_sword":2,"better_mob_food:cooked_flesh":14,"minecraft:spruce_door":3,"immersive_melodies:lute":1,"minecraft:bucket":2,"minecraft:birch_planks":28,"minecraft:stone_axe":1,"sophisticatedbackpacks:upgrade_base":1,"minecraft:air":0,"minecraft:iron_chestplate":1,"minecraft:diamond_pickaxe":1,"minecraft:shield":1,"minecraft:stick":520,"minecraft:iron_ingot":73,"minecraft:iron_pickaxe":1,"minecraft:wooden_axe":2,"minecraft:note_block":3,"minecraft:iron_leggings":1,"minecraft:torch":8},"minecraft:broken":{"marbledsarsenal:cm6m_gas_mask":1,"minecraft:iron_axe":1,"minecraft:stone_axe":1,"minecraft:iron_sword":1,"minecraft:iron_pickaxe":1},"minecraft:killed":{"hordes:zombie_player":8,"alexsmobs:raccoon":2,"alexsmobs:snow_leopard":1,"minecraft:chicken":4,"minecraft:drowned":2,"minecraft:tropical_fish":4,"minecraft:pig":19,"minecraft:zombie_villager":2,"alexsmobs:seal":3,"minecraft:sheep":4,"minecraft:zombie":125,"alexsmobs:fly":1,"alexsmobs:crow":2,"minecraft:cow":3},"minecraft:picked_up":{"minecraft:crafting_table":17,"minecraft:coarse_dirt":10,"minecraft:chicken":4,"minecraft:ladder":1,"minecraft:clay_ball":28,"immersive_melodies:lute":1,"minecraft:string":9,"minecraft:moss_carpet":1,"create:limestone":18,"minecraft:cobbled_deepslate":127,"minecraft:spruce_planks":2,"minecraft:beef":9,"vinery:cherry":7,"minecraft:calcite":39,"minecraft:sugar_cane":5,"minecraft:phantom_membrane":1,"minecraft:furnace":12,"minecraft:egg":5,"minecraft:stick":16,"minecraft:raw_iron":61,"ecologics:coconut_slice":2,"minecraft:copper_ingot":8,"projectvibrantjourneys:bark_mushroom":4,"minecraft:torch":12,"sophisticatedbackpacks:backpack":2,"minecraft:porkchop":42,"pointblank:gunmetal_nugget":167,"psg:sulphur":98,"minecraft:redstone":5,"minecraft:rotten_flesh":138,"minecraft:tropical_fish":12,"farm_and_charm:strawberry":18,"create:asurine":1,"vinery:dark_cherry_log":7,"minecraft:glow_berries":27,"minecraft:mutton":7,"minecraft:cobblestone":294,"minecraft:birch_log":7,"minecraft:feather":8,"minecraft:glow_ink_sac":2,"minecraft:andesite":130,"projectvibrantjourneys:fallen_leaves":1,"minecraft:leather":7,"minecraft:flint":2,"minecraft:tuff":16,"overworld_netherite_ore:ancientdebrispiece":10,"create:raw_zinc":12,"minecraft:oak_log":20,"minecraft:gunpowder":29,"minecraft:cobblestone_stairs":1,"minecraft:lapis_lazuli":24,"farm_and_charm:onion":34,"minecraft:dirt":7,"minecraft:bone":21,"minecraft:apple":1,"minecraft:wheat_seeds":3,"minecraft:raw_gold":9,"minecraft:moss_block":5,"minecraft:flowering_azalea":1,"psg:raw_potassium":26,"vinery:dark_cherry_sapling":8,"minecraft:dandelion":2,"minecraft:poisonous_potato":1,"minecraft:gravel":3,"minecraft:amethyst_shard":35,"minecraft:spruce_sapling":34,"sophisticatedbackpacks:iron_backpack":1,"overworld_netherite_ore:large_ancient_shard":1,"minecraft:white_bed":6,"minecraft:spruce_log":164,"minecraft:spruce_door":12,"minecraft:spider_eye":2,"create:crimsite":18,"minecraft:slime_ball":2,"minecraft:diamond":9,"minecraft:spruce_boat":1,"alexsmobs:maggot":3,"projectvibrantjourneys:orange_bark_mushroom":3,"minecraft:oak_sapling":27,"minecraft:coal":126,"minecraft:ender_pearl":4},"minecraft:mined":{"create:zinc_ore":1,"minecraft:large_amethyst_bud":1,"create:deepslate_zinc_ore":12,"minecraft:tuff":14,"minecraft:spruce_planks":3,"minecraft:white_bed":6,"minecraft:deepslate_diamond_ore":9,"psg:sulphur_ore":16,"minecraft:cave_vines_plant":18,"minecraft:ladder":1,"minecraft:grass_block":2,"vinery:dark_cherry_sapling":1,"minecraft:spruce_leaves":15,"minecraft:moss_block":7,"beachparty:seashell_block":1,"minecraft:large_fern":4,"minecraft:tall_seagrass":1,"minecraft:furnace":12,"minecraft:iron_ore":54,"minecraft:andesite":130,"projectvibrantjourneys:bark_mushroom":1,"minecraft:moss_carpet":2,"minecraft:deepslate_lapis_ore":1,"create:asurine":2,"minecraft:cave_vines":33,"minecraft:deepslate_iron_ore":11,"farm_and_charm:wild_strawberries":6,"minecraft:stone":262,"create:limestone":18,"minecraft:deepslate_redstone_ore":5,"minecraft:flowering_azalea":1,"vinery:dark_cherry_log":7,"psg:potassium_ore":8,"minecraft:amethyst_cluster":4,"minecraft:dandelion":1,"minecraft:spruce_door":11,"psg:deepslate_sulphur_ore":5,"minecraft:clay":18,"minecraft:crafting_table":19,"minecraft:torch":5,"minecraft:calcite":49,"projectvibrantjourneys:mossy_rocks":1,"projectvibrantjourneys:natural_cobweb":1,"minecraft:tall_grass":6,"minecraft:cobblestone":30,"minecraft:deepslate_gold_ore":4,"minecraft:lapis_ore":3,"projectvibrantjourneys:fallen_leaves":1,"minecraft:sugar_cane":7,"minecraft:wall_torch":5,"minecraft:amethyst_block":4,"minecraft:coarse_dirt":10,"farm_and_charm:wild_onions":11,"minecraft:birch_log":7,"minecraft:spruce_log":163,"projectvibrantjourneys:bones":4,"overworld_netherite_ore:deepslate_ancient_debris_ore":9,"minecraft:mangrove_leaves":4,"minecraft:grass":2,"minecraft:oak_log":20,"minecraft:coal_ore":54,"overworld_netherite_ore:ancient_debris_ore":1,"projectvibrantjourneys:short_grass":12,"minecraft:gravel":19,"minecraft:dirt":5,"minecraft:sand":1,"minecraft:gold_ore":5,"create:crimsite":20,"minecraft:oak_leaves":20,"minecraft:deepslate":198,"minecraft:fern":2},"minecraft:used":{"minecraft:moss_block":17,"create:limestone":18,"minecraft:ladder":181,"minecraft:chest":8,"minecraft:spruce_planks":27,"minecraft:iron_sword":273,"minecraft:cooked_chicken":3,"minecraft:rotten_flesh":5,"minecraft:iron_chestplate":1,"minecraft:torch":16,"minecraft:tuff":1,"vinery:dark_cherry_sapling":8,"minecraft:axolotl_bucket":10,"minecraft:spruce_boat":1,"minecraft:wooden_axe":28,"minecraft:flowering_azalea":1,"minecraft:lava_bucket":2,"minecraft:iron_axe":344,"better_mob_food:cooked_flesh":14,"minecraft:oak_sapling":6,"minecraft:furnace":16,"minecraft:egg":1,"minecraft:cobbled_deepslate":48,"minecraft:iron_leggings":1,"minecraft:calcite":30,"minecraft:cooked_mutton":6,"minecraft:water_bucket":4,"minecraft:spruce_door":12,"minecraft:birch_planks":28,"minecraft:stone_pickaxe":86,"create:crimsite":18,"minecraft:wooden_pickaxe":10,"minecraft:glow_berries":37,"minecraft:crafting_table":21,"minecraft:white_bed":6,"minecraft:diamond_pickaxe":652,"minecraft:bread":9,"minecraft:iron_pickaxe":251,"minecraft:spruce_sapling":19,"minecraft:stone_axe":75,"minecraft:cobblestone":216,"minecraft:cooked_porkchop":21,"minecraft:andesite":81,"minecraft:bucket":19,"minecraft:tropical_fish_bucket":1}},"DataVersion":3465}