{"stats":{"minecraft:custom":{"minecraft:time_since_rest":1977,"minecraft:deaths":1,"minecraft:play_time":7150,"minecraft:sprint_one_cm":21910,"minecraft:damage_taken":382,"minecraft:walk_one_cm":24327,"minecraft:walk_under_water_one_cm":629,"minecraft:mob_kills":10,"minecraft:drop":1,"minecraft:damage_dealt_resisted":115,"minecraft:jump":221,"minecraft:damage_dealt":344,"minecraft:climb_one_cm":78,"minecraft:walk_on_water_one_cm":292,"minecraft:time_since_death":1952,"minecraft:total_world_time":7150,"minecraft:interact_with_crafting_table":2,"minecraft:fly_one_cm":75138,"minecraft:fall_one_cm":6820},"minecraft:dropped":{"minecraft:wooden_axe":1},"minecraft:killed_by":{"minecraft:zombie":1},"minecraft:crafted":{"minecraft:crafting_table":2,"minecraft:stick":8,"minecraft:spruce_planks":44,"minecraft:wooden_pickaxe":1,"minecraft:wooden_axe":1},"minecraft:killed":{"minecraft:zombie":7,"minecraft:chicken":3},"minecraft:picked_up":{"minecraft:stick":1,"minecraft:feather":5,"minecraft:chicken":3,"minecraft:rotten_flesh":3,"projectvibrantjourneys:bark_mushroom":1,"minecraft:wheat_seeds":1,"pointblank:gunmetal_nugget":4,"projectvibrantjourneys:orange_bark_mushroom":2,"minecraft:spruce_log":11,"minecraft:egg":4},"minecraft:mined":{"minecraft:large_fern":1,"projectvibrantjourneys:short_grass":7,"minecraft:spruce_leaves":6,"minecraft:spruce_log":11,"minecraft:fern":1},"minecraft:used":{"minecraft:wooden_axe":11,"minecraft:crafting_table":2,"minecraft:wooden_pickaxe":3}},"DataVersion":3465}