{"stats":{"minecraft:mined":{"minecraft:large_fern":2,"pixelmon:darkworkplace":1,"minecraft:grass":9,"minecraft:tall_grass":6,"minecraft:fire":2,"pixelmon:mug_base":1},"minecraft:custom":{"minecraft:time_since_rest":17919,"minecraft:crouch_one_cm":3223,"minecraft:sprint_one_cm":23512,"minecraft:play_time":17919,"minecraft:damage_taken":50,"minecraft:walk_one_cm":56627,"minecraft:sneak_time":695,"minecraft:pot_flower":1,"minecraft:interact_with_lectern":1,"minecraft:jump":124,"minecraft:interact_with_grindstone":1,"minecraft:leave_game":4,"minecraft:time_since_death":17919,"minecraft:total_world_time":17919,"minecraft:fall_one_cm":3048,"minecraft:fly_one_cm":13468},"minecraft:picked_up":{"tcg:rulebook":1,"pixelmon:mug_base":1,"pixelmon:apicot_berry":3,"pixelmon:item_finder":1,"pixelmon:pecha_berry":3,"minecraft:totem_of_undying":1,"tcg:deck":1,"pixelmon:darkworkplace":1},"minecraft:used":{"pixelmon:darkworkplace":1,"pixelmon:plasma_boots":1,"pixelmon:mug_base":1,"tcg:deck":3}},"DataVersion":3465}