{"stats":{"minecraft:custom":{"minecraft:mob_kills":94,"minecraft:interact_with_crafting_table":36,"minecraft:damage_dealt_resisted":439,"minecraft:leave_game":2,"minecraft:time_since_death":12517,"minecraft:sprint_one_cm":289875,"minecraft:walk_one_cm":304840,"minecraft:damage_blocked_by_shield":255,"minecraft:drop":72,"minecraft:damage_dealt_absorbed":171,"minecraft:play_time":128873,"minecraft:deaths":3,"minecraft:sneak_time":26422,"minecraft:walk_under_water_one_cm":3506,"minecraft:boat_one_cm":179370,"minecraft:jump":2402,"minecraft:walk_on_water_one_cm":4031,"minecraft:total_world_time":128873,"minecraft:interact_with_furnace":25,"minecraft:sleep_in_bed":2,"minecraft:time_since_rest":12543,"minecraft:damage_taken":1480,"minecraft:damage_dealt":15528,"minecraft:swim_one_cm":13226,"minecraft:fly_one_cm":531241,"minecraft:crouch_one_cm":88475,"minecraft:fall_one_cm":59840},"minecraft:killed_by":{"minecraft:player":1,"minecraft:zombie":1},"minecraft:dropped":{"sophisticatedbackpacks:iron_backpack":1,"minecraft:wheat_seeds":4,"minecraft:feather":3,"minecraft:cobblestone":7,"create:crimsite":1,"minecraft:copper_ingot":8,"projectvibrantjourneys:orange_bark_mushroom":4,"minecraft:dirt":5,"projectvibrantjourneys:fallen_leaves":1,"minecraft:wooden_axe":1,"farm_and_charm:onion":5,"minecraft:lily_pad":2,"projectvibrantjourneys:bark_mushroom":2,"minecraft:spruce_sapling":1,"minecraft:bone":4,"minecraft:moss_carpet":1,"minecraft:sweet_berries":27,"minecraft:sugar_cane":6,"create:ochrum":2,"minecraft:stone_sword":2,"minecraft:chicken":1,"minecraft:carrot":1,"minecraft:pumpkin_seeds":2,"alexsmobs:bear_fur":1,"projectvibrantjourneys:sea_oats":3,"minecraft:gunpowder":1,"better_mob_food:cooked_flesh":1,"brewery:hops_seeds":8,"minecraft:slime_ball":1,"minecraft:wooden_pickaxe":1,"minecraft:calcite":1},"minecraft:crafted":{"minecraft:oak_planks":36,"minecraft:furnace":2,"minecraft:lever":1,"minecraft:stone_pickaxe":1,"minecraft:spruce_boat":1,"minecraft:cooked_porkchop":10,"minecraft:crafting_table":2,"minecraft:spruce_planks":128,"minecraft:wooden_pickaxe":1,"minecraft:iron_sword":1,"better_mob_food:cooked_flesh":1,"immersive_aircraft:industrial_gears":1,"minecraft:copper_ingot":27,"minecraft:air":0,"minecraft:shield":1,"minecraft:stick":24,"minecraft:iron_ingot":6,"minecraft:iron_pickaxe":1,"minecraft:wooden_axe":1,"minecraft:stone_sword":4,"minecraft:white_bed":2,"minecraft:torch":40},"minecraft:broken":{"minecraft:stone_sword":1,"minecraft:leather_boots":1},"minecraft:killed":{"hordes:zombie_player":3,"minecraft:chicken":3,"minecraft:drowned":10,"minecraft:pig":4,"alexsmobs:grizzly_bear":1,"minecraft:zombie_villager":1,"minecraft:sheep":10,"minecraft:zombie":56,"alexsmobs:fly":1,"alexsmobs:crow":1,"minecraft:cow":4},"minecraft:picked_up":{"minecraft:wooden_axe":1,"minecraft:coarse_dirt":1,"minecraft:crafting_table":9,"minecraft:chicken":3,"minecraft:string":1,"minecraft:moss_carpet":1,"minecraft:raw_copper":109,"minecraft:iron_leggings":1,"minecraft:spruce_planks":21,"comforts:sleeping_bag_white":1,"minecraft:beef":13,"minecraft:calcite":2,"minecraft:sugar_cane":12,"minecraft:furnace":3,"minecraft:stick":3,"minecraft:raw_iron":7,"minecraft:copper_ingot":5,"projectvibrantjourneys:bark_mushroom":3,"minecraft:torch":4,"minecraft:porkchop":10,"pointblank:gunmetal_nugget":74,"psg:sulphur":36,"minecraft:carrot":50,"minecraft:stone_sword":2,"minecraft:rotten_flesh":75,"create:ochrum":2,"k_turrets:raw_titanium":9,"minecraft:mutton":15,"minecraft:white_wool":10,"minecraft:cobblestone":98,"minecraft:magma_block":16,"minecraft:feather":5,"minecraft:leather":2,"projectvibrantjourneys:fallen_leaves":2,"minecraft:potato":10,"alexsmobs:bear_fur":1,"minecraft:tuff":1,"create:raw_zinc":1,"minecraft:oak_log":9,"minecraft:lily_pad":2,"minecraft:gunpowder":12,"farm_and_charm:onion":5,"projectvibrantjourneys:sea_oats":3,"minecraft:dirt":10,"brewery:hops_seeds":8,"minecraft:leather_boots":1,"minecraft:bone":12,"minecraft:wheat_seeds":4,"better_mob_food:cooked_flesh":1,"minecraft:sweet_berries":61,"psg:raw_potassium":16,"minecraft:spruce_sapling":6,"sophisticatedbackpacks:iron_backpack":2,"minecraft:white_bed":1,"minecraft:spruce_log":33,"minecraft:spruce_door":3,"alexsmobs:animal_dictionary":1,"minecraft:pumpkin_seeds":2,"create:crimsite":1,"minecraft:slime_ball":1,"minecraft:spruce_boat":1,"immersive_melodies:didgeridoo":1,"projectvibrantjourneys:orange_bark_mushroom":4,"minecraft:coal":77},"minecraft:mined":{"create:zinc_ore":1,"minecraft:tuff":1,"minecraft:spruce_planks":6,"minecraft:white_bed":1,"psg:sulphur_ore":8,"minecraft:grass_block":6,"create:ochrum":1,"minecraft:spruce_leaves":6,"minecraft:large_fern":3,"minecraft:magma_block":16,"minecraft:furnace":3,"minecraft:iron_ore":7,"minecraft:fire":3,"minecraft:stone":88,"minecraft:podzol":1,"brewery:wild_hops":4,"projectvibrantjourneys:sea_oats":1,"psg:potassium_ore":6,"farm_and_charm:wild_beetroots":1,"minecraft:crafting_table":9,"minecraft:torch":1,"farm_and_charm:wild_carrots":11,"minecraft:calcite":2,"farm_and_charm:wild_potatoes":3,"minecraft:copper_ore":16,"minecraft:cobblestone":13,"minecraft:sugar_cane":3,"minecraft:wall_torch":1,"minecraft:coarse_dirt":1,"farm_and_charm:wild_onions":3,"minecraft:sweet_berry_bush":19,"minecraft:spruce_log":32,"k_turrets:titanium_ore":9,"minecraft:grass":5,"minecraft:oak_log":9,"minecraft:coal_ore":79,"projectvibrantjourneys:short_grass":45,"minecraft:dirt":1,"create:crimsite":1,"minecraft:fern":3},"minecraft:used":{"minecraft:stone_sword":385,"minecraft:spruce_planks":74,"minecraft:shield":7,"minecraft:iron_sword":52,"minecraft:torch":37,"minecraft:dirt":5,"minecraft:carrot":41,"minecraft:spruce_boat":2,"minecraft:wooden_axe":55,"minecraft:sweet_berries":44,"minecraft:furnace":4,"minecraft:calcite":1,"minecraft:stone_pickaxe":66,"minecraft:wooden_pickaxe":41,"minecraft:crafting_table":10,"minecraft:white_bed":3,"minecraft:spruce_log":1,"minecraft:bread":7,"minecraft:iron_pickaxe":155,"minecraft:cobblestone":40,"minecraft:cooked_porkchop":2,"alexsmobs:animal_dictionary":1}},"DataVersion":3465}