{"stats":{"minecraft:custom":{"minecraft:interact_with_furnace":6,"minecraft:mob_kills":48,"minecraft:interact_with_crafting_table":18,"minecraft:damage_dealt_resisted":439,"minecraft:time_since_death":53779,"minecraft:time_since_rest":53823,"minecraft:sprint_one_cm":141502,"minecraft:damage_taken":636,"minecraft:walk_one_cm":102586,"minecraft:damage_blocked_by_shield":100,"minecraft:drop":41,"minecraft:damage_dealt":8386,"minecraft:damage_dealt_absorbed":79,"minecraft:swim_one_cm":7046,"minecraft:fly_one_cm":280822,"minecraft:crouch_one_cm":87887,"minecraft:play_time":74462,"minecraft:deaths":1,"minecraft:sneak_time":26270,"minecraft:walk_under_water_one_cm":2143,"minecraft:boat_one_cm":111420,"minecraft:jump":1255,"minecraft:walk_on_water_one_cm":2856,"minecraft:total_world_time":74462,"minecraft:fall_one_cm":33799},"minecraft:killed_by":{"minecraft:zombie":1},"minecraft:dropped":{"sophisticatedbackpacks:iron_backpack":1,"minecraft:sweet_berries":27,"minecraft:sugar_cane":6,"create:ochrum":1,"minecraft:wheat_seeds":3,"minecraft:stone_sword":1,"minecraft:feather":3,"create:crimsite":1,"projectvibrantjourneys:orange_bark_mushroom":4,"projectvibrantjourneys:sea_oats":3,"minecraft:gunpowder":1,"farm_and_charm:onion":5,"brewery:hops_seeds":8,"minecraft:calcite":1,"projectvibrantjourneys:bark_mushroom":2,"minecraft:bone":3},"minecraft:crafted":{"minecraft:oak_planks":36,"minecraft:crafting_table":2,"minecraft:spruce_planks":124,"minecraft:wooden_pickaxe":1,"minecraft:furnace":2,"minecraft:copper_ingot":3,"minecraft:air":0,"minecraft:shield":1,"minecraft:stick":24,"minecraft:iron_ingot":4,"minecraft:iron_pickaxe":1,"minecraft:stone_pickaxe":1,"minecraft:wooden_axe":1,"minecraft:stone_sword":3,"minecraft:spruce_boat":1,"minecraft:torch":40},"minecraft:killed":{"minecraft:pig":3,"minecraft:zombie":32,"minecraft:chicken":1,"alexsmobs:fly":1,"minecraft:drowned":10,"alexsmobs:crow":1},"minecraft:picked_up":{"minecraft:magma_block":16,"minecraft:crafting_table":6,"minecraft:feather":3,"minecraft:chicken":1,"minecraft:potato":10,"minecraft:lily_pad":2,"create:raw_zinc":1,"minecraft:oak_log":9,"minecraft:gunpowder":6,"projectvibrantjourneys:sea_oats":3,"farm_and_charm:onion":5,"minecraft:dirt":7,"minecraft:moss_carpet":1,"minecraft:raw_copper":68,"brewery:hops_seeds":8,"minecraft:bone":9,"minecraft:wheat_seeds":3,"minecraft:spruce_planks":6,"minecraft:calcite":2,"minecraft:sugar_cane":12,"minecraft:stick":3,"minecraft:raw_iron":4,"minecraft:sweet_berries":61,"psg:raw_potassium":16,"projectvibrantjourneys:bark_mushroom":2,"minecraft:torch":4,"minecraft:porkchop":7,"pointblank:gunmetal_nugget":40,"psg:sulphur":36,"minecraft:spruce_sapling":6,"sophisticatedbackpacks:iron_backpack":2,"minecraft:spruce_log":32,"minecraft:carrot":49,"minecraft:slime_ball":1,"create:crimsite":1,"minecraft:stone_sword":1,"minecraft:rotten_flesh":23,"minecraft:spruce_boat":1,"create:ochrum":2,"k_turrets:raw_titanium":9,"projectvibrantjourneys:orange_bark_mushroom":4,"minecraft:coal":77,"minecraft:cobblestone":94},"minecraft:mined":{"create:zinc_ore":1,"minecraft:spruce_planks":6,"brewery:wild_hops":4,"projectvibrantjourneys:sea_oats":1,"psg:potassium_ore":6,"farm_and_charm:wild_beetroots":1,"psg:sulphur_ore":8,"minecraft:crafting_table":6,"minecraft:torch":1,"farm_and_charm:wild_carrots":11,"minecraft:grass_block":6,"minecraft:calcite":2,"farm_and_charm:wild_potatoes":3,"create:ochrum":1,"minecraft:cobblestone":11,"minecraft:copper_ore":16,"minecraft:spruce_leaves":6,"minecraft:sugar_cane":3,"minecraft:wall_torch":1,"minecraft:magma_block":16,"farm_and_charm:wild_onions":3,"minecraft:iron_ore":4,"minecraft:sweet_berry_bush":19,"minecraft:fire":3,"minecraft:spruce_log":32,"k_turrets:titanium_ore":9,"minecraft:grass":5,"minecraft:oak_log":9,"minecraft:coal_ore":79,"projectvibrantjourneys:short_grass":41,"minecraft:dirt":1,"minecraft:stone":88,"create:crimsite":1,"minecraft:fern":3},"minecraft:used":{"minecraft:calcite":1,"minecraft:stone_sword":270,"minecraft:stone_pickaxe":66,"minecraft:shield":4,"minecraft:spruce_planks":59,"minecraft:wooden_pickaxe":41,"minecraft:torch":20,"minecraft:dirt":4,"minecraft:crafting_table":7,"minecraft:carrot":16,"minecraft:spruce_log":1,"minecraft:spruce_boat":1,"minecraft:wooden_axe":54,"minecraft:bread":7,"minecraft:iron_pickaxe":143,"minecraft:cobblestone":34,"minecraft:sweet_berries":44,"minecraft:furnace":2,"alexsmobs:animal_dictionary":1}},"DataVersion":3465}