{"stats":{"minecraft:custom":{"minecraft:mob_kills":216,"minecraft:interact_with_crafting_table":48,"minecraft:damage_dealt_resisted":1056,"minecraft:leave_game":4,"minecraft:time_since_death":2347,"minecraft:sprint_one_cm":446235,"minecraft:walk_one_cm":516990,"minecraft:damage_blocked_by_shield":549,"minecraft:drop":73,"minecraft:damage_dealt_absorbed":171,"minecraft:play_time":201697,"minecraft:deaths":7,"minecraft:sneak_time":38826,"minecraft:walk_under_water_one_cm":8283,"minecraft:boat_one_cm":179370,"minecraft:jump":3445,"minecraft:walk_on_water_one_cm":11853,"minecraft:total_world_time":201697,"minecraft:interact_with_furnace":52,"minecraft:sleep_in_bed":3,"minecraft:time_since_rest":2377,"minecraft:damage_taken":3626,"minecraft:damage_dealt":38783,"minecraft:player_kills":2,"minecraft:swim_one_cm":36407,"minecraft:fly_one_cm":716825,"minecraft:open_chest":4,"minecraft:crouch_one_cm":137890,"minecraft:fall_one_cm":97402},"minecraft:killed_by":{"minecraft:player":1,"minecraft:zombie":4},"minecraft:dropped":{"sophisticatedbackpacks:iron_backpack":1,"minecraft:wheat_seeds":4,"minecraft:feather":3,"minecraft:cobblestone":7,"create:crimsite":1,"minecraft:copper_ingot":8,"projectvibrantjourneys:orange_bark_mushroom":4,"minecraft:dirt":5,"projectvibrantjourneys:fallen_leaves":1,"minecraft:wooden_axe":1,"farm_and_charm:onion":5,"minecraft:lily_pad":2,"projectvibrantjourneys:bark_mushroom":2,"minecraft:spruce_sapling":2,"minecraft:bone":4,"minecraft:moss_carpet":1,"minecraft:sweet_berries":27,"create:ochrum":2,"minecraft:sugar_cane":6,"minecraft:stone_sword":2,"minecraft:chicken":1,"minecraft:pumpkin_seeds":2,"alexsmobs:bear_fur":1,"minecraft:carrot":1,"projectvibrantjourneys:sea_oats":3,"minecraft:gunpowder":1,"better_mob_food:cooked_flesh":1,"brewery:hops_seeds":8,"minecraft:slime_ball":1,"minecraft:wooden_pickaxe":1,"minecraft:calcite":1},"minecraft:crafted":{"minecraft:oak_planks":36,"minecraft:cooked_chicken":3,"minecraft:furnace":3,"minecraft:lever":1,"minecraft:bone_meal":12,"minecraft:cooked_mutton":15,"minecraft:bow":1,"minecraft:stone_pickaxe":1,"minecraft:spruce_boat":1,"minecraft:cooked_porkchop":10,"minecraft:crafting_table":4,"minecraft:spruce_planks":128,"minecraft:wooden_pickaxe":1,"minecraft:iron_sword":2,"better_mob_food:cooked_flesh":13,"immersive_aircraft:industrial_gears":1,"minecraft:copper_ingot":27,"minecraft:air":0,"minecraft:iron_chestplate":1,"minecraft:shield":1,"minecraft:stick":32,"minecraft:iron_ingot":25,"minecraft:iron_pickaxe":3,"minecraft:wooden_axe":1,"minecraft:stone_sword":6,"minecraft:white_bed":3,"minecraft:torch":56},"minecraft:broken":{"minecraft:stone_sword":3,"minecraft:iron_leggings":1,"minecraft:leather_boots":1,"minecraft:iron_sword":1},"minecraft:killed":{"hordes:zombie_player":9,"minecraft:chicken":4,"minecraft:drowned":10,"minecraft:pig":4,"alexsmobs:grizzly_bear":1,"minecraft:zombie_villager":3,"minecraft:sheep":10,"minecraft:zombie":162,"alexsmobs:fly":4,"alexsmobs:crow":1,"minecraft:cow":4},"minecraft:picked_up":{"minecraft:wooden_axe":1,"minecraft:crafting_table":13,"minecraft:coarse_dirt":1,"minecraft:chicken":4,"minecraft:string":4,"minecraft:moss_carpet":1,"minecraft:raw_copper":109,"minecraft:iron_leggings":1,"comforts:sleeping_bag_white":1,"minecraft:spruce_planks":21,"minecraft:beef":13,"minecraft:calcite":2,"minecraft:sugar_cane":12,"minecraft:furnace":4,"minecraft:stick":3,"minecraft:raw_iron":25,"minecraft:copper_ingot":5,"projectvibrantjourneys:bark_mushroom":3,"minecraft:torch":6,"minecraft:porkchop":10,"pointblank:gunmetal_nugget":139,"psg:sulphur":36,"minecraft:carrot":50,"minecraft:stone_sword":2,"minecraft:rotten_flesh":112,"create:ochrum":2,"k_turrets:raw_titanium":9,"minecraft:mutton":15,"minecraft:white_wool":10,"minecraft:cobblestone":148,"minecraft:magma_block":16,"minecraft:feather":7,"projectvibrantjourneys:fallen_leaves":3,"minecraft:leather":2,"minecraft:potato":10,"alexsmobs:bear_fur":1,"minecraft:tuff":1,"create:raw_zinc":1,"minecraft:oak_log":9,"minecraft:lily_pad":2,"minecraft:gunpowder":18,"projectvibrantjourneys:sea_oats":3,"farm_and_charm:onion":5,"minecraft:dirt":10,"brewery:hops_seeds":8,"minecraft:leather_boots":1,"minecraft:bone":22,"minecraft:wheat_seeds":6,"better_mob_food:cooked_flesh":1,"minecraft:rabbit":1,"minecraft:oak_planks":1,"minecraft:sweet_berries":63,"psg:raw_potassium":16,"minecraft:spruce_sapling":9,"sophisticatedbackpacks:iron_backpack":2,"minecraft:white_bed":2,"minecraft:spruce_log":33,"minecraft:spider_eye":1,"alexsmobs:animal_dictionary":1,"minecraft:spruce_door":4,"minecraft:pumpkin_seeds":2,"create:crimsite":1,"minecraft:slime_ball":1,"minecraft:spruce_boat":1,"immersive_melodies:didgeridoo":1,"projectvibrantjourneys:orange_bark_mushroom":4,"minecraft:coal":100},"minecraft:mined":{"create:zinc_ore":1,"minecraft:tuff":1,"minecraft:spruce_planks":6,"minecraft:white_bed":2,"psg:sulphur_ore":8,"minecraft:grass_block":6,"create:ochrum":1,"minecraft:spruce_leaves":6,"minecraft:large_fern":3,"minecraft:magma_block":16,"minecraft:spruce_sapling":2,"minecraft:furnace":4,"minecraft:iron_ore":25,"minecraft:fire":3,"minecraft:stone":111,"minecraft:podzol":1,"brewery:wild_hops":4,"projectvibrantjourneys:sea_oats":1,"psg:potassium_ore":6,"farm_and_charm:wild_beetroots":1,"minecraft:crafting_table":13,"minecraft:torch":2,"farm_and_charm:wild_carrots":11,"minecraft:calcite":2,"farm_and_charm:wild_potatoes":3,"minecraft:copper_ore":16,"minecraft:cobblestone":34,"minecraft:oak_planks":1,"minecraft:sugar_cane":3,"minecraft:wall_torch":1,"minecraft:coarse_dirt":1,"farm_and_charm:wild_onions":3,"minecraft:sweet_berry_bush":20,"minecraft:spruce_log":32,"k_turrets:titanium_ore":9,"minecraft:grass":16,"minecraft:oak_log":9,"minecraft:coal_ore":103,"projectvibrantjourneys:short_grass":53,"minecraft:dirt":1,"create:crimsite":1,"minecraft:oak_leaves":2,"minecraft:fern":3},"minecraft:used":{"minecraft:stone_sword":614,"minecraft:spruce_planks":74,"minecraft:shield":26,"minecraft:iron_sword":357,"minecraft:rotten_flesh":1,"minecraft:torch":60,"minecraft:dirt":5,"minecraft:carrot":46,"minecraft:spruce_boat":2,"minecraft:wooden_axe":55,"better_mob_food:cooked_flesh":11,"minecraft:sweet_berries":44,"minecraft:furnace":6,"minecraft:calcite":1,"minecraft:cooked_mutton":4,"minecraft:spruce_door":4,"minecraft:stone_pickaxe":66,"minecraft:oak_planks":7,"minecraft:wooden_pickaxe":41,"minecraft:crafting_table":15,"minecraft:white_bed":5,"minecraft:spruce_log":1,"minecraft:bread":9,"minecraft:iron_pickaxe":247,"minecraft:spruce_sapling":7,"minecraft:cobblestone":89,"minecraft:cooked_porkchop":3,"alexsmobs:animal_dictionary":1,"minecraft:bone_meal":12}},"DataVersion":3465}