{"stats":{"minecraft:custom":{"minecraft:mob_kills":245,"minecraft:interact_with_crafting_table":61,"minecraft:damage_dealt_resisted":1056,"minecraft:leave_game":4,"minecraft:time_since_death":38347,"minecraft:sprint_one_cm":513684,"minecraft:walk_one_cm":553785,"minecraft:damage_blocked_by_shield":549,"minecraft:drop":76,"minecraft:damage_dealt_absorbed":171,"minecraft:play_time":237697,"minecraft:deaths":7,"minecraft:sneak_time":46748,"minecraft:walk_under_water_one_cm":8283,"minecraft:boat_one_cm":179370,"minecraft:jump":3852,"minecraft:walk_on_water_one_cm":12064,"minecraft:total_world_time":237697,"minecraft:interact_with_furnace":59,"minecraft:sleep_in_bed":3,"minecraft:time_since_rest":38377,"minecraft:damage_taken":3826,"minecraft:damage_dealt":46794,"minecraft:player_kills":2,"minecraft:swim_one_cm":36407,"minecraft:fly_one_cm":815557,"minecraft:open_chest":14,"minecraft:crouch_one_cm":165238,"minecraft:fall_one_cm":109179},"minecraft:killed_by":{"minecraft:player":1,"minecraft:zombie":4},"minecraft:dropped":{"sophisticatedbackpacks:iron_backpack":1,"minecraft:wheat_seeds":4,"minecraft:feather":3,"minecraft:cobblestone":7,"create:crimsite":1,"minecraft:copper_ingot":8,"projectvibrantjourneys:orange_bark_mushroom":4,"minecraft:dirt":5,"projectvibrantjourneys:fallen_leaves":2,"minecraft:wooden_axe":1,"farm_and_charm:onion":5,"minecraft:lily_pad":2,"projectvibrantjourneys:bark_mushroom":2,"minecraft:spruce_sapling":2,"minecraft:bone":4,"minecraft:moss_carpet":1,"mutantmonsters:hulk_hammer":1,"minecraft:sweet_berries":27,"create:ochrum":2,"minecraft:sugar_cane":6,"minecraft:stone_sword":2,"minecraft:chicken":1,"minecraft:pumpkin_seeds":2,"alexsmobs:bear_fur":1,"minecraft:carrot":1,"projectvibrantjourneys:sea_oats":3,"minecraft:gunpowder":1,"minecraft:spruce_planks":1,"better_mob_food:cooked_flesh":1,"brewery:hops_seeds":8,"minecraft:slime_ball":1,"minecraft:wooden_pickaxe":1,"minecraft:calcite":1},"minecraft:crafted":{"minecraft:oak_planks":36,"minecraft:cooked_chicken":3,"minecraft:furnace":3,"minecraft:lever":1,"minecraft:bone_meal":12,"minecraft:cooked_mutton":15,"minecraft:bow":1,"minecraft:iron_axe":1,"minecraft:stone_pickaxe":1,"minecraft:spruce_boat":1,"max_armory:handle":1,"minecraft:cooked_porkchop":10,"minecraft:crafting_table":4,"minecraft:spruce_planks":260,"minecraft:wooden_pickaxe":1,"minecraft:iron_sword":5,"better_mob_food:cooked_flesh":45,"immersive_aircraft:industrial_gears":1,"minecraft:copper_ingot":39,"minecraft:air":0,"minecraft:iron_chestplate":1,"minecraft:shield":1,"minecraft:stick":78,"minecraft:iron_ingot":25,"minecraft:iron_pickaxe":3,"minecraft:wooden_axe":1,"minecraft:stone_sword":6,"max_armory:copper_machete":1,"minecraft:white_bed":3,"minecraft:torch":172},"minecraft:broken":{"minecraft:stone_sword":3,"minecraft:iron_leggings":1,"minecraft:leather_boots":1,"minecraft:iron_sword":1},"minecraft:killed":{"hordes:zombie_player":9,"minecraft:chicken":4,"minecraft:drowned":10,"minecraft:pig":4,"alexsmobs:grizzly_bear":1,"minecraft:zombie_villager":3,"minecraft:sheep":10,"minecraft:zombie":189,"alexsmobs:fly":5,"alexsmobs:crow":1,"mutantmonsters:mutant_zombie":1,"minecraft:cow":4},"minecraft:picked_up":{"minecraft:wooden_axe":1,"minecraft:crafting_table":13,"minecraft:coarse_dirt":1,"minecraft:chicken":4,"minecraft:string":4,"minecraft:moss_carpet":1,"minecraft:raw_copper":109,"minecraft:iron_leggings":1,"comforts:sleeping_bag_white":1,"minecraft:spruce_planks":23,"minecraft:beef":13,"minecraft:calcite":2,"minecraft:sugar_cane":12,"minecraft:furnace":4,"minecraft:stick":9,"minecraft:raw_iron":25,"minecraft:copper_ingot":5,"projectvibrantjourneys:bark_mushroom":3,"minecraft:torch":6,"minecraft:porkchop":10,"pointblank:gunmetal_nugget":143,"psg:sulphur":36,"minecraft:carrot":50,"mutantmonsters:hulk_hammer":1,"minecraft:stone_sword":2,"minecraft:rotten_flesh":119,"create:ochrum":2,"k_turrets:raw_titanium":9,"minecraft:mutton":15,"minecraft:white_wool":10,"minecraft:cobblestone":149,"minecraft:magma_block":16,"minecraft:feather":7,"projectvibrantjourneys:fallen_leaves":3,"minecraft:leather":2,"minecraft:potato":10,"alexsmobs:bear_fur":1,"minecraft:tuff":1,"create:raw_zinc":1,"minecraft:oak_log":9,"minecraft:lily_pad":2,"minecraft:gunpowder":19,"projectvibrantjourneys:sea_oats":3,"farm_and_charm:onion":5,"minecraft:dirt":11,"brewery:hops_seeds":8,"minecraft:leather_boots":1,"minecraft:bone":23,"minecraft:wheat_seeds":6,"better_mob_food:cooked_flesh":1,"minecraft:rabbit":1,"minecraft:iron_sword":1,"minecraft:oak_planks":6,"minecraft:sweet_berries":63,"psg:raw_potassium":16,"minecraft:dandelion":1,"minecraft:spruce_sapling":32,"sophisticatedbackpacks:iron_backpack":2,"minecraft:white_bed":2,"minecraft:spruce_log":110,"minecraft:spider_eye":1,"alexsmobs:animal_dictionary":1,"minecraft:spruce_door":4,"minecraft:pumpkin_seeds":2,"create:crimsite":1,"minecraft:slime_ball":1,"minecraft:spruce_boat":1,"immersive_melodies:didgeridoo":1,"projectvibrantjourneys:orange_bark_mushroom":4,"minecraft:coal":106},"minecraft:mined":{"create:zinc_ore":1,"minecraft:tuff":1,"minecraft:spruce_planks":7,"minecraft:white_bed":2,"psg:sulphur_ore":8,"minecraft:grass_block":7,"create:ochrum":1,"minecraft:spruce_leaves":10,"minecraft:large_fern":3,"minecraft:magma_block":16,"minecraft:spruce_sapling":8,"minecraft:furnace":4,"minecraft:iron_ore":25,"minecraft:fire":3,"minecraft:stone":111,"minecraft:podzol":1,"brewery:wild_hops":4,"projectvibrantjourneys:sea_oats":1,"psg:potassium_ore":6,"minecraft:dandelion":1,"farm_and_charm:wild_beetroots":1,"minecraft:crafting_table":13,"minecraft:torch":2,"farm_and_charm:wild_carrots":11,"projectvibrantjourneys:twigs":1,"minecraft:calcite":2,"farm_and_charm:wild_potatoes":3,"minecraft:copper_ore":16,"minecraft:cobblestone":35,"minecraft:oak_planks":6,"minecraft:sugar_cane":3,"minecraft:wall_torch":1,"minecraft:coarse_dirt":1,"farm_and_charm:wild_onions":3,"minecraft:sweet_berry_bush":20,"minecraft:spruce_log":109,"k_turrets:titanium_ore":9,"minecraft:grass":18,"minecraft:oak_log":9,"minecraft:coal_ore":109,"projectvibrantjourneys:short_grass":53,"minecraft:dirt":1,"create:crimsite":1,"minecraft:oak_leaves":2,"minecraft:fern":3},"minecraft:used":{"minecraft:stone_sword":614,"minecraft:spruce_planks":81,"minecraft:shield":26,"minecraft:iron_sword":489,"minecraft:rotten_flesh":1,"minecraft:torch":69,"minecraft:dirt":5,"minecraft:carrot":46,"minecraft:spruce_boat":2,"minecraft:wooden_axe":55,"minecraft:iron_axe":85,"better_mob_food:cooked_flesh":15,"minecraft:sweet_berries":44,"minecraft:furnace":6,"minecraft:calcite":1,"minecraft:cooked_mutton":4,"minecraft:spruce_door":4,"minecraft:stone_pickaxe":66,"minecraft:oak_planks":19,"minecraft:wooden_pickaxe":41,"minecraft:crafting_table":16,"minecraft:white_bed":5,"minecraft:spruce_log":1,"minecraft:bread":9,"minecraft:iron_pickaxe":254,"minecraft:spruce_sapling":29,"max_armory:copper_machete":32,"minecraft:cobblestone":89,"minecraft:cooked_porkchop":5,"alexsmobs:animal_dictionary":1,"minecraft:bone_meal":12}},"DataVersion":3465}