{"stats":{"minecraft:custom":{"minecraft:interact_with_furnace":4,"minecraft:mob_kills":17,"minecraft:interact_with_crafting_table":7,"minecraft:damage_dealt_resisted":439,"minecraft:time_since_death":17779,"minecraft:time_since_rest":17823,"minecraft:sprint_one_cm":90872,"minecraft:damage_taken":514,"minecraft:walk_one_cm":64226,"minecraft:drop":4,"minecraft:damage_dealt":3253,"minecraft:damage_dealt_absorbed":79,"minecraft:swim_one_cm":2022,"minecraft:fly_one_cm":179317,"minecraft:crouch_one_cm":43837,"minecraft:play_time":38462,"minecraft:deaths":1,"minecraft:sneak_time":13020,"minecraft:walk_under_water_one_cm":939,"minecraft:jump":764,"minecraft:walk_on_water_one_cm":477,"minecraft:total_world_time":38462,"minecraft:fall_one_cm":18566},"minecraft:killed_by":{"minecraft:zombie":1},"minecraft:dropped":{"sophisticatedbackpacks:iron_backpack":1,"minecraft:wheat_seeds":1,"minecraft:stone_sword":1,"projectvibrantjourneys:bark_mushroom":1},"minecraft:crafted":{"minecraft:crafting_table":1,"minecraft:spruce_planks":88,"minecraft:wooden_pickaxe":1,"minecraft:furnace":1,"minecraft:air":0,"minecraft:shield":1,"minecraft:stick":24,"minecraft:iron_ingot":4,"minecraft:iron_pickaxe":1,"minecraft:stone_pickaxe":1,"minecraft:wooden_axe":1,"minecraft:stone_sword":1,"minecraft:torch":40},"minecraft:killed":{"minecraft:zombie":15,"minecraft:chicken":1,"alexsmobs:crow":1},"minecraft:picked_up":{"minecraft:magma_block":16,"minecraft:crafting_table":4,"minecraft:feather":3,"minecraft:chicken":1,"minecraft:gunpowder":2,"minecraft:dirt":2,"minecraft:raw_copper":65,"brewery:hops_seeds":8,"minecraft:bone":2,"minecraft:wheat_seeds":1,"minecraft:spruce_planks":1,"minecraft:sugar_cane":3,"minecraft:stick":3,"minecraft:raw_iron":4,"minecraft:sweet_berries":34,"psg:raw_potassium":16,"projectvibrantjourneys:bark_mushroom":2,"minecraft:torch":2,"psg:sulphur":36,"minecraft:spruce_sapling":5,"sophisticatedbackpacks:iron_backpack":2,"minecraft:spruce_log":23,"minecraft:carrot":28,"minecraft:stone_sword":1,"minecraft:rotten_flesh":8,"k_turrets:raw_titanium":2,"minecraft:coal":50,"minecraft:cobblestone":66},"minecraft:mined":{"minecraft:spruce_planks":1,"brewery:wild_hops":4,"psg:potassium_ore":6,"farm_and_charm:wild_beetroots":1,"psg:sulphur_ore":8,"minecraft:crafting_table":4,"farm_and_charm:wild_carrots":9,"minecraft:grass_block":2,"minecraft:cobblestone":1,"minecraft:copper_ore":15,"minecraft:spruce_leaves":6,"minecraft:sugar_cane":2,"minecraft:wall_torch":1,"minecraft:magma_block":16,"minecraft:iron_ore":4,"minecraft:sweet_berry_bush":13,"minecraft:fire":3,"minecraft:spruce_log":23,"k_turrets:titanium_ore":2,"minecraft:grass":1,"minecraft:coal_ore":50,"projectvibrantjourneys:short_grass":35,"minecraft:stone":67,"minecraft:fern":2},"minecraft:used":{"minecraft:stone_sword":136,"minecraft:stone_pickaxe":66,"minecraft:spruce_planks":38,"minecraft:wooden_pickaxe":41,"minecraft:torch":17,"minecraft:dirt":2,"minecraft:crafting_table":5,"minecraft:carrot":4,"minecraft:spruce_log":1,"minecraft:wooden_axe":23,"minecraft:bread":7,"minecraft:iron_pickaxe":67,"minecraft:cobblestone":22,"minecraft:sweet_berries":44,"minecraft:furnace":1,"alexsmobs:animal_dictionary":1}},"DataVersion":3465}