{"stats":{"minecraft:custom":{"minecraft:time_since_rest":2462,"minecraft:crouch_one_cm":1616,"minecraft:play_time":2462,"minecraft:sprint_one_cm":3512,"minecraft:walk_one_cm":2393,"minecraft:sneak_time":798,"minecraft:jump":28,"minecraft:time_since_death":2462,"minecraft:total_world_time":2462,"minecraft:interact_with_crafting_table":1,"minecraft:fall_one_cm":1730,"minecraft:fly_one_cm":7904},"minecraft:crafted":{"minecraft:crafting_table":1,"minecraft:spruce_planks":40,"minecraft:stick":4,"minecraft:wooden_pickaxe":1,"minecraft:wooden_axe":1},"minecraft:picked_up":{"minecraft:crafting_table":1,"brewery:hops_seeds":8,"k_turrets:raw_titanium":1,"minecraft:spruce_log":10,"minecraft:cobblestone":3},"minecraft:mined":{"k_turrets:titanium_ore":1,"minecraft:grass":1,"projectvibrantjourneys:short_grass":17,"brewery:wild_hops":4,"minecraft:spruce_leaves":2,"minecraft:spruce_log":10,"minecraft:stone":3,"minecraft:crafting_table":1,"minecraft:fern":1},"minecraft:used":{"minecraft:wooden_axe":1,"minecraft:crafting_table":1,"minecraft:wooden_pickaxe":4}},"DataVersion":3465}