{"stats":{"minecraft:custom":{"minecraft:time_since_rest":14462,"minecraft:sprint_one_cm":45436,"minecraft:damage_taken":228,"minecraft:walk_one_cm":17767,"minecraft:mob_kills":4,"minecraft:drop":1,"minecraft:damage_dealt":840,"minecraft:damage_dealt_absorbed":79,"minecraft:interact_with_crafting_table":3,"minecraft:swim_one_cm":476,"minecraft:fly_one_cm":92226,"minecraft:crouch_one_cm":15962,"minecraft:play_time":14462,"minecraft:sneak_time":4799,"minecraft:walk_under_water_one_cm":619,"minecraft:damage_dealt_resisted":439,"minecraft:jump":315,"minecraft:time_since_death":14462,"minecraft:walk_on_water_one_cm":246,"minecraft:total_world_time":14462,"minecraft:fall_one_cm":8196},"minecraft:dropped":{"minecraft:stone_sword":1},"minecraft:crafted":{"minecraft:crafting_table":1,"minecraft:spruce_planks":68,"minecraft:stick":16,"minecraft:wooden_pickaxe":1,"minecraft:stone_pickaxe":1,"minecraft:wooden_axe":1,"minecraft:stone_sword":1,"minecraft:torch":4},"minecraft:killed":{"minecraft:zombie":4},"minecraft:picked_up":{"minecraft:raw_iron":4,"minecraft:stick":3,"minecraft:crafting_table":3,"minecraft:sweet_berries":34,"psg:raw_potassium":4,"projectvibrantjourneys:bark_mushroom":1,"psg:sulphur":18,"sophisticatedbackpacks:iron_backpack":1,"minecraft:spruce_sapling":5,"minecraft:spruce_log":23,"brewery:hops_seeds":8,"minecraft:stone_sword":1,"minecraft:rotten_flesh":5,"minecraft:wheat_seeds":1,"k_turrets:raw_titanium":2,"minecraft:sugar_cane":3,"minecraft:coal":2,"minecraft:cobblestone":22},"minecraft:mined":{"brewery:wild_hops":4,"minecraft:iron_ore":4,"minecraft:sweet_berry_bush":13,"minecraft:spruce_log":23,"psg:sulphur_ore":6,"minecraft:crafting_table":3,"minecraft:grass":1,"k_turrets:titanium_ore":2,"minecraft:coal_ore":2,"projectvibrantjourneys:short_grass":27,"minecraft:spruce_leaves":6,"minecraft:stone":22,"minecraft:sugar_cane":2,"minecraft:fern":2},"minecraft:used":{"minecraft:wooden_axe":22,"minecraft:stone_sword":55,"minecraft:bread":6,"minecraft:stone_pickaxe":16,"minecraft:spruce_planks":27,"minecraft:wooden_pickaxe":24,"minecraft:torch":2,"minecraft:sweet_berries":6,"minecraft:crafting_table":2,"alexsmobs:animal_dictionary":1}},"DataVersion":3465}