{"stats":{"minecraft:custom":{"minecraft:mob_kills":64,"minecraft:interact_with_crafting_table":31,"minecraft:damage_dealt_resisted":439,"minecraft:leave_game":1,"minecraft:time_since_death":5874,"minecraft:sprint_one_cm":183900,"minecraft:walk_one_cm":203564,"minecraft:damage_blocked_by_shield":230,"minecraft:drop":64,"minecraft:damage_dealt_absorbed":171,"minecraft:play_time":97488,"minecraft:deaths":2,"minecraft:sneak_time":26271,"minecraft:walk_under_water_one_cm":3426,"minecraft:boat_one_cm":179370,"minecraft:jump":1529,"minecraft:walk_on_water_one_cm":3221,"minecraft:total_world_time":97488,"minecraft:interact_with_furnace":22,"minecraft:sleep_in_bed":1,"minecraft:time_since_rest":5914,"minecraft:damage_taken":990,"minecraft:damage_dealt":10816,"minecraft:swim_one_cm":8939,"minecraft:fly_one_cm":328054,"minecraft:crouch_one_cm":87911,"minecraft:fall_one_cm":40913},"minecraft:killed_by":{"minecraft:player":1,"minecraft:zombie":1},"minecraft:dropped":{"sophisticatedbackpacks:iron_backpack":1,"minecraft:wheat_seeds":3,"minecraft:feather":3,"minecraft:cobblestone":7,"create:crimsite":1,"minecraft:copper_ingot":8,"projectvibrantjourneys:orange_bark_mushroom":4,"minecraft:dirt":4,"minecraft:wooden_axe":1,"farm_and_charm:onion":5,"minecraft:lily_pad":2,"projectvibrantjourneys:bark_mushroom":2,"minecraft:spruce_sapling":1,"minecraft:bone":4,"minecraft:moss_carpet":1,"minecraft:sweet_berries":27,"minecraft:sugar_cane":6,"create:ochrum":2,"minecraft:stone_sword":1,"minecraft:chicken":1,"projectvibrantjourneys:sea_oats":3,"minecraft:gunpowder":1,"brewery:hops_seeds":8,"minecraft:slime_ball":1,"minecraft:wooden_pickaxe":1,"minecraft:calcite":1},"minecraft:crafted":{"minecraft:oak_planks":36,"minecraft:furnace":2,"minecraft:lever":1,"minecraft:stone_pickaxe":1,"minecraft:spruce_boat":1,"minecraft:cooked_porkchop":10,"minecraft:crafting_table":2,"minecraft:spruce_planks":124,"minecraft:wooden_pickaxe":1,"better_mob_food:cooked_flesh":1,"immersive_aircraft:industrial_gears":1,"minecraft:copper_ingot":27,"minecraft:air":0,"minecraft:shield":1,"minecraft:stick":24,"minecraft:iron_ingot":4,"minecraft:iron_pickaxe":1,"minecraft:wooden_axe":1,"minecraft:stone_sword":4,"minecraft:torch":40},"minecraft:broken":{"minecraft:stone_sword":1},"minecraft:killed":{"hordes:zombie_player":1,"minecraft:chicken":1,"minecraft:drowned":10,"minecraft:pig":4,"minecraft:zombie_villager":1,"minecraft:zombie":44,"alexsmobs:fly":1,"alexsmobs:crow":1,"minecraft:cow":1},"minecraft:picked_up":{"minecraft:wooden_axe":1,"minecraft:crafting_table":7,"minecraft:chicken":1,"minecraft:moss_carpet":1,"minecraft:raw_copper":109,"minecraft:iron_leggings":1,"minecraft:spruce_planks":12,"comforts:sleeping_bag_white":1,"minecraft:beef":6,"minecraft:calcite":2,"minecraft:sugar_cane":12,"minecraft:furnace":2,"minecraft:stick":3,"minecraft:raw_iron":4,"minecraft:copper_ingot":5,"projectvibrantjourneys:bark_mushroom":2,"minecraft:torch":4,"minecraft:porkchop":10,"pointblank:gunmetal_nugget":49,"psg:sulphur":36,"minecraft:carrot":49,"minecraft:stone_sword":1,"minecraft:rotten_flesh":63,"create:ochrum":2,"k_turrets:raw_titanium":9,"minecraft:cobblestone":98,"minecraft:magma_block":16,"minecraft:feather":3,"projectvibrantjourneys:fallen_leaves":1,"minecraft:potato":10,"create:raw_zinc":1,"minecraft:oak_log":9,"minecraft:lily_pad":2,"minecraft:gunpowder":10,"farm_and_charm:onion":5,"projectvibrantjourneys:sea_oats":3,"minecraft:dirt":10,"brewery:hops_seeds":8,"minecraft:leather_boots":1,"minecraft:bone":11,"minecraft:wheat_seeds":4,"minecraft:sweet_berries":61,"psg:raw_potassium":16,"minecraft:spruce_sapling":6,"sophisticatedbackpacks:iron_backpack":2,"minecraft:spruce_log":32,"alexsmobs:animal_dictionary":1,"create:crimsite":1,"minecraft:slime_ball":1,"minecraft:spruce_boat":1,"immersive_melodies:didgeridoo":1,"projectvibrantjourneys:orange_bark_mushroom":4,"minecraft:coal":77},"minecraft:mined":{"create:zinc_ore":1,"minecraft:spruce_planks":6,"psg:sulphur_ore":8,"minecraft:grass_block":6,"create:ochrum":1,"minecraft:spruce_leaves":6,"minecraft:magma_block":16,"minecraft:furnace":2,"minecraft:iron_ore":4,"minecraft:fire":3,"minecraft:stone":88,"minecraft:podzol":1,"brewery:wild_hops":4,"projectvibrantjourneys:sea_oats":1,"psg:potassium_ore":6,"farm_and_charm:wild_beetroots":1,"minecraft:crafting_table":7,"minecraft:torch":1,"farm_and_charm:wild_carrots":11,"minecraft:calcite":2,"farm_and_charm:wild_potatoes":3,"minecraft:copper_ore":16,"minecraft:cobblestone":13,"minecraft:sugar_cane":3,"minecraft:wall_torch":1,"farm_and_charm:wild_onions":3,"minecraft:sweet_berry_bush":19,"minecraft:spruce_log":32,"k_turrets:titanium_ore":9,"minecraft:grass":5,"minecraft:oak_log":9,"minecraft:coal_ore":79,"projectvibrantjourneys:short_grass":42,"minecraft:dirt":1,"create:crimsite":1,"minecraft:fern":3},"minecraft:used":{"minecraft:stone_sword":332,"minecraft:spruce_planks":59,"minecraft:shield":6,"minecraft:torch":33,"minecraft:dirt":4,"minecraft:carrot":30,"minecraft:spruce_boat":2,"minecraft:wooden_axe":55,"minecraft:sweet_berries":44,"minecraft:furnace":3,"minecraft:calcite":1,"minecraft:stone_pickaxe":66,"minecraft:wooden_pickaxe":41,"minecraft:crafting_table":8,"minecraft:spruce_log":1,"minecraft:bread":7,"minecraft:iron_pickaxe":147,"minecraft:cobblestone":38,"alexsmobs:animal_dictionary":1}},"DataVersion":3465}