{"stats":{"minecraft:custom":{"minecraft:interact_with_furnace":4,"minecraft:mob_kills":23,"minecraft:interact_with_crafting_table":13,"minecraft:damage_dealt_resisted":439,"minecraft:time_since_death":29779,"minecraft:time_since_rest":29823,"minecraft:sprint_one_cm":117958,"minecraft:damage_taken":523,"minecraft:walk_one_cm":72263,"minecraft:drop":20,"minecraft:damage_dealt":4560,"minecraft:damage_dealt_absorbed":79,"minecraft:swim_one_cm":3715,"minecraft:fly_one_cm":237986,"minecraft:crouch_one_cm":55888,"minecraft:play_time":50462,"minecraft:deaths":1,"minecraft:sneak_time":16845,"minecraft:walk_under_water_one_cm":1280,"minecraft:jump":975,"minecraft:walk_on_water_one_cm":1099,"minecraft:total_world_time":50462,"minecraft:fall_one_cm":24619},"minecraft:killed_by":{"minecraft:zombie":1},"minecraft:dropped":{"sophisticatedbackpacks:iron_backpack":1,"minecraft:sweet_berries":27,"minecraft:wheat_seeds":1,"minecraft:stone_sword":1,"minecraft:feather":3,"projectvibrantjourneys:sea_oats":1,"farm_and_charm:onion":5,"brewery:hops_seeds":8,"projectvibrantjourneys:bark_mushroom":2},"minecraft:crafted":{"minecraft:crafting_table":2,"minecraft:spruce_planks":124,"minecraft:wooden_pickaxe":1,"minecraft:furnace":1,"minecraft:air":0,"minecraft:shield":1,"minecraft:stick":24,"minecraft:iron_ingot":4,"minecraft:iron_pickaxe":1,"minecraft:stone_pickaxe":1,"minecraft:wooden_axe":1,"minecraft:stone_sword":3,"minecraft:torch":40},"minecraft:killed":{"minecraft:zombie":21,"minecraft:chicken":1,"alexsmobs:crow":1},"minecraft:picked_up":{"minecraft:magma_block":16,"minecraft:crafting_table":5,"minecraft:feather":3,"minecraft:chicken":1,"minecraft:gunpowder":5,"projectvibrantjourneys:sea_oats":2,"farm_and_charm:onion":5,"minecraft:dirt":2,"minecraft:raw_copper":65,"brewery:hops_seeds":8,"minecraft:bone":3,"minecraft:wheat_seeds":1,"minecraft:spruce_planks":3,"minecraft:calcite":2,"minecraft:sugar_cane":6,"minecraft:stick":3,"minecraft:raw_iron":4,"minecraft:sweet_berries":61,"psg:raw_potassium":16,"projectvibrantjourneys:bark_mushroom":2,"minecraft:torch":4,"pointblank:gunmetal_nugget":16,"psg:sulphur":36,"minecraft:spruce_sapling":6,"sophisticatedbackpacks:iron_backpack":2,"minecraft:spruce_log":32,"minecraft:carrot":28,"create:crimsite":1,"minecraft:stone_sword":1,"minecraft:rotten_flesh":16,"k_turrets:raw_titanium":2,"projectvibrantjourneys:orange_bark_mushroom":1,"minecraft:coal":50,"minecraft:cobblestone":73},"minecraft:mined":{"minecraft:spruce_planks":3,"brewery:wild_hops":4,"projectvibrantjourneys:sea_oats":1,"psg:potassium_ore":6,"farm_and_charm:wild_beetroots":1,"psg:sulphur_ore":8,"minecraft:crafting_table":5,"minecraft:torch":1,"farm_and_charm:wild_carrots":9,"minecraft:grass_block":2,"minecraft:calcite":2,"minecraft:cobblestone":8,"minecraft:copper_ore":15,"minecraft:spruce_leaves":6,"minecraft:sugar_cane":3,"minecraft:wall_torch":1,"minecraft:magma_block":16,"farm_and_charm:wild_onions":2,"minecraft:iron_ore":4,"minecraft:sweet_berry_bush":19,"minecraft:fire":3,"minecraft:spruce_log":32,"k_turrets:titanium_ore":2,"minecraft:grass":2,"minecraft:coal_ore":50,"projectvibrantjourneys:short_grass":36,"minecraft:stone":67,"create:crimsite":1,"minecraft:fern":2},"minecraft:used":{"minecraft:calcite":1,"minecraft:stone_sword":177,"minecraft:stone_pickaxe":66,"minecraft:spruce_planks":41,"minecraft:wooden_pickaxe":41,"minecraft:torch":19,"minecraft:dirt":2,"minecraft:crafting_table":6,"minecraft:carrot":10,"minecraft:spruce_log":1,"minecraft:wooden_axe":37,"minecraft:bread":7,"minecraft:iron_pickaxe":77,"minecraft:cobblestone":26,"minecraft:sweet_berries":44,"minecraft:furnace":1,"alexsmobs:animal_dictionary":1}},"DataVersion":3465}