{"stats":{"minecraft:custom":{"minecraft:jump":56,"minecraft:time_since_rest":3804,"minecraft:crouch_one_cm":64,"minecraft:sprint_one_cm":7275,"minecraft:damage_taken":20,"minecraft:play_time":3804,"minecraft:time_since_death":3804,"minecraft:walk_one_cm":24797,"minecraft:sneak_time":8,"minecraft:total_world_time":3804,"minecraft:fall_one_cm":1109,"minecraft:fly_one_cm":19907},"minecraft:crafted":{"minecraft:crafting_table":1,"minecraft:spruce_planks":28},"minecraft:picked_up":{"minecraft:stick":6,"minecraft:spruce_log":7,"minecraft:sugar_cane":16},"minecraft:mined":{"projectvibrantjourneys:short_grass":1,"minecraft:spruce_log":7,"projectvibrantjourneys:twigs":6,"minecraft:sugar_cane":5,"projectvibrantjourneys:rocks":1,"projectvibrantjourneys:pinecones":1},"minecraft:used":{"alexsmobs:animal_dictionary":1}},"DataVersion":3465}