{"stats":{"minecraft:custom":{"minecraft:interact_with_furnace":36,"minecraft:mob_kills":50,"minecraft:interact_with_crafting_table":27,"minecraft:damage_dealt_resisted":87,"minecraft:time_since_death":31028,"minecraft:climb_one_cm":2538,"minecraft:time_since_rest":31068,"minecraft:sprint_one_cm":47487,"minecraft:damage_taken":1175,"minecraft:walk_one_cm":432216,"minecraft:drop":36,"minecraft:damage_dealt":7738,"minecraft:swim_one_cm":2547,"minecraft:fly_one_cm":72533,"minecraft:crouch_one_cm":2287,"minecraft:play_time":99804,"minecraft:deaths":2,"minecraft:sneak_time":1128,"minecraft:walk_under_water_one_cm":33934,"minecraft:jump":889,"minecraft:walk_on_water_one_cm":17027,"minecraft:total_world_time":99804,"minecraft:fall_one_cm":13758},"minecraft:killed_by":{"minecraft:zombie":2},"minecraft:dropped":{"minecraft:furnace":2,"minecraft:bread":9,"minecraft:cobbled_deepslate":131,"minecraft:cobblestone":252,"minecraft:clay_ball":128,"psg:raw_potassium":8,"minecraft:tropical_fish":1,"minecraft:stick":2,"minecraft:dirt":5,"farm_and_charm:strawberry_seeds":1,"minecraft:mutton":2,"ecologics:surface_moss":63,"brewery:hops_seeds":4,"minecraft:string":1,"minecraft:bone":3},"minecraft:crafted":{"minecraft:coal_block":1,"minecraft:spyglass":1,"minecraft:crafting_table":1,"minecraft:spruce_planks":28,"minecraft:wooden_pickaxe":1,"minecraft:iron_sword":1,"immersive_melodies:trumpet":1,"minecraft:furnace":1,"minecraft:copper_ingot":33,"minecraft:bucket":1,"minecraft:stone_axe":1,"minecraft:air":0,"ecologics:surface_moss":36,"minecraft:stick":12,"psg:potassium":17,"minecraft:iron_ingot":20,"minecraft:iron_pickaxe":2,"minecraft:stone_pickaxe":4,"minecraft:stone_sword":1,"minecraft:iron_leggings":1,"minecraft:torch":4,"create:zinc_ingot":12},"minecraft:broken":{"minecraft:stone_pickaxe":4,"minecraft:stone_sword":1,"minecraft:iron_pickaxe":1,"minecraft:wooden_pickaxe":1},"minecraft:killed":{"minecraft:zombie_villager":1,"minecraft:rabbit":1,"alexsmobs:seagull":1,"minecraft:sheep":1,"minecraft:zombie":46},"minecraft:picked_up":{"minecraft:crafting_table":6,"minecraft:clay_ball":192,"farm_and_charm:onion":34,"minecraft:amethyst_block":1,"create:raw_zinc":12,"minecraft:gunpowder":11,"farm_and_charm:oat":19,"minecraft:string":3,"minecraft:dirt":5,"minecraft:raw_copper":88,"brewery:hops_seeds":4,"minecraft:bone":3,"minecraft:beetroot":37,"minecraft:cobbled_deepslate":131,"minecraft:rabbit":1,"minecraft:moss_block":4,"minecraft:sugar_cane":24,"minecraft:furnace":4,"minecraft:stick":9,"minecraft:raw_iron":20,"minecraft:pumpkin":8,"psg:raw_potassium":25,"farm_and_charm:strawberry_seeds":1,"minecraft:torch":7,"minecraft:gravel":20,"psg:sulphur":162,"pointblank:gunmetal_nugget":38,"minecraft:amethyst_shard":20,"minecraft:carrot":21,"minecraft:spruce_log":7,"minecraft:tropical_fish":1,"minecraft:rotten_flesh":35,"minecraft:diamond":2,"ecologics:surface_moss":29,"k_turrets:raw_titanium":5,"farm_and_charm:strawberry":25,"minecraft:bread":9,"minecraft:mutton":2,"minecraft:glow_berries":8,"minecraft:coal":60,"minecraft:white_wool":1,"minecraft:cobblestone":345},"minecraft:mined":{"create:zinc_ore":1,"projectvibrantjourneys:cattail":2,"minecraft:large_amethyst_bud":4,"create:deepslate_zinc_ore":12,"farm_and_charm:wild_nettle":1,"brewery:wild_hops":3,"minecraft:blackstone":3,"minecraft:deepslate_diamond_ore":2,"minecraft:medium_amethyst_bud":2,"psg:potassium_ore":4,"minecraft:amethyst_cluster":5,"ecologics:surface_moss":1,"psg:deepslate_sulphur_ore":5,"farm_and_charm:wild_beetroots":14,"projectvibrantjourneys:rocks":2,"psg:sulphur_ore":19,"minecraft:clay":24,"minecraft:crafting_table":6,"minecraft:torch":1,"minecraft:cave_vines_plant":3,"farm_and_charm:wild_carrots":6,"projectvibrantjourneys:twigs":9,"minecraft:grass_block":3,"minecraft:copper_ore":14,"minecraft:sugar_cane":7,"minecraft:moss_block":6,"minecraft:wall_torch":6,"minecraft:amethyst_block":4,"minecraft:deepslate_copper_ore":2,"minecraft:furnace":3,"farm_and_charm:wild_onions":5,"minecraft:iron_ore":7,"minecraft:ice":1,"projectvibrantjourneys:bones":2,"minecraft:spruce_log":7,"minecraft:pumpkin":9,"k_turrets:titanium_ore":5,"minecraft:coal_ore":38,"minecraft:cave_vines":3,"projectvibrantjourneys:short_grass":8,"minecraft:deepslate_iron_ore":13,"minecraft:small_amethyst_bud":1,"minecraft:gravel":21,"projectvibrantjourneys:pinecones":2,"minecraft:dirt":15,"farm_and_charm:wild_oat":5,"farm_and_charm:wild_strawberries":9,"projectvibrantjourneys:seashells":4,"minecraft:stone":425,"minecraft:deepslate":211},"minecraft:used":{"minecraft:beetroot":3,"minecraft:water_bucket":1,"minecraft:amethyst_block":1,"minecraft:stone_sword":133,"minecraft:rabbit":1,"minecraft:stone_pickaxe":526,"minecraft:iron_sword":63,"minecraft:spruce_planks":15,"minecraft:wooden_pickaxe":59,"minecraft:torch":7,"minecraft:glow_berries":1,"minecraft:spyglass":1,"minecraft:crafting_table":6,"minecraft:carrot":11,"minecraft:bread":8,"minecraft:iron_pickaxe":268,"ecologics:surface_moss":2,"minecraft:stone_axe":23,"minecraft:cobblestone":9,"minecraft:furnace":3,"minecraft:bucket":2,"alexsmobs:animal_dictionary":1,"minecraft:cobbled_deepslate":5}},"DataVersion":3465}