{"stats":{"minecraft:custom":{"minecraft:interact_with_furnace":21,"minecraft:mob_kills":7,"minecraft:interact_with_crafting_table":13,"minecraft:time_since_death":31797,"minecraft:climb_one_cm":1537,"minecraft:time_since_rest":31823,"minecraft:sprint_one_cm":17269,"minecraft:damage_taken":486,"minecraft:walk_one_cm":151235,"minecraft:drop":9,"minecraft:damage_dealt":3,"minecraft:swim_one_cm":2547,"minecraft:fly_one_cm":44254,"minecraft:crouch_one_cm":490,"minecraft:play_time":51804,"minecraft:deaths":1,"minecraft:sneak_time":384,"minecraft:walk_under_water_one_cm":14379,"minecraft:jump":353,"minecraft:walk_on_water_one_cm":6536,"minecraft:total_world_time":51804,"minecraft:fall_one_cm":7015},"minecraft:killed_by":{"minecraft:zombie":1},"minecraft:dropped":{"minecraft:bread":9,"minecraft:cobbled_deepslate":3,"minecraft:cobblestone":188,"minecraft:clay_ball":96},"minecraft:crafted":{"minecraft:coal_block":1,"minecraft:crafting_table":1,"minecraft:spruce_planks":28,"minecraft:wooden_pickaxe":1,"immersive_melodies:trumpet":1,"minecraft:furnace":1,"minecraft:copper_ingot":23,"minecraft:stone_axe":1,"minecraft:air":0,"minecraft:stick":8,"psg:potassium":13,"minecraft:iron_ingot":9,"minecraft:iron_pickaxe":1,"minecraft:stone_pickaxe":4,"minecraft:stone_sword":1,"minecraft:torch":4},"minecraft:broken":{"minecraft:stone_pickaxe":4,"minecraft:wooden_pickaxe":1},"minecraft:killed":{"minecraft:zombie":7},"minecraft:picked_up":{"minecraft:crafting_table":3,"minecraft:clay_ball":160,"create:raw_zinc":12,"minecraft:string":1,"minecraft:dirt":5,"minecraft:raw_copper":58,"brewery:hops_seeds":4,"minecraft:bone":1,"minecraft:beetroot":10,"minecraft:cobbled_deepslate":131,"minecraft:moss_block":4,"minecraft:sugar_cane":24,"minecraft:furnace":1,"minecraft:stick":9,"minecraft:raw_iron":9,"psg:raw_potassium":17,"minecraft:torch":6,"minecraft:gravel":20,"psg:sulphur":162,"pointblank:gunmetal_nugget":4,"minecraft:spruce_log":7,"minecraft:rotten_flesh":8,"k_turrets:raw_titanium":5,"minecraft:bread":9,"minecraft:glow_berries":6,"minecraft:coal":38,"minecraft:cobblestone":344},"minecraft:mined":{"create:deepslate_zinc_ore":12,"brewery:wild_hops":3,"minecraft:blackstone":2,"psg:deepslate_sulphur_ore":5,"farm_and_charm:wild_beetroots":3,"projectvibrantjourneys:rocks":2,"psg:sulphur_ore":19,"minecraft:clay":24,"minecraft:crafting_table":3,"minecraft:cave_vines_plant":3,"projectvibrantjourneys:twigs":9,"minecraft:copper_ore":13,"minecraft:sugar_cane":7,"minecraft:moss_block":6,"minecraft:wall_torch":6,"minecraft:deepslate_copper_ore":2,"minecraft:furnace":1,"minecraft:iron_ore":5,"minecraft:ice":1,"minecraft:spruce_log":7,"k_turrets:titanium_ore":5,"minecraft:coal_ore":38,"minecraft:cave_vines":3,"projectvibrantjourneys:short_grass":2,"minecraft:deepslate_iron_ore":4,"minecraft:gravel":21,"projectvibrantjourneys:pinecones":2,"minecraft:dirt":5,"projectvibrantjourneys:seashells":4,"minecraft:stone":381,"minecraft:deepslate":211},"minecraft:used":{"minecraft:beetroot":3,"minecraft:stone_sword":1,"minecraft:stone_pickaxe":526,"minecraft:wooden_pickaxe":59,"minecraft:torch":6,"minecraft:glow_berries":1,"minecraft:crafting_table":4,"minecraft:bread":2,"minecraft:iron_pickaxe":183,"minecraft:stone_axe":3,"minecraft:cobblestone":6,"minecraft:furnace":2,"alexsmobs:animal_dictionary":1,"minecraft:cobbled_deepslate":5}},"DataVersion":3465}