{"stats":{"minecraft:custom":{"minecraft:mob_kills":218,"minecraft:interact_with_crafting_table":82,"minecraft:damage_dealt_resisted":1186,"minecraft:leave_game":2,"minecraft:time_since_death":42234,"minecraft:climb_one_cm":35256,"minecraft:sprint_one_cm":398339,"minecraft:walk_one_cm":1698027,"minecraft:drop":94,"minecraft:damage_dealt_absorbed":70,"minecraft:play_time":369274,"minecraft:deaths":22,"minecraft:sneak_time":3887,"minecraft:walk_under_water_one_cm":52735,"minecraft:boat_one_cm":29233,"minecraft:jump":5009,"minecraft:walk_on_water_one_cm":39813,"minecraft:total_world_time":369274,"minecraft:interact_with_furnace":73,"minecraft:interact_with_stonecutter":2,"minecraft:sleep_in_bed":8,"minecraft:time_since_rest":42257,"minecraft:damage_taken":8843,"minecraft:damage_dealt":40587,"minecraft:swim_one_cm":59484,"minecraft:player_kills":3,"minecraft:fly_one_cm":591779,"minecraft:open_chest":40,"minecraft:crouch_one_cm":5661,"minecraft:fall_one_cm":96589},"minecraft:killed_by":{"minecraft:player":7,"minecraft:zombie":13},"minecraft:dropped":{"minecraft:bread":9,"minecraft:poisonous_potato":1,"minecraft:cobblestone":257,"minecraft:glow_berries":14,"minecraft:leather":4,"minecraft:spruce_door":1,"minecraft:tropical_fish":1,"projectvibrantjourneys:orange_bark_mushroom":2,"minecraft:coal":22,"minecraft:stick":2,"minecraft:spruce_leaves":2,"minecraft:dirt":6,"minecraft:cornflower":1,"minecraft:mutton":2,"minecraft:iron_leggings":1,"minecraft:amethyst_shard":19,"minecraft:string":2,"minecraft:white_wool":2,"projectvibrantjourneys:bark_mushroom":1,"minecraft:bone":12,"minecraft:gravel":20,"minecraft:furnace":2,"minecraft:cobbled_deepslate":131,"alexsmobs:animal_dictionary":1,"minecraft:rotten_flesh":7,"minecraft:clay_ball":192,"sophisticatedbackpacks:backpack":2,"psg:raw_potassium":8,"minecraft:pumpkin_seeds":16,"minecraft:carrot":21,"psg:sulphur":51,"pointblank:gunmetal_nugget":1,"projectvibrantjourneys:light_brown_bark_mushroom":1,"beachparty:palm_planks":5,"farm_and_charm:strawberry_seeds":1,"minecraft:spruce_planks":63,"minecraft:andesite":1,"ecologics:surface_moss":63,"minecraft:spider_eye":1,"comforts:sleeping_bag_white":2,"brewery:hops_seeds":4,"minecraft:red_sand":6,"minecraft:beef":4,"minecraft:oak_leaves":14},"minecraft:crafted":{"create:tiled_glass":2,"minecraft:wooden_sword":1,"minecraft:stone_shovel":1,"minecraft:iron_nugget":36,"minecraft:spyglass":1,"comforts:sleeping_bag_white":1,"immersive_melodies:trumpet":1,"minecraft:furnace":2,"minecraft:stone":3,"minecraft:cobblestone_stairs":72,"minecraft:bone_meal":6,"marbledsarsenal:oak_ghillie_helmet":1,"minecraft:glass":22,"ecologics:surface_moss":36,"psg:potassium":17,"marbledsarsenal:oak_ghillie_boots":1,"minecraft:stone_pickaxe":5,"minecraft:chest":5,"minecraft:stone_hoe":1,"marbledsarsenal:oak_ghillie_chestplate":1,"beachparty:palm_planks":8,"minecraft:coal_block":4,"create:tiled_glass_pane":16,"minecraft:baked_potato":8,"sophisticatedbackpacks:backpack":1,"minecraft:spruce_sign":3,"minecraft:crafting_table":3,"pointblank:gunmetal_ingot":32,"minecraft:spruce_planks":384,"minecraft:wooden_pickaxe":1,"minecraft:iron_sword":2,"minecraft:spruce_door":3,"tacz:gun_smith_table":1,"minecraft:copper_ingot":81,"minecraft:bread":1,"minecraft:bucket":1,"minecraft:pumpkin_seeds":8,"minecraft:stone_axe":3,"minecraft:air":0,"minecraft:blue_dye":1,"minecraft:wooden_hoe":1,"minecraft:stonecutter":1,"minecraft:stick":20,"minecraft:iron_ingot":90,"minecraft:iron_pickaxe":3,"minecraft:iron_block":1,"minecraft:stone_sword":2,"minecraft:iron_leggings":1,"minecraft:white_bed":1,"marbledsarsenal:oak_ghillie_leggings":1,"minecraft:torch":8,"create:zinc_ingot":12,"minecraft:shears":1},"minecraft:broken":{"minecraft:stone_sword":2,"minecraft:iron_leggings":1,"minecraft:wooden_pickaxe":1,"minecraft:stone_pickaxe":5,"marbledsarsenal:cm6m_gas_mask":1,"minecraft:wooden_sword":1,"minecraft:leather_boots":1,"minecraft:stone_axe":3,"minecraft:iron_sword":1,"minecraft:iron_pickaxe":2,"minecraft:wooden_hoe":1},"minecraft:killed":{"hordes:zombie_player":6,"alexsmobs:seagull":1,"minecraft:drowned":4,"minecraft:pig":1,"alexsmobs:grizzly_bear":1,"minecraft:zombie_villager":5,"minecraft:rabbit":1,"hordes:drowned_player":1,"minecraft:sheep":3,"minecraft:zombie":179,"alexsmobs:fly":3,"minecraft:cow":10},"minecraft:picked_up":{"minecraft:wheat":4,"minecraft:spruce_leaves":2,"minecraft:crafting_table":7,"minecraft:ladder":2,"minecraft:clay_ball":192,"minecraft:cornflower":8,"minecraft:amethyst_block":1,"minecraft:string":16,"minecraft:raw_copper":115,"minecraft:iron_leggings":1,"tacz:ammo":144,"minecraft:beetroot":64,"minecraft:red_sand":46,"minecraft:cobbled_deepslate":131,"comforts:sleeping_bag_white":2,"minecraft:spruce_planks":121,"minecraft:beef":12,"minecraft:sugar_cane":24,"farmersdelight:cabbage_seeds":4,"minecraft:furnace":5,"minecraft:egg":1,"minecraft:stick":24,"minecraft:raw_iron":90,"projectvibrantjourneys:bark_mushroom":1,"minecraft:torch":25,"sophisticatedbackpacks:backpack":1,"pointblank:gunmetal_nugget":331,"psg:sulphur":190,"minecraft:carrot":112,"minecraft:redstone":65,"minecraft:rotten_flesh":235,"ecologics:surface_moss":29,"minecraft:tropical_fish":1,"k_turrets:raw_titanium":5,"farm_and_charm:strawberry":64,"sophisticatedbackpacks:copper_backpack":1,"minecraft:glow_berries":22,"minecraft:mutton":2,"minecraft:white_wool":8,"minecraft:cobblestone":689,"minecraft:andesite":22,"projectvibrantjourneys:fallen_leaves":4,"minecraft:leather":8,"minecraft:oak_log":14,"minecraft:birch_planks":7,"minecraft:potato":36,"alexsmobs:bear_fur":3,"beachparty:palm_log":4,"create:raw_zinc":23,"minecraft:lapis_lazuli":73,"minecraft:gunpowder":41,"minecraft:cobblestone_stairs":15,"farm_and_charm:onion":63,"farm_and_charm:oat":19,"minecraft:dirt":7,"brewery:hops_seeds":4,"minecraft:bone":36,"minecraft:wheat_seeds":18,"tacz:gun_smith_table":3,"minecraft:rabbit":1,"minecraft:moss_block":4,"projectvibrantjourneys:light_brown_bark_mushroom":2,"minecraft:pumpkin":12,"minecraft:sweet_berries":51,"psg:raw_potassium":32,"farm_and_charm:strawberry_seeds":1,"minecraft:dandelion":17,"minecraft:poisonous_potato":1,"minecraft:gravel":23,"minecraft:amethyst_shard":20,"minecraft:spruce_sapling":10,"minecraft:white_bed":1,"minecraft:spruce_log":122,"minecraft:spruce_door":4,"minecraft:spider_eye":10,"minecraft:pumpkin_seeds":9,"minecraft:slime_ball":3,"minecraft:diamond":2,"tacz:modern_kinetic_gun":2,"minecraft:bread":9,"projectvibrantjourneys:orange_bark_mushroom":3,"minecraft:oak_leaves":38,"minecraft:coal":122},"minecraft:mined":{"create:zinc_ore":12,"minecraft:large_amethyst_bud":4,"create:deepslate_zinc_ore":12,"minecraft:spruce_planks":10,"farm_and_charm:wild_nettle":1,"minecraft:white_bed":1,"minecraft:deepslate_diamond_ore":2,"minecraft:cobblestone_stairs":17,"projectvibrantjourneys:rocks":8,"psg:sulphur_ore":25,"ecologics:surface_moss":1,"minecraft:cave_vines_plant":3,"minecraft:red_sand":49,"minecraft:grass_block":4,"minecraft:spruce_leaves":9,"farmersdelight:wild_cabbages":4,"minecraft:moss_block":6,"tacz:gun_smith_table":3,"minecraft:large_fern":8,"minecraft:tall_seagrass":3,"minecraft:redstone_ore":14,"minecraft:spruce_sapling":2,"minecraft:furnace":4,"minecraft:iron_ore":77,"minecraft:andesite":20,"projectvibrantjourneys:bark_mushroom":1,"minecraft:pumpkin":13,"minecraft:potatoes":6,"minecraft:cave_vines":3,"minecraft:deepslate_iron_ore":13,"minecraft:small_amethyst_bud":1,"farm_and_charm:wild_oat":5,"farm_and_charm:wild_strawberries":23,"projectvibrantjourneys:seashells":5,"minecraft:stone":717,"minecraft:podzol":1,"projectvibrantjourneys:cattail":4,"brewery:wild_hops":3,"minecraft:blackstone":3,"minecraft:medium_amethyst_bud":2,"psg:potassium_ore":4,"minecraft:amethyst_cluster":5,"minecraft:spruce_door":2,"minecraft:dandelion":18,"farm_and_charm:wild_beetroots":25,"psg:deepslate_sulphur_ore":5,"minecraft:cornflower":9,"minecraft:clay":24,"minecraft:crafting_table":7,"minecraft:torch":13,"farm_and_charm:wild_carrots":41,"projectvibrantjourneys:twigs":14,"farm_and_charm:wild_potatoes":6,"projectvibrantjourneys:mossy_rocks":1,"projectvibrantjourneys:natural_cobweb":2,"minecraft:tall_grass":1,"minecraft:cobblestone":62,"minecraft:copper_ore":21,"minecraft:lapis_ore":10,"projectvibrantjourneys:fallen_leaves":5,"minecraft:sugar_cane":7,"minecraft:wall_torch":13,"vinery:white_grape_bush":1,"minecraft:amethyst_block":4,"minecraft:deepslate_copper_ore":2,"minecraft:birch_planks":7,"farmersdelight:sandy_shrub":2,"farm_and_charm:wild_onions":12,"minecraft:wheat":4,"minecraft:sweet_berry_bush":12,"minecraft:ice":2,"minecraft:spruce_log":109,"projectvibrantjourneys:bones":3,"minecraft:oak_log":14,"k_turrets:titanium_ore":5,"minecraft:grass":50,"beachparty:palm_log":4,"minecraft:coal_ore":58,"projectvibrantjourneys:short_grass":69,"projectvibrantjourneys:pinecones":3,"minecraft:gravel":24,"minecraft:dirt":15,"minecraft:oak_leaves":42,"minecraft:deepslate":211,"minecraft:fern":3},"minecraft:used":{"minecraft:beetroot":3,"marbledsarsenal:oak_ghillie_leggings":1,"minecraft:stone_sword":351,"minecraft:stone_shovel":58,"minecraft:ladder":2,"tacz:gun_smith_table":4,"minecraft:chest":4,"minecraft:spruce_planks":166,"minecraft:iron_sword":412,"minecraft:stone_hoe":46,"minecraft:torch":29,"minecraft:dirt":1,"minecraft:spyglass":6,"farm_and_charm:onion":74,"minecraft:carrot":115,"marbledsarsenal:oak_ghillie_chestplate":1,"minecraft:axolotl_bucket":1,"projectvibrantjourneys:fallen_leaves":2,"ecologics:surface_moss":2,"minecraft:beef":1,"minecraft:sweet_berries":50,"minecraft:furnace":5,"minecraft:egg":1,"comforts:sleeping_bag_white":1,"minecraft:potato":28,"minecraft:cobbled_deepslate":5,"minecraft:wheat_seeds":7,"projectvibrantjourneys:light_brown_bark_mushroom":1,"minecraft:water_bucket":1,"minecraft:stonecutter":1,"minecraft:baked_potato":3,"marbledsarsenal:oak_ghillie_helmet":1,"minecraft:amethyst_block":1,"minecraft:cobblestone_stairs":83,"minecraft:spruce_door":6,"minecraft:spruce_sign":3,"minecraft:rabbit":1,"minecraft:stone_pickaxe":657,"minecraft:wooden_pickaxe":59,"minecraft:glow_berries":1,"minecraft:crafting_table":9,"minecraft:shears":35,"minecraft:white_bed":2,"minecraft:spruce_log":8,"minecraft:oak_log":1,"minecraft:wooden_hoe":94,"minecraft:bread":10,"minecraft:iron_pickaxe":684,"minecraft:spruce_sapling":10,"beachparty:palm_log":2,"marbledsarsenal:oak_ghillie_boots":1,"minecraft:stone_axe":293,"minecraft:wooden_sword":66,"minecraft:cobblestone":284,"minecraft:andesite":6,"minecraft:bucket":2,"alexsmobs:animal_dictionary":2,"minecraft:bone_meal":6}},"DataVersion":3465}