{"stats":{"minecraft:custom":{"minecraft:time_since_rest":7823,"minecraft:sprint_one_cm":17227,"minecraft:damage_taken":486,"minecraft:walk_one_cm":130736,"minecraft:mob_kills":7,"minecraft:damage_dealt":3,"minecraft:interact_with_crafting_table":6,"minecraft:swim_one_cm":2547,"minecraft:fly_one_cm":44254,"minecraft:crouch_one_cm":490,"minecraft:deaths":1,"minecraft:play_time":27804,"minecraft:sneak_time":360,"minecraft:walk_under_water_one_cm":12632,"minecraft:jump":234,"minecraft:time_since_death":7797,"minecraft:walk_on_water_one_cm":4925,"minecraft:total_world_time":27804,"minecraft:climb_one_cm":1537,"minecraft:fall_one_cm":7015},"minecraft:killed_by":{"minecraft:zombie":1},"minecraft:crafted":{"minecraft:crafting_table":1,"minecraft:spruce_planks":28,"minecraft:stick":4,"minecraft:wooden_pickaxe":1,"minecraft:stone_pickaxe":3,"minecraft:stone_sword":1,"minecraft:torch":4,"minecraft:stone_axe":1},"minecraft:broken":{"minecraft:stone_pickaxe":2,"minecraft:wooden_pickaxe":1},"minecraft:killed":{"minecraft:zombie":7},"minecraft:picked_up":{"minecraft:raw_iron":5,"minecraft:stick":9,"minecraft:crafting_table":2,"minecraft:clay_ball":96,"psg:raw_potassium":13,"minecraft:torch":1,"pointblank:gunmetal_nugget":4,"psg:sulphur":53,"minecraft:dirt":5,"minecraft:spruce_log":7,"minecraft:string":1,"minecraft:raw_copper":26,"brewery:hops_seeds":4,"minecraft:bone":1,"minecraft:rotten_flesh":8,"minecraft:beetroot":10,"minecraft:cobbled_deepslate":33,"k_turrets:raw_titanium":5,"minecraft:moss_block":4,"minecraft:sugar_cane":24,"minecraft:glow_berries":6,"minecraft:coal":33,"minecraft:cobblestone":228},"minecraft:mined":{"brewery:wild_hops":3,"minecraft:iron_ore":5,"minecraft:ice":1,"minecraft:spruce_log":7,"farm_and_charm:wild_beetroots":3,"psg:sulphur_ore":11,"projectvibrantjourneys:rocks":2,"minecraft:clay":24,"minecraft:crafting_table":2,"minecraft:cave_vines_plant":3,"k_turrets:titanium_ore":5,"projectvibrantjourneys:twigs":9,"minecraft:coal_ore":33,"minecraft:cave_vines":3,"projectvibrantjourneys:short_grass":2,"projectvibrantjourneys:pinecones":2,"minecraft:dirt":5,"minecraft:copper_ore":7,"projectvibrantjourneys:seashells":4,"minecraft:stone":228,"minecraft:moss_block":6,"minecraft:sugar_cane":7,"minecraft:wall_torch":1,"minecraft:deepslate":33},"minecraft:used":{"minecraft:beetroot":3,"minecraft:stone_sword":1,"minecraft:stone_pickaxe":307,"minecraft:wooden_pickaxe":59,"minecraft:torch":1,"minecraft:stone_axe":2,"minecraft:glow_berries":1,"minecraft:cobblestone":3,"minecraft:crafting_table":3,"alexsmobs:animal_dictionary":1}},"DataVersion":3465}