{"stats":{"minecraft:killed_by":{"minecraft:zombie_villager":1,"mutantmonsters:mutant_zombie":3,"minecraft:zombie":37,"alexsmobs:grizzly_bear":1,"minecraft:husk":3,"minecraft:player":8,"hordes:zombie_player":8},"minecraft:picked_up":{"vinery:red_grape":14,"minecraft:wheat":68,"vinery:red_grape_seeds":2,"minecraft:brewing_stand":1,"minecraft:amethyst_block":1,"minecraft:string":19,"minecraft:raw_copper":462,"minecraft:iron_leggings":1,"minecraft:zombie_head":1,"brewery:hops":9,"minecraft:beetroot":64,"create:water_wheel":7,"minecraft:red_sand":57,"create:mechanical_press":1,"minecraft:cobbled_deepslate":309,"comforts:sleeping_bag_white":2,"minecraft:spruce_planks":145,"minecraft:calcite":4,"farmersdelight:cabbage_seeds":4,"minecraft:furnace":8,"minecraft:stick":62,"minecraft:torch":55,"create:andesite_casing":5,"minecraft:porkchop":7,"marbledsarsenal:oak_ghillie_chestplate":1,"psg:sulphur":274,"minecraft:pointed_dripstone":27,"minecraft:diorite":33,"marbledsapi:rubber":8,"marbledsarsenal:oak_ghillie_leggings":1,"minecraft:cauldron":1,"create:large_cogwheel":8,"minecraft:rotten_flesh":403,"ecologics:surface_moss":29,"minecraft:tropical_fish":1,"create:asurine":10,"minecraft:cobblestone":1161,"vinery:red_taiga_grapejuice":2,"minecraft:magma_block":10,"minecraft:tuff":3,"minecraft:andesite":378,"projectvibrantjourneys:fallen_leaves":9,"minecraft:potato":232,"alexsmobs:bear_fur":3,"beachparty:palm_log":4,"paraglider:spirit_orb":2,"minecraft:flint":2,"create:raw_zinc":57,"minecraft:lapis_lazuli":163,"minecraft:dirt":902,"brewery:hops_seeds":6,"minecraft:bone":49,"create:mechanical_drill":3,"minecraft:wheat_seeds":231,"better_mob_food:cooked_flesh":3,"minecraft:raw_gold":19,"create:shaft":12,"minecraft:rabbit":2,"minecraft:bamboo":11,"tacz:gun_smith_table":3,"minecraft:moss_block":4,"psg:raw_potassium":76,"create:cogwheel":17,"farm_and_charm:strawberry_seeds":1,"minecraft:poisonous_potato":4,"minecraft:ink_sac":9,"minecraft:mossy_cobblestone":2,"minecraft:diamond":43,"minecraft:soul_lantern":1,"minecraft:emerald":14,"minecraft:bread":12,"minecraft:oak_sapling":29,"minecraft:oak_leaves":40,"minecraft:spruce_leaves":2,"minecraft:crafting_table":12,"minecraft:ladder":2,"minecraft:clay_ball":192,"minecraft:brown_mushroom":12,"minecraft:cornflower":13,"minecraft:cyan_carpet":1,"tacz:ammo":504,"minecraft:blackstone":7,"minecraft:blue_orchid":12,"minecraft:beef":15,"vinery:cherry":43,"minecraft:poppy":18,"minecraft:sugar_cane":24,"minecraft:phantom_membrane":2,"minecraft:egg":2,"minecraft:raw_iron":311,"create:golden_sheet":4,"minecraft:copper_ingot":1,"projectvibrantjourneys:bark_mushroom":1,"sophisticatedbackpacks:backpack":1,"pointblank:gunmetal_nugget":504,"create:hand_crank":1,"minecraft:carrot":130,"minecraft:redstone":65,"k_turrets:raw_titanium":19,"farm_and_charm:strawberry":67,"minecraft:pink_tulip":1,"minecraft:gold_ingot":2,"sophisticatedbackpacks:copper_backpack":2,"minecraft:glow_berries":24,"minecraft:mutton":7,"minecraft:skeleton_skull":4,"minecraft:white_wool":11,"vinery:rotten_cherry":13,"minecraft:leather":8,"minecraft:birch_planks":7,"brewery:wooden_brewingstation":1,"minecraft:oak_log":122,"vinery:taiga_grapes_red":53,"minecraft:gunpowder":62,"minecraft:cobblestone_stairs":22,"projectvibrantjourneys:sea_oats":15,"farm_and_charm:onion":253,"farm_and_charm:oat":19,"minecraft:apple":3,"minecraft:stone_bricks":3,"minecraft:kelp":13,"minecraft:rabbit_hide":1,"minecraft:soul_sand":17,"minecraft:book":3,"projectvibrantjourneys:light_brown_bark_mushroom":2,"minecraft:polished_andesite_stairs":1,"create:large_water_wheel":4,"farm_and_charm:lettuce":3,"minecraft:pumpkin":12,"minecraft:sweet_berries":82,"minecraft:chiseled_stone_bricks":2,"vinery:taiga_grape_seeds_red":11,"minecraft:dandelion":23,"minecraft:dripstone_block":14,"minecraft:gravel":44,"minecraft:amethyst_shard":20,"minecraft:spruce_sapling":26,"minecraft:white_bed":2,"minecraft:spruce_log":207,"minecraft:spruce_door":7,"minecraft:spider_eye":22,"minecraft:pumpkin_seeds":13,"minecraft:slime_ball":8,"tacz:modern_kinetic_gun":3,"minecraft:cherry_sapling":1,"minecraft:mossy_cobblestone_stairs":1,"projectvibrantjourneys:orange_bark_mushroom":5,"minecraft:damaged_anvil":1,"minecraft:coal":445,"minecraft:ender_pearl":1},"minecraft:crafted":{"create:tiled_glass":2,"immersive_aircraft:engine":1,"vinery:lamroc_wine":2,"minecraft:black_dye":4,"minecraft:oak_planks":344,"marbledsarsenal:riot_armor_boots":1,"minecraft:smooth_stone":3,"minecraft:barrel":3,"minecraft:cobblestone_stairs":85,"minecraft:stone":6,"marbledsarsenal:black_plate_carrier_t1":1,"create:mechanical_bearing":1,"marbledsarsenal:cm6m_gas_mask":1,"minecraft:hopper":1,"minecraft:glass":51,"ecologics:surface_moss":36,"marbledsarsenal:riot_armor_leggings":1,"sophisticatedbackpacks:copper_backpack":1,"create:mechanical_press":1,"psg:potassium":68,"vinery:bottle_mojang_noir":3,"marbledsarsenal:armor_plate":3,"minecraft:chest":10,"marbledsapi:steel_ingot":43,"minecraft:stone_hoe":1,"create:cogwheel":4,"vinery:wine_bottle":40,"minecraft:glass_bottle":21,"sophisticatedbackpacks:backpack":1,"create:tiled_glass_pane":32,"minecraft:cauldron":3,"vinery:grapevine_stem":24,"minecraft:crafting_table":7,"minecraft:spruce_planks":552,"minecraft:wooden_pickaxe":1,"minecraft:baked_potato":8,"minecraft:spruce_door":3,"minecraft:red_wool":3,"minecraft:copper_ingot":228,"minecraft:pumpkin_seeds":12,"minecraft:campfire":1,"immersive_aircraft:propeller":4,"vinery:taiga_grape_seeds_red":8,"marbledsapi:raw_steel":43,"minecraft:wooden_hoe":1,"minecraft:diamond_pickaxe":1,"create:water_wheel":1,"minecraft:stick":48,"minecraft:iron_ingot":289,"minecraft:iron_pickaxe":7,"minecraft:iron_block":2,"minecraft:stone_sword":2,"minecraft:gold_ingot":13,"create:large_cogwheel":3,"vinery:red_grape_seeds":4,"marbledsarsenal:gas_mask_filter":2,"brewery:wooden_brewingstation":1,"marbledsarsenal:oak_ghillie_leggings":1,"minecraft:shears":1,"marbledsarsenal:combat_helmet":1,"vinery:apple_press":1,"minecraft:wooden_sword":1,"minecraft:stone_shovel":4,"minecraft:coal":108,"create:wrench":1,"minecraft:iron_nugget":158,"minecraft:spyglass":1,"comforts:sleeping_bag_white":1,"vinery:grapevine_pot":1,"immersive_melodies:trumpet":1,"minecraft:furnace":7,"minecraft:blast_furnace":1,"minecraft:piston":2,"minecraft:gray_dye":6,"minecraft:bone_meal":9,"marbledsarsenal:oak_ghillie_helmet":1,"minecraft:glass_pane":16,"minecraft:oak_trapdoor":110,"vinery:fermentation_barrel":2,"minecraft:spruce_slab":12,"marbledsarsenal:oak_ghillie_boots":1,"minecraft:stone_pickaxe":11,"marbledsarsenal:helmet_cm6m_gas_mask":1,"immersive_aircraft:quadrocopter":1,"marbledsarsenal:oak_ghillie_chestplate":1,"beachparty:palm_planks":8,"minecraft:coal_block":26,"minecraft:red_dye":18,"marbledsapi:steel_sheet":36,"create:andesite_alloy":59,"create:hand_crank":1,"minecraft:iron_trapdoor":1,"minecraft:spruce_sign":3,"immersive_aircraft:boiler":1,"pointblank:gunmetal_ingot":49,"minecraft:iron_sword":2,"create:goggles":1,"create:large_water_wheel":1,"tacz:gun_smith_table":1,"minecraft:bucket":2,"minecraft:stone_axe":5,"minecraft:air":0,"minecraft:bread":7,"minecraft:blue_dye":3,"vinery:straw_hat":1,"minecraft:white_dye":3,"minecraft:iron_shovel":1,"minecraft:iron_leggings":1,"create_sa:copper_sword":1,"minecraft:stonecutter":1,"minecraft:white_bed":1,"create:mechanical_drill":1,"create:shaft":24,"minecraft:torch":8,"create:zinc_ingot":57,"minecraft:lapis_block":8},"minecraft:mined":{"brewery:brew_whistle":1,"minecraft:large_amethyst_bud":4,"create:deepslate_zinc_ore":26,"minecraft:spruce_planks":14,"minecraft:white_bed":2,"minecraft:oak_sapling":1,"minecraft:farmland":24,"create:andesite_casing":6,"minecraft:cobblestone_stairs":25,"minecraft:sculk_vein":2,"minecraft:brewing_stand":1,"minecraft:obsidian":1,"ecologics:surface_moss":1,"minecraft:cave_vines_plant":9,"minecraft:red_sand":60,"vinery:taiga_grape_bush_red":6,"minecraft:grass_block":294,"tacz:gun_smith_table":3,"minecraft:chiseled_stone_bricks":2,"minecraft:spawner":1,"minecraft:tall_seagrass":3,"minecraft:magma_block":10,"minecraft:mossy_cobblestone_stairs":1,"minecraft:iron_ore":219,"minecraft:fire":4,"projectvibrantjourneys:bark_mushroom":1,"minecraft:pumpkin":13,"minecraft:deepslate_lapis_ore":11,"create:asurine":10,"minecraft:pointed_dripstone":7,"minecraft:cave_vines":5,"minecraft:water_cauldron":1,"minecraft:small_amethyst_bud":1,"farm_and_charm:wild_strawberries":24,"create:mechanical_press":1,"farmersdelight:wild_potatoes":1,"projectvibrantjourneys:cattail":4,"create:cogwheel":14,"minecraft:brown_mushroom":12,"minecraft:medium_amethyst_bud":2,"brewery:wild_hops":4,"projectvibrantjourneys:sea_oats":15,"minecraft:blackstone":10,"minecraft:kelp_plant":16,"minecraft:amethyst_cluster":5,"minecraft:soul_lantern":1,"minecraft:powder_snow":1,"farm_and_charm:wild_beetroots":25,"minecraft:clay":24,"minecraft:torch":31,"farm_and_charm:wild_carrots":46,"vinery:red_grape_bush":1,"projectvibrantjourneys:twigs":20,"minecraft:calcite":4,"minecraft:poppy":19,"minecraft:polished_andesite_stairs":1,"projectvibrantjourneys:natural_cobweb":2,"minecraft:damaged_anvil":1,"minecraft:cobblestone":248,"minecraft:sugar_cane":7,"projectvibrantjourneys:fallen_leaves":10,"vinery:white_grape_bush":1,"minecraft:wall_torch":20,"minecraft:amethyst_block":4,"minecraft:deepslate_copper_ore":14,"create:large_water_wheel":1,"minecraft:skeleton_skull":4,"farmersdelight:sandy_shrub":2,"farm_and_charm:wild_onions":25,"minecraft:wheat":72,"projectvibrantjourneys:bones":3,"overworld_netherite_ore:deepslate_ancient_debris_ore":1,"minecraft:smooth_stone_slab":1,"minecraft:grass":60,"beachparty:palm_log":4,"minecraft:oak_log":128,"projectvibrantjourneys:short_grass":104,"create:hand_crank":1,"minecraft:dirt":601,"projectvibrantjourneys:pinecones":3,"minecraft:oak_leaves":106,"minecraft:deepslate":408,"create:zinc_ore":32,"minecraft:diamond_ore":2,"minecraft:tuff":10,"farm_and_charm:wild_nettle":1,"minecraft:mossy_cobblestone":2,"minecraft:deepslate_diamond_ore":41,"farm_and_charm:onion_crop":43,"projectvibrantjourneys:rocks":12,"psg:sulphur_ore":43,"create:large_cogwheel":8,"minecraft:spruce_leaves":53,"farmersdelight:wild_cabbages":4,"minecraft:moss_block":6,"minecraft:kelp":2,"minecraft:large_fern":9,"farmersdelight:wild_onions":1,"create:shaft":12,"minecraft:redstone_ore":14,"minecraft:oak_trapdoor":4,"minecraft:spruce_sapling":3,"minecraft:furnace":7,"minecraft:andesite":376,"minecraft:bookshelf":1,"minecraft:potatoes":66,"minecraft:deepslate_iron_ore":77,"farm_and_charm:wild_oat":5,"minecraft:bamboo":1,"projectvibrantjourneys:seashells":5,"minecraft:stone":1036,"minecraft:podzol":1,"minecraft:soul_sand":18,"psg:potassium_ore":26,"minecraft:dandelion":23,"minecraft:spruce_door":2,"psg:deepslate_sulphur_ore":5,"minecraft:crafting_table":12,"minecraft:cornflower":14,"minecraft:emerald_ore":14,"farm_and_charm:wild_potatoes":7,"create:water_wheel":7,"projectvibrantjourneys:mossy_rocks":2,"minecraft:copper_ore":108,"minecraft:tall_grass":4,"minecraft:deepslate_coal_ore":5,"minecraft:lapis_ore":14,"minecraft:deepslate_gold_ore":19,"minecraft:diorite":36,"farm_and_charm:wild_lettuce":1,"create:water_wheel_structure":3,"minecraft:birch_planks":7,"minecraft:coarse_dirt":3,"minecraft:sweet_berry_bush":13,"minecraft:ice":2,"minecraft:spruce_log":199,"create:mechanical_drill":3,"k_turrets:titanium_ore":19,"minecraft:coal_ore":306,"minecraft:zombie_head":1,"minecraft:gravel":52,"minecraft:dripstone_block":15,"minecraft:cobweb":1,"minecraft:stone_bricks":3,"minecraft:fern":6},"minecraft:broken":{"minecraft:iron_shovel":1,"minecraft:iron_leggings":1,"marbledsarsenal:oak_ghillie_boots":1,"minecraft:stone_pickaxe":10,"marbledsarsenal:oak_ghillie_helmet":1,"marbledsarsenal:cm6m_gas_mask":1,"minecraft:wooden_sword":1,"minecraft:stone_axe":4,"marbledsarsenal:oak_ghillie_leggings":1,"minecraft:iron_sword":2,"minecraft:stone_shovel":4,"minecraft:stone_sword":2,"minecraft:wooden_pickaxe":1,"minecraft:leather_boots":1,"marbledsarsenal:oak_ghillie_chestplate":1,"minecraft:iron_pickaxe":7,"minecraft:wooden_hoe":1},"minecraft:custom":{"minecraft:animals_bred":1,"minecraft:interact_with_crafting_table":230,"minecraft:open_barrel":7,"minecraft:leave_game":10,"minecraft:time_since_death":78145,"minecraft:sprint_one_cm":983161,"minecraft:drop":162,"minecraft:play_time":893415,"minecraft:deaths":79,"minecraft:jump":9693,"minecraft:interact_with_brewingstand":1,"minecraft:walk_on_water_one_cm":108843,"minecraft:interact_with_furnace":255,"minecraft:sleep_in_bed":9,"minecraft:damage_dealt":52232,"minecraft:player_kills":3,"minecraft:crouch_one_cm":29249,"minecraft:use_cauldron":3,"minecraft:horse_one_cm":117224,"minecraft:mob_kills":405,"minecraft:fill_cauldron":1,"minecraft:interact_with_campfire":15,"minecraft:damage_dealt_resisted":1762,"minecraft:climb_one_cm":36955,"minecraft:walk_one_cm":3566181,"minecraft:damage_dealt_absorbed":150,"minecraft:sneak_time":22101,"minecraft:walk_under_water_one_cm":137521,"minecraft:boat_one_cm":29233,"minecraft:total_world_time":893415,"minecraft:interact_with_stonecutter":4,"minecraft:time_since_rest":78169,"minecraft:damage_taken":23990,"minecraft:swim_one_cm":195265,"minecraft:fly_one_cm":1111417,"minecraft:open_chest":306,"minecraft:fall_one_cm":216949},"minecraft:used":{"minecraft:beetroot":3,"marbledsarsenal:oak_ghillie_leggings":1,"minecraft:iron_shovel":250,"sophisticatedbackpacks:copper_backpack":1,"minecraft:ladder":2,"minecraft:chest":8,"minecraft:stone":3,"minecraft:iron_sword":573,"immersive_aircraft:quadrocopter":1,"create:cogwheel":28,"minecraft:carrot":115,"marbledsarsenal:riot_armor_boots":2,"minecraft:axolotl_bucket":1,"minecraft:lava_bucket":32,"minecraft:blue_orchid":2,"ecologics:surface_moss":2,"create:shaft":16,"minecraft:sweet_berries":77,"minecraft:oak_sapling":16,"minecraft:furnace":8,"create:mechanical_drill":4,"marbledsarsenal:black_plate_carrier_t1":1,"minecraft:egg":2,"minecraft:potato":113,"projectvibrantjourneys:light_brown_bark_mushroom":1,"minecraft:damaged_anvil":1,"minecraft:oak_planks":4,"minecraft:stone_pickaxe":1397,"minecraft:spruce_door":9,"minecraft:wooden_pickaxe":59,"minecraft:glow_berries":33,"minecraft:shears":37,"minecraft:dripstone_block":5,"minecraft:zombie_head":1,"minecraft:bread":16,"create_sa:copper_sword":27,"beachparty:palm_log":2,"brewery:hops_seeds":2,"minecraft:gravel":13,"marbledsarsenal:oak_ghillie_boots":1,"minecraft:soul_lantern":1,"minecraft:wooden_sword":66,"minecraft:andesite":25,"minecraft:bone_meal":6,"create:large_cogwheel":11,"minecraft:oak_trapdoor":110,"minecraft:stone_sword":351,"brewery:wooden_brewingstation":2,"minecraft:stone_shovel":505,"tacz:gun_smith_table":4,"minecraft:spruce_planks":261,"minecraft:stone_hoe":47,"minecraft:spyglass":18,"minecraft:torch":59,"minecraft:brewing_stand":1,"minecraft:dirt":792,"minecraft:hopper":1,"farm_and_charm:onion":81,"marbledsarsenal:oak_ghillie_chestplate":1,"projectvibrantjourneys:fallen_leaves":2,"minecraft:bookshelf":5,"create:wrench":10,"minecraft:iron_axe":130,"vinery:grapevine_stem":12,"better_mob_food:cooked_flesh":3,"minecraft:bamboo":7,"minecraft:beef":3,"create:tiled_glass_pane":28,"comforts:sleeping_bag_white":1,"minecraft:cobbled_deepslate":5,"vinery:apple_press":1,"minecraft:pointed_dripstone":16,"minecraft:wheat_seeds":122,"minecraft:water_bucket":12,"minecraft:pink_tulip":1,"minecraft:amethyst_block":1,"marbledsarsenal:oak_ghillie_helmet":1,"minecraft:cobblestone_stairs":96,"minecraft:rabbit":2,"minecraft:baked_potato":8,"minecraft:cauldron":2,"minecraft:spruce_sign":3,"minecraft:stonecutter":1,"farm_and_charm:strawberry":3,"minecraft:crafting_table":17,"minecraft:white_bed":3,"minecraft:campfire":1,"minecraft:spruce_log":9,"minecraft:oak_log":1,"create:mechanical_press":2,"minecraft:wooden_hoe":94,"minecraft:diamond_pickaxe":227,"vinery:rotten_cherry":7,"minecraft:iron_pickaxe":1756,"create:water_wheel":7,"vinery:fermentation_barrel":2,"minecraft:spruce_sapling":10,"create:large_water_wheel":5,"minecraft:stone_axe":466,"minecraft:cobblestone":781,"vinery:grapevine_pot":1,"minecraft:bucket":46,"alexsmobs:animal_dictionary":2,"create:hand_crank":2},"minecraft:dropped":{"minecraft:glow_berries":14,"minecraft:leather":4,"minecraft:red_wool":2,"vinery:rotten_cherry":6,"projectvibrantjourneys:orange_bark_mushroom":5,"minecraft:flint":1,"minecraft:spruce_leaves":2,"minecraft:dirt":118,"minecraft:cornflower":1,"minecraft:mutton":2,"projectvibrantjourneys:fallen_leaves":7,"minecraft:amethyst_shard":19,"minecraft:white_wool":2,"projectvibrantjourneys:bark_mushroom":1,"minecraft:cyan_carpet":1,"minecraft:gold_ingot":6,"minecraft:bone":35,"vinery:red_grape_seeds":2,"minecraft:gravel":31,"minecraft:sugar_cane":12,"alexsmobs:animal_dictionary":1,"vinery:taiga_grape_seeds_red":11,"minecraft:cobbled_deepslate":212,"vinery:lamroc_wine":2,"minecraft:rotten_flesh":72,"vinery:straw_hat":1,"psg:raw_potassium":8,"psg:sulphur":51,"minecraft:carrot":21,"projectvibrantjourneys:light_brown_bark_mushroom":1,"minecraft:gunpowder":9,"comforts:sleeping_bag_white":2,"minecraft:beef":4,"minecraft:oak_leaves":14,"minecraft:bread":12,"minecraft:wheat_seeds":63,"marbledsarsenal:oak_ghillie_leggings":1,"minecraft:poisonous_potato":2,"minecraft:cobblestone":257,"minecraft:spruce_door":1,"minecraft:tropical_fish":1,"marbledsarsenal:oak_ghillie_chestplate":1,"minecraft:coal":68,"minecraft:stick":20,"minecraft:blue_dye":2,"vinery:bottle_mojang_noir":2,"minecraft:iron_leggings":1,"tacz:modern_kinetic_gun":1,"minecraft:polished_andesite_stairs":1,"farm_and_charm:onion":5,"minecraft:red_dye":15,"minecraft:mossy_cobblestone_stairs":1,"minecraft:string":2,"create:tiled_glass_pane":4,"minecraft:furnace":2,"minecraft:kelp":7,"minecraft:tuff":3,"minecraft:clay_ball":192,"sophisticatedbackpacks:backpack":2,"minecraft:pumpkin_seeds":21,"pointblank:gunmetal_nugget":2,"farm_and_charm:strawberry_seeds":1,"beachparty:palm_planks":5,"minecraft:spruce_planks":69,"minecraft:andesite":1,"ecologics:surface_moss":63,"minecraft:spider_eye":3,"brewery:hops_seeds":4,"minecraft:red_sand":6,"minecraft:calcite":4,"create:tiled_glass":10},"minecraft:killed":{"minecraft:pig":4,"alexsmobs:grizzly_bear":1,"minecraft:zombie_villager":8,"hordes:drowned_player":1,"minecraft:sheep":6,"minecraft:zombie":295,"alexsmobs:fly":3,"minecraft:cow":11,"hordes:zombie_player":13,"alexsmobs:seagull":1,"minecraft:drowned":4,"minecraft:rabbit":2,"minecraft:squid":4}},"DataVersion":3465}