{"stats":{"minecraft:custom":{"minecraft:interact_with_furnace":28,"minecraft:mob_kills":17,"minecraft:interact_with_crafting_table":14,"minecraft:time_since_death":43797,"minecraft:climb_one_cm":1537,"minecraft:time_since_rest":43823,"minecraft:sprint_one_cm":17517,"minecraft:damage_taken":578,"minecraft:walk_one_cm":201226,"minecraft:drop":27,"minecraft:damage_dealt":1189,"minecraft:swim_one_cm":2547,"minecraft:fly_one_cm":44498,"minecraft:crouch_one_cm":490,"minecraft:play_time":63804,"minecraft:deaths":1,"minecraft:sneak_time":476,"minecraft:walk_under_water_one_cm":21569,"minecraft:jump":438,"minecraft:walk_on_water_one_cm":8925,"minecraft:total_world_time":63804,"minecraft:fall_one_cm":7015},"minecraft:killed_by":{"minecraft:zombie":1},"minecraft:dropped":{"minecraft:bread":9,"minecraft:cobbled_deepslate":3,"minecraft:cobblestone":252,"minecraft:clay_ball":128,"psg:raw_potassium":8,"minecraft:stick":1,"minecraft:dirt":5,"farm_and_charm:strawberry_seeds":1,"ecologics:surface_moss":63,"brewery:hops_seeds":4,"minecraft:string":1,"minecraft:bone":1},"minecraft:crafted":{"minecraft:coal_block":1,"minecraft:crafting_table":1,"minecraft:spruce_planks":28,"minecraft:wooden_pickaxe":1,"immersive_melodies:trumpet":1,"minecraft:furnace":1,"minecraft:copper_ingot":33,"minecraft:stone_axe":1,"minecraft:air":0,"ecologics:surface_moss":36,"minecraft:stick":8,"psg:potassium":17,"minecraft:iron_ingot":9,"minecraft:iron_pickaxe":1,"minecraft:stone_pickaxe":4,"minecraft:stone_sword":1,"minecraft:torch":4,"create:zinc_ingot":12},"minecraft:broken":{"minecraft:stone_pickaxe":4,"minecraft:wooden_pickaxe":1},"minecraft:killed":{"alexsmobs:seagull":1,"minecraft:zombie":16},"minecraft:picked_up":{"minecraft:crafting_table":4,"minecraft:clay_ball":192,"create:raw_zinc":12,"minecraft:gunpowder":3,"farm_and_charm:oat":19,"minecraft:string":2,"minecraft:dirt":5,"minecraft:raw_copper":88,"brewery:hops_seeds":4,"minecraft:bone":1,"minecraft:beetroot":37,"minecraft:cobbled_deepslate":131,"minecraft:moss_block":4,"minecraft:sugar_cane":24,"minecraft:furnace":2,"minecraft:stick":9,"minecraft:raw_iron":9,"psg:raw_potassium":25,"farm_and_charm:strawberry_seeds":1,"minecraft:torch":6,"minecraft:gravel":20,"psg:sulphur":162,"pointblank:gunmetal_nugget":9,"minecraft:carrot":21,"minecraft:spruce_log":7,"minecraft:rotten_flesh":12,"ecologics:surface_moss":29,"k_turrets:raw_titanium":5,"farm_and_charm:strawberry":25,"minecraft:bread":9,"minecraft:glow_berries":6,"minecraft:coal":38,"minecraft:cobblestone":345},"minecraft:mined":{"create:deepslate_zinc_ore":12,"brewery:wild_hops":3,"minecraft:blackstone":2,"psg:potassium_ore":4,"ecologics:surface_moss":1,"psg:deepslate_sulphur_ore":5,"farm_and_charm:wild_beetroots":14,"projectvibrantjourneys:rocks":2,"psg:sulphur_ore":19,"minecraft:clay":24,"minecraft:crafting_table":4,"minecraft:cave_vines_plant":3,"farm_and_charm:wild_carrots":6,"projectvibrantjourneys:twigs":9,"minecraft:grass_block":3,"minecraft:copper_ore":14,"minecraft:sugar_cane":7,"minecraft:moss_block":6,"minecraft:wall_torch":6,"minecraft:deepslate_copper_ore":2,"minecraft:furnace":2,"minecraft:iron_ore":5,"minecraft:ice":1,"minecraft:spruce_log":7,"k_turrets:titanium_ore":5,"minecraft:coal_ore":38,"minecraft:cave_vines":3,"projectvibrantjourneys:short_grass":5,"minecraft:deepslate_iron_ore":4,"minecraft:gravel":21,"projectvibrantjourneys:pinecones":2,"minecraft:dirt":15,"farm_and_charm:wild_oat":5,"farm_and_charm:wild_strawberries":9,"projectvibrantjourneys:seashells":4,"minecraft:stone":410,"minecraft:deepslate":211},"minecraft:used":{"minecraft:beetroot":3,"minecraft:stone_sword":30,"minecraft:stone_pickaxe":526,"minecraft:wooden_pickaxe":59,"minecraft:torch":6,"minecraft:glow_berries":1,"minecraft:crafting_table":4,"minecraft:bread":2,"minecraft:iron_pickaxe":220,"ecologics:surface_moss":2,"minecraft:stone_axe":4,"minecraft:cobblestone":6,"minecraft:furnace":2,"alexsmobs:animal_dictionary":1,"minecraft:cobbled_deepslate":5}},"DataVersion":3465}