{"stats":{"minecraft:custom":{"minecraft:mob_kills":117,"minecraft:interact_with_crafting_table":41,"minecraft:damage_dealt_resisted":411,"minecraft:leave_game":1,"minecraft:time_since_death":7314,"minecraft:climb_one_cm":2538,"minecraft:sprint_one_cm":155186,"minecraft:walk_one_cm":838217,"minecraft:drop":72,"minecraft:damage_dealt_absorbed":30,"minecraft:play_time":171444,"minecraft:deaths":6,"minecraft:sneak_time":1690,"minecraft:walk_under_water_one_cm":47789,"minecraft:boat_one_cm":29233,"minecraft:jump":2079,"minecraft:walk_on_water_one_cm":31471,"minecraft:total_world_time":171444,"minecraft:interact_with_furnace":38,"minecraft:sleep_in_bed":4,"minecraft:time_since_rest":7339,"minecraft:damage_taken":3073,"minecraft:damage_dealt":21206,"minecraft:swim_one_cm":38263,"minecraft:player_kills":2,"minecraft:fly_one_cm":226472,"minecraft:crouch_one_cm":3717,"minecraft:fall_one_cm":35111},"minecraft:killed_by":{"minecraft:player":3,"minecraft:zombie":2},"minecraft:dropped":{"minecraft:bread":9,"minecraft:poisonous_potato":1,"minecraft:cobblestone":254,"minecraft:glow_berries":14,"minecraft:leather":1,"minecraft:tropical_fish":1,"projectvibrantjourneys:orange_bark_mushroom":2,"minecraft:coal":22,"minecraft:stick":2,"minecraft:dirt":5,"minecraft:mutton":2,"minecraft:iron_leggings":1,"minecraft:amethyst_shard":19,"minecraft:string":1,"minecraft:white_wool":2,"minecraft:bone":3,"minecraft:gravel":20,"minecraft:furnace":2,"minecraft:cobbled_deepslate":131,"alexsmobs:animal_dictionary":1,"minecraft:rotten_flesh":6,"minecraft:clay_ball":192,"sophisticatedbackpacks:backpack":1,"psg:raw_potassium":8,"minecraft:pumpkin_seeds":10,"minecraft:carrot":21,"psg:sulphur":51,"pointblank:gunmetal_nugget":1,"projectvibrantjourneys:light_brown_bark_mushroom":1,"beachparty:palm_planks":5,"farm_and_charm:strawberry_seeds":1,"minecraft:spruce_planks":1,"ecologics:surface_moss":63,"brewery:hops_seeds":4,"comforts:sleeping_bag_white":2,"minecraft:beef":4},"minecraft:crafted":{"minecraft:spyglass":1,"comforts:sleeping_bag_white":1,"immersive_melodies:trumpet":1,"minecraft:furnace":1,"ecologics:surface_moss":36,"psg:potassium":17,"minecraft:stone_pickaxe":4,"minecraft:chest":1,"beachparty:palm_planks":8,"minecraft:coal_block":1,"sophisticatedbackpacks:backpack":1,"minecraft:crafting_table":2,"pointblank:gunmetal_ingot":7,"minecraft:spruce_planks":44,"minecraft:wooden_pickaxe":1,"minecraft:iron_sword":1,"minecraft:copper_ingot":33,"minecraft:bucket":1,"minecraft:pumpkin_seeds":4,"minecraft:stone_axe":1,"minecraft:air":0,"minecraft:stick":20,"minecraft:iron_ingot":20,"minecraft:iron_pickaxe":2,"minecraft:stone_sword":2,"minecraft:iron_leggings":1,"minecraft:white_bed":1,"minecraft:torch":4,"create:zinc_ingot":12},"minecraft:broken":{"minecraft:stone_sword":1,"minecraft:wooden_pickaxe":1,"minecraft:stone_pickaxe":4,"minecraft:leather_boots":1,"minecraft:stone_axe":1,"minecraft:iron_sword":1,"minecraft:iron_pickaxe":1},"minecraft:killed":{"hordes:zombie_player":1,"alexsmobs:seagull":1,"minecraft:drowned":4,"minecraft:pig":1,"alexsmobs:grizzly_bear":1,"minecraft:zombie_villager":3,"minecraft:rabbit":1,"hordes:drowned_player":1,"minecraft:sheep":3,"minecraft:zombie":91,"alexsmobs:fly":2,"minecraft:cow":8},"minecraft:picked_up":{"minecraft:crafting_table":6,"minecraft:clay_ball":192,"minecraft:amethyst_block":1,"minecraft:string":8,"minecraft:raw_copper":88,"minecraft:iron_leggings":1,"minecraft:beetroot":64,"minecraft:cobbled_deepslate":131,"minecraft:spruce_planks":1,"comforts:sleeping_bag_white":2,"minecraft:beef":8,"minecraft:sugar_cane":24,"farmersdelight:cabbage_seeds":4,"minecraft:egg":1,"minecraft:furnace":4,"minecraft:stick":12,"minecraft:raw_iron":20,"minecraft:torch":9,"pointblank:gunmetal_nugget":96,"psg:sulphur":162,"minecraft:carrot":112,"minecraft:rotten_flesh":68,"ecologics:surface_moss":29,"minecraft:tropical_fish":1,"k_turrets:raw_titanium":5,"farm_and_charm:strawberry":64,"sophisticatedbackpacks:copper_backpack":1,"minecraft:glow_berries":22,"minecraft:mutton":2,"minecraft:white_wool":8,"minecraft:cobblestone":349,"projectvibrantjourneys:fallen_leaves":1,"minecraft:leather":8,"minecraft:potato":18,"alexsmobs:bear_fur":3,"beachparty:palm_log":4,"create:raw_zinc":12,"minecraft:gunpowder":21,"farm_and_charm:onion":62,"farm_and_charm:oat":19,"minecraft:dirt":5,"brewery:hops_seeds":4,"minecraft:bone":9,"minecraft:rabbit":1,"minecraft:moss_block":4,"projectvibrantjourneys:light_brown_bark_mushroom":2,"minecraft:pumpkin":12,"minecraft:sweet_berries":29,"psg:raw_potassium":25,"farm_and_charm:strawberry_seeds":1,"minecraft:poisonous_potato":1,"minecraft:gravel":20,"minecraft:amethyst_shard":20,"minecraft:white_bed":1,"minecraft:spruce_log":11,"minecraft:pumpkin_seeds":6,"minecraft:diamond":2,"minecraft:bread":9,"projectvibrantjourneys:orange_bark_mushroom":2,"minecraft:coal":82},"minecraft:mined":{"create:zinc_ore":1,"minecraft:large_amethyst_bud":4,"create:deepslate_zinc_ore":12,"farm_and_charm:wild_nettle":1,"minecraft:white_bed":1,"minecraft:deepslate_diamond_ore":2,"projectvibrantjourneys:rocks":3,"psg:sulphur_ore":19,"ecologics:surface_moss":1,"minecraft:cave_vines_plant":3,"minecraft:grass_block":3,"farmersdelight:wild_cabbages":4,"minecraft:moss_block":6,"minecraft:large_fern":1,"minecraft:tall_seagrass":3,"minecraft:furnace":3,"minecraft:iron_ore":7,"minecraft:pumpkin":13,"minecraft:cave_vines":3,"minecraft:deepslate_iron_ore":13,"minecraft:small_amethyst_bud":1,"farm_and_charm:wild_oat":5,"farm_and_charm:wild_strawberries":23,"projectvibrantjourneys:seashells":5,"minecraft:stone":425,"minecraft:podzol":1,"projectvibrantjourneys:cattail":4,"brewery:wild_hops":3,"minecraft:blackstone":3,"minecraft:medium_amethyst_bud":2,"psg:potassium_ore":4,"minecraft:amethyst_cluster":5,"farm_and_charm:wild_beetroots":25,"psg:deepslate_sulphur_ore":5,"minecraft:clay":24,"minecraft:crafting_table":6,"minecraft:torch":3,"farm_and_charm:wild_carrots":41,"projectvibrantjourneys:twigs":13,"farm_and_charm:wild_potatoes":6,"projectvibrantjourneys:natural_cobweb":2,"minecraft:copper_ore":14,"projectvibrantjourneys:fallen_leaves":2,"minecraft:sugar_cane":7,"minecraft:wall_torch":6,"vinery:white_grape_bush":1,"minecraft:amethyst_block":4,"minecraft:deepslate_copper_ore":2,"farmersdelight:sandy_shrub":2,"farm_and_charm:wild_onions":12,"minecraft:sweet_berry_bush":12,"minecraft:ice":2,"projectvibrantjourneys:bones":3,"minecraft:spruce_log":13,"k_turrets:titanium_ore":5,"minecraft:grass":3,"beachparty:palm_log":4,"minecraft:coal_ore":38,"projectvibrantjourneys:short_grass":27,"projectvibrantjourneys:pinecones":2,"minecraft:gravel":21,"minecraft:dirt":15,"minecraft:deepslate":211,"minecraft:fern":3},"minecraft:used":{"minecraft:beetroot":3,"minecraft:stone_sword":210,"minecraft:spruce_planks":15,"minecraft:iron_sword":252,"minecraft:torch":9,"minecraft:spyglass":5,"minecraft:carrot":53,"projectvibrantjourneys:fallen_leaves":1,"ecologics:surface_moss":2,"minecraft:furnace":3,"comforts:sleeping_bag_white":1,"minecraft:cobbled_deepslate":5,"projectvibrantjourneys:light_brown_bark_mushroom":1,"minecraft:water_bucket":1,"minecraft:amethyst_block":1,"minecraft:rabbit":1,"minecraft:stone_pickaxe":526,"minecraft:wooden_pickaxe":59,"minecraft:glow_berries":1,"minecraft:crafting_table":8,"minecraft:white_bed":2,"minecraft:bread":8,"minecraft:iron_pickaxe":269,"beachparty:palm_log":2,"minecraft:stone_axe":95,"minecraft:cobblestone":21,"minecraft:bucket":2,"alexsmobs:animal_dictionary":2}},"DataVersion":3465}