{"stats":{"minecraft:custom":{"minecraft:mob_kills":85,"minecraft:interact_with_crafting_table":33,"minecraft:damage_dealt_resisted":321,"minecraft:time_since_death":8421,"minecraft:climb_one_cm":2538,"minecraft:sprint_one_cm":76463,"minecraft:walk_one_cm":601936,"minecraft:drop":49,"minecraft:play_time":123804,"minecraft:deaths":3,"minecraft:sneak_time":1454,"minecraft:walk_under_water_one_cm":41081,"minecraft:jump":1218,"minecraft:walk_on_water_one_cm":20768,"minecraft:total_world_time":123804,"minecraft:interact_with_furnace":36,"minecraft:sleep_in_bed":2,"minecraft:time_since_rest":8448,"minecraft:damage_taken":1815,"minecraft:damage_dealt":14550,"minecraft:swim_one_cm":2547,"minecraft:fly_one_cm":115315,"minecraft:crouch_one_cm":3113,"minecraft:fall_one_cm":18124},"minecraft:killed_by":{"minecraft:zombie":2},"minecraft:dropped":{"minecraft:bread":9,"minecraft:poisonous_potato":1,"minecraft:cobblestone":252,"minecraft:glow_berries":14,"minecraft:tropical_fish":1,"minecraft:coal":22,"minecraft:stick":2,"minecraft:dirt":5,"minecraft:mutton":2,"minecraft:string":1,"minecraft:white_wool":2,"minecraft:bone":3,"minecraft:gravel":20,"minecraft:furnace":2,"minecraft:cobbled_deepslate":131,"minecraft:clay_ball":192,"psg:raw_potassium":8,"minecraft:carrot":21,"psg:sulphur":51,"projectvibrantjourneys:light_brown_bark_mushroom":1,"beachparty:palm_planks":5,"farm_and_charm:strawberry_seeds":1,"ecologics:surface_moss":63,"brewery:hops_seeds":4,"comforts:sleeping_bag_white":1},"minecraft:crafted":{"minecraft:spyglass":1,"comforts:sleeping_bag_white":1,"immersive_melodies:trumpet":1,"minecraft:furnace":1,"ecologics:surface_moss":36,"psg:potassium":17,"minecraft:stone_pickaxe":4,"beachparty:palm_planks":8,"minecraft:coal_block":1,"minecraft:crafting_table":1,"minecraft:spruce_planks":28,"minecraft:wooden_pickaxe":1,"minecraft:iron_sword":1,"minecraft:copper_ingot":33,"minecraft:bucket":1,"minecraft:stone_axe":1,"minecraft:air":0,"minecraft:stick":12,"minecraft:iron_ingot":20,"minecraft:iron_pickaxe":2,"minecraft:stone_sword":1,"minecraft:iron_leggings":1,"minecraft:white_bed":1,"minecraft:torch":4,"create:zinc_ingot":12},"minecraft:broken":{"minecraft:stone_sword":1,"minecraft:wooden_pickaxe":1,"minecraft:stone_pickaxe":4,"minecraft:iron_pickaxe":1},"minecraft:killed":{"alexsmobs:seagull":1,"minecraft:drowned":3,"minecraft:pig":1,"alexsmobs:grizzly_bear":1,"minecraft:zombie_villager":3,"minecraft:rabbit":1,"hordes:drowned_player":1,"minecraft:sheep":3,"minecraft:zombie":70,"alexsmobs:fly":1},"minecraft:picked_up":{"minecraft:crafting_table":6,"minecraft:clay_ball":192,"minecraft:amethyst_block":1,"minecraft:string":5,"minecraft:raw_copper":88,"minecraft:beetroot":54,"minecraft:cobbled_deepslate":131,"comforts:sleeping_bag_white":2,"minecraft:sugar_cane":24,"farmersdelight:cabbage_seeds":4,"minecraft:furnace":4,"minecraft:stick":9,"minecraft:raw_iron":20,"minecraft:torch":7,"pointblank:gunmetal_nugget":64,"psg:sulphur":162,"minecraft:carrot":71,"minecraft:rotten_flesh":59,"ecologics:surface_moss":29,"minecraft:tropical_fish":1,"k_turrets:raw_titanium":5,"farm_and_charm:strawberry":64,"minecraft:glow_berries":22,"minecraft:mutton":2,"minecraft:white_wool":8,"minecraft:cobblestone":345,"minecraft:potato":18,"alexsmobs:bear_fur":2,"beachparty:palm_log":3,"create:raw_zinc":12,"minecraft:gunpowder":17,"farm_and_charm:onion":62,"farm_and_charm:oat":19,"minecraft:dirt":5,"brewery:hops_seeds":4,"minecraft:bone":3,"minecraft:rabbit":1,"minecraft:moss_block":4,"projectvibrantjourneys:light_brown_bark_mushroom":2,"minecraft:pumpkin":8,"minecraft:sweet_berries":20,"psg:raw_potassium":25,"farm_and_charm:strawberry_seeds":1,"minecraft:poisonous_potato":1,"minecraft:gravel":20,"minecraft:amethyst_shard":20,"minecraft:spruce_log":7,"minecraft:diamond":2,"minecraft:bread":9,"minecraft:coal":82},"minecraft:mined":{"create:zinc_ore":1,"minecraft:large_amethyst_bud":4,"create:deepslate_zinc_ore":12,"farm_and_charm:wild_nettle":1,"minecraft:deepslate_diamond_ore":2,"projectvibrantjourneys:rocks":2,"psg:sulphur_ore":19,"ecologics:surface_moss":1,"minecraft:cave_vines_plant":3,"minecraft:grass_block":3,"farmersdelight:wild_cabbages":4,"minecraft:moss_block":6,"minecraft:furnace":3,"minecraft:iron_ore":7,"minecraft:pumpkin":9,"minecraft:cave_vines":3,"minecraft:deepslate_iron_ore":13,"minecraft:small_amethyst_bud":1,"farm_and_charm:wild_oat":5,"farm_and_charm:wild_strawberries":23,"projectvibrantjourneys:seashells":5,"minecraft:stone":425,"projectvibrantjourneys:cattail":4,"brewery:wild_hops":3,"minecraft:blackstone":3,"minecraft:medium_amethyst_bud":2,"psg:potassium_ore":4,"minecraft:amethyst_cluster":5,"farm_and_charm:wild_beetroots":21,"psg:deepslate_sulphur_ore":5,"minecraft:clay":24,"minecraft:crafting_table":6,"minecraft:torch":1,"farm_and_charm:wild_carrots":30,"projectvibrantjourneys:twigs":9,"farm_and_charm:wild_potatoes":6,"projectvibrantjourneys:natural_cobweb":2,"minecraft:copper_ore":14,"minecraft:sugar_cane":7,"vinery:white_grape_bush":1,"minecraft:wall_torch":6,"minecraft:amethyst_block":4,"minecraft:deepslate_copper_ore":2,"farmersdelight:sandy_shrub":2,"farm_and_charm:wild_onions":11,"minecraft:sweet_berry_bush":8,"minecraft:ice":2,"minecraft:spruce_log":7,"projectvibrantjourneys:bones":2,"beachparty:palm_log":3,"minecraft:grass":3,"k_turrets:titanium_ore":5,"minecraft:coal_ore":38,"projectvibrantjourneys:short_grass":16,"projectvibrantjourneys:pinecones":2,"minecraft:gravel":21,"minecraft:dirt":15,"minecraft:deepslate":211,"minecraft:fern":2},"minecraft:used":{"minecraft:beetroot":3,"minecraft:stone_sword":133,"minecraft:spruce_planks":15,"minecraft:iron_sword":219,"minecraft:torch":7,"minecraft:spyglass":2,"minecraft:carrot":34,"ecologics:surface_moss":2,"minecraft:furnace":3,"comforts:sleeping_bag_white":1,"minecraft:cobbled_deepslate":5,"projectvibrantjourneys:light_brown_bark_mushroom":1,"minecraft:water_bucket":1,"minecraft:amethyst_block":1,"minecraft:rabbit":1,"minecraft:stone_pickaxe":526,"minecraft:wooden_pickaxe":59,"minecraft:glow_berries":1,"minecraft:crafting_table":7,"minecraft:white_bed":1,"minecraft:bread":8,"minecraft:iron_pickaxe":268,"beachparty:palm_log":1,"minecraft:stone_axe":26,"minecraft:cobblestone":9,"minecraft:bucket":2,"alexsmobs:animal_dictionary":1}},"DataVersion":3465}