{"stats":{"minecraft:custom":{"minecraft:mob_kills":186,"minecraft:interact_with_crafting_table":63,"minecraft:damage_dealt_resisted":868,"minecraft:leave_game":2,"minecraft:time_since_death":15354,"minecraft:climb_one_cm":24109,"minecraft:sprint_one_cm":326865,"minecraft:walk_one_cm":1502609,"minecraft:drop":89,"minecraft:damage_dealt_absorbed":70,"minecraft:play_time":303274,"minecraft:deaths":19,"minecraft:sneak_time":2442,"minecraft:walk_under_water_one_cm":50892,"minecraft:boat_one_cm":29233,"minecraft:jump":4387,"minecraft:walk_on_water_one_cm":35948,"minecraft:total_world_time":303274,"minecraft:interact_with_furnace":48,"minecraft:sleep_in_bed":8,"minecraft:time_since_rest":15395,"minecraft:damage_taken":7842,"minecraft:damage_dealt":36601,"minecraft:swim_one_cm":56310,"minecraft:player_kills":3,"minecraft:fly_one_cm":492621,"minecraft:open_chest":4,"minecraft:crouch_one_cm":4315,"minecraft:fall_one_cm":80873},"minecraft:killed_by":{"minecraft:player":7,"minecraft:zombie":10},"minecraft:dropped":{"minecraft:bread":9,"minecraft:poisonous_potato":1,"minecraft:cobblestone":257,"minecraft:glow_berries":14,"minecraft:leather":4,"minecraft:spruce_door":1,"minecraft:tropical_fish":1,"projectvibrantjourneys:orange_bark_mushroom":2,"minecraft:coal":22,"minecraft:stick":2,"minecraft:dirt":6,"minecraft:cornflower":1,"minecraft:mutton":2,"minecraft:iron_leggings":1,"minecraft:amethyst_shard":19,"minecraft:string":2,"minecraft:white_wool":2,"projectvibrantjourneys:bark_mushroom":1,"minecraft:bone":12,"minecraft:gravel":20,"minecraft:furnace":2,"minecraft:cobbled_deepslate":131,"alexsmobs:animal_dictionary":1,"minecraft:rotten_flesh":6,"minecraft:clay_ball":192,"sophisticatedbackpacks:backpack":2,"psg:raw_potassium":8,"minecraft:pumpkin_seeds":16,"minecraft:carrot":21,"psg:sulphur":51,"pointblank:gunmetal_nugget":1,"projectvibrantjourneys:light_brown_bark_mushroom":1,"beachparty:palm_planks":5,"farm_and_charm:strawberry_seeds":1,"minecraft:spruce_planks":63,"minecraft:andesite":1,"ecologics:surface_moss":63,"minecraft:spider_eye":1,"comforts:sleeping_bag_white":2,"brewery:hops_seeds":4,"minecraft:red_sand":6,"minecraft:beef":4},"minecraft:crafted":{"minecraft:wooden_sword":1,"minecraft:stone_shovel":1,"minecraft:spyglass":1,"comforts:sleeping_bag_white":1,"immersive_melodies:trumpet":1,"minecraft:furnace":2,"minecraft:cobblestone_stairs":52,"ecologics:surface_moss":36,"psg:potassium":17,"minecraft:stone_pickaxe":5,"minecraft:chest":5,"minecraft:stone_hoe":1,"beachparty:palm_planks":8,"minecraft:coal_block":1,"sophisticatedbackpacks:backpack":1,"minecraft:crafting_table":3,"pointblank:gunmetal_ingot":7,"minecraft:spruce_planks":384,"minecraft:wooden_pickaxe":1,"minecraft:iron_sword":2,"minecraft:spruce_door":3,"minecraft:copper_ingot":33,"minecraft:bucket":1,"minecraft:pumpkin_seeds":8,"minecraft:stone_axe":3,"minecraft:air":0,"minecraft:blue_dye":1,"minecraft:wooden_hoe":1,"minecraft:stick":20,"minecraft:iron_ingot":40,"minecraft:iron_pickaxe":3,"minecraft:stone_sword":2,"minecraft:iron_leggings":1,"minecraft:white_bed":1,"minecraft:torch":8,"create:zinc_ingot":12},"minecraft:broken":{"minecraft:stone_sword":2,"minecraft:iron_leggings":1,"minecraft:wooden_pickaxe":1,"minecraft:stone_pickaxe":4,"marbledsarsenal:cm6m_gas_mask":1,"minecraft:wooden_sword":1,"minecraft:leather_boots":1,"minecraft:stone_axe":3,"minecraft:iron_sword":1,"minecraft:iron_pickaxe":2,"minecraft:wooden_hoe":1},"minecraft:killed":{"hordes:zombie_player":5,"alexsmobs:seagull":1,"minecraft:drowned":4,"minecraft:pig":1,"alexsmobs:grizzly_bear":1,"minecraft:zombie_villager":4,"minecraft:rabbit":1,"hordes:drowned_player":1,"minecraft:sheep":3,"minecraft:zombie":152,"alexsmobs:fly":2,"minecraft:cow":8},"minecraft:picked_up":{"minecraft:crafting_table":7,"minecraft:clay_ball":192,"minecraft:cornflower":8,"minecraft:amethyst_block":1,"minecraft:string":16,"minecraft:raw_copper":110,"minecraft:iron_leggings":1,"minecraft:beetroot":64,"minecraft:red_sand":6,"minecraft:cobbled_deepslate":131,"comforts:sleeping_bag_white":2,"minecraft:spruce_planks":121,"minecraft:beef":8,"minecraft:sugar_cane":24,"farmersdelight:cabbage_seeds":4,"minecraft:furnace":5,"minecraft:egg":1,"minecraft:stick":23,"minecraft:raw_iron":62,"projectvibrantjourneys:bark_mushroom":1,"minecraft:torch":23,"sophisticatedbackpacks:backpack":1,"pointblank:gunmetal_nugget":283,"psg:sulphur":162,"minecraft:carrot":112,"minecraft:redstone":29,"minecraft:rotten_flesh":195,"ecologics:surface_moss":29,"minecraft:tropical_fish":1,"k_turrets:raw_titanium":5,"farm_and_charm:strawberry":64,"sophisticatedbackpacks:copper_backpack":1,"minecraft:glow_berries":22,"minecraft:mutton":2,"minecraft:white_wool":8,"minecraft:cobblestone":635,"minecraft:andesite":17,"projectvibrantjourneys:fallen_leaves":4,"minecraft:leather":8,"minecraft:birch_planks":7,"minecraft:potato":18,"alexsmobs:bear_fur":3,"beachparty:palm_log":4,"create:raw_zinc":23,"minecraft:gunpowder":37,"minecraft:cobblestone_stairs":7,"farm_and_charm:onion":63,"farm_and_charm:oat":19,"minecraft:dirt":7,"brewery:hops_seeds":4,"minecraft:bone":32,"minecraft:wheat_seeds":7,"minecraft:rabbit":1,"minecraft:moss_block":4,"projectvibrantjourneys:light_brown_bark_mushroom":2,"minecraft:pumpkin":12,"minecraft:sweet_berries":29,"psg:raw_potassium":29,"farm_and_charm:strawberry_seeds":1,"minecraft:dandelion":16,"minecraft:poisonous_potato":1,"minecraft:gravel":23,"minecraft:amethyst_shard":20,"minecraft:spruce_sapling":10,"minecraft:white_bed":1,"minecraft:spruce_log":119,"minecraft:spruce_door":4,"minecraft:spider_eye":9,"minecraft:pumpkin_seeds":9,"minecraft:slime_ball":3,"minecraft:diamond":2,"minecraft:bread":9,"projectvibrantjourneys:orange_bark_mushroom":3,"minecraft:coal":103},"minecraft:mined":{"create:zinc_ore":12,"minecraft:large_amethyst_bud":4,"create:deepslate_zinc_ore":12,"minecraft:spruce_planks":10,"farm_and_charm:wild_nettle":1,"minecraft:white_bed":1,"minecraft:deepslate_diamond_ore":2,"minecraft:cobblestone_stairs":9,"projectvibrantjourneys:rocks":8,"psg:sulphur_ore":19,"ecologics:surface_moss":1,"minecraft:cave_vines_plant":3,"minecraft:red_sand":7,"minecraft:grass_block":4,"minecraft:spruce_leaves":8,"farmersdelight:wild_cabbages":4,"minecraft:moss_block":6,"minecraft:large_fern":8,"minecraft:tall_seagrass":3,"minecraft:redstone_ore":6,"minecraft:spruce_sapling":2,"minecraft:furnace":4,"minecraft:iron_ore":49,"minecraft:andesite":18,"projectvibrantjourneys:bark_mushroom":1,"minecraft:pumpkin":13,"minecraft:cave_vines":3,"minecraft:deepslate_iron_ore":13,"minecraft:small_amethyst_bud":1,"farm_and_charm:wild_oat":5,"farm_and_charm:wild_strawberries":23,"projectvibrantjourneys:seashells":5,"minecraft:stone":671,"minecraft:podzol":1,"projectvibrantjourneys:cattail":4,"brewery:wild_hops":3,"minecraft:blackstone":3,"minecraft:medium_amethyst_bud":2,"psg:potassium_ore":4,"minecraft:amethyst_cluster":5,"minecraft:spruce_door":2,"minecraft:dandelion":16,"farm_and_charm:wild_beetroots":25,"psg:deepslate_sulphur_ore":5,"minecraft:cornflower":9,"minecraft:clay":24,"minecraft:crafting_table":7,"minecraft:torch":13,"farm_and_charm:wild_carrots":41,"projectvibrantjourneys:twigs":13,"farm_and_charm:wild_potatoes":6,"projectvibrantjourneys:mossy_rocks":1,"projectvibrantjourneys:natural_cobweb":2,"minecraft:tall_grass":1,"minecraft:cobblestone":52,"minecraft:copper_ore":21,"projectvibrantjourneys:fallen_leaves":5,"minecraft:sugar_cane":7,"minecraft:wall_torch":12,"vinery:white_grape_bush":1,"minecraft:amethyst_block":4,"minecraft:deepslate_copper_ore":2,"minecraft:birch_planks":7,"farmersdelight:sandy_shrub":2,"farm_and_charm:wild_onions":12,"minecraft:sweet_berry_bush":12,"minecraft:ice":2,"minecraft:spruce_log":106,"projectvibrantjourneys:bones":3,"k_turrets:titanium_ore":5,"minecraft:grass":45,"beachparty:palm_log":4,"minecraft:coal_ore":39,"projectvibrantjourneys:short_grass":62,"projectvibrantjourneys:pinecones":2,"minecraft:gravel":24,"minecraft:dirt":15,"minecraft:deepslate":211,"minecraft:fern":3},"minecraft:used":{"minecraft:beetroot":3,"minecraft:stone_sword":351,"minecraft:stone_shovel":16,"minecraft:chest":4,"minecraft:spruce_planks":166,"minecraft:iron_sword":307,"minecraft:stone_hoe":46,"minecraft:torch":27,"minecraft:dirt":1,"minecraft:spyglass":6,"farm_and_charm:onion":74,"minecraft:carrot":108,"minecraft:axolotl_bucket":1,"projectvibrantjourneys:fallen_leaves":2,"ecologics:surface_moss":2,"minecraft:beef":1,"minecraft:furnace":4,"minecraft:egg":1,"comforts:sleeping_bag_white":1,"minecraft:potato":18,"minecraft:cobbled_deepslate":5,"minecraft:wheat_seeds":7,"projectvibrantjourneys:light_brown_bark_mushroom":1,"minecraft:water_bucket":1,"minecraft:amethyst_block":1,"minecraft:cobblestone_stairs":59,"minecraft:spruce_door":6,"minecraft:rabbit":1,"minecraft:stone_pickaxe":652,"minecraft:wooden_pickaxe":59,"minecraft:glow_berries":1,"minecraft:crafting_table":9,"minecraft:white_bed":2,"minecraft:spruce_log":8,"minecraft:wooden_hoe":94,"minecraft:bread":9,"minecraft:iron_pickaxe":548,"minecraft:spruce_sapling":10,"beachparty:palm_log":2,"minecraft:stone_axe":293,"minecraft:wooden_sword":66,"minecraft:cobblestone":255,"minecraft:andesite":1,"minecraft:bucket":2,"alexsmobs:animal_dictionary":2}},"DataVersion":3465}