{"stats":{"minecraft:custom":{"minecraft:time_since_rest":15804,"minecraft:sprint_one_cm":7491,"minecraft:damage_taken":30,"minecraft:walk_one_cm":73838,"minecraft:interact_with_crafting_table":5,"minecraft:swim_one_cm":576,"minecraft:fly_one_cm":19987,"minecraft:crouch_one_cm":64,"minecraft:play_time":15804,"minecraft:sneak_time":46,"minecraft:walk_under_water_one_cm":2088,"minecraft:jump":133,"minecraft:time_since_death":15804,"minecraft:walk_on_water_one_cm":196,"minecraft:total_world_time":15804,"minecraft:climb_one_cm":315,"minecraft:fall_one_cm":1444},"minecraft:crafted":{"minecraft:crafting_table":1,"minecraft:spruce_planks":28,"minecraft:stick":4,"minecraft:wooden_pickaxe":1,"minecraft:stone_pickaxe":3,"minecraft:stone_sword":1,"minecraft:torch":4,"minecraft:stone_axe":1},"minecraft:broken":{"minecraft:stone_pickaxe":1,"minecraft:wooden_pickaxe":1},"minecraft:picked_up":{"minecraft:stick":8,"minecraft:crafting_table":2,"minecraft:clay_ball":96,"psg:raw_potassium":4,"psg:sulphur":53,"minecraft:spruce_log":7,"minecraft:raw_copper":26,"minecraft:sugar_cane":16,"minecraft:coal":33,"minecraft:cobblestone":125},"minecraft:mined":{"minecraft:ice":1,"minecraft:spruce_log":7,"psg:sulphur_ore":11,"projectvibrantjourneys:rocks":1,"minecraft:clay":24,"minecraft:crafting_table":2,"projectvibrantjourneys:twigs":8,"minecraft:coal_ore":33,"projectvibrantjourneys:short_grass":1,"projectvibrantjourneys:pinecones":1,"minecraft:copper_ore":7,"projectvibrantjourneys:seashells":4,"minecraft:stone":125,"minecraft:sugar_cane":5},"minecraft:used":{"minecraft:stone_pickaxe":146,"minecraft:wooden_pickaxe":59,"minecraft:stone_axe":2,"minecraft:crafting_table":2,"alexsmobs:animal_dictionary":1}},"DataVersion":3465}