{"stats":{"minecraft:killed_by":{"minecraft:zombie_villager":1,"mutantmonsters:mutant_zombie":3,"minecraft:zombie":35,"minecraft:husk":3,"minecraft:player":8,"hordes:zombie_player":7},"minecraft:picked_up":{"minecraft:wheat":4,"vinery:red_grape":1,"minecraft:amethyst_block":1,"minecraft:string":18,"minecraft:raw_copper":432,"minecraft:iron_leggings":1,"minecraft:beetroot":64,"minecraft:red_sand":46,"minecraft:cobbled_deepslate":135,"comforts:sleeping_bag_white":2,"minecraft:spruce_planks":139,"minecraft:calcite":1,"farmersdelight:cabbage_seeds":4,"minecraft:furnace":7,"minecraft:stick":49,"minecraft:torch":39,"marbledsarsenal:oak_ghillie_chestplate":1,"psg:sulphur":274,"minecraft:pointed_dripstone":16,"minecraft:diorite":33,"marbledsarsenal:oak_ghillie_leggings":1,"minecraft:rotten_flesh":317,"ecologics:surface_moss":29,"minecraft:tropical_fish":1,"create:asurine":2,"minecraft:cobblestone":1027,"minecraft:magma_block":10,"minecraft:andesite":91,"projectvibrantjourneys:fallen_leaves":9,"minecraft:potato":127,"alexsmobs:bear_fur":3,"beachparty:palm_log":4,"minecraft:flint":1,"create:raw_zinc":57,"minecraft:lapis_lazuli":100,"minecraft:dirt":786,"brewery:hops_seeds":4,"minecraft:bone":46,"minecraft:wheat_seeds":39,"minecraft:raw_gold":6,"minecraft:moss_block":4,"tacz:gun_smith_table":3,"minecraft:rabbit":2,"minecraft:bamboo":11,"psg:raw_potassium":76,"farm_and_charm:strawberry_seeds":1,"minecraft:poisonous_potato":3,"minecraft:diamond":2,"minecraft:emerald":8,"minecraft:bread":9,"minecraft:oak_sapling":16,"minecraft:oak_leaves":38,"minecraft:spruce_leaves":2,"minecraft:crafting_table":10,"minecraft:ladder":2,"minecraft:clay_ball":192,"minecraft:brown_mushroom":12,"minecraft:cornflower":11,"tacz:ammo":144,"minecraft:blackstone":7,"minecraft:beef":12,"minecraft:sugar_cane":24,"minecraft:phantom_membrane":2,"minecraft:egg":1,"minecraft:raw_iron":173,"minecraft:copper_ingot":1,"projectvibrantjourneys:bark_mushroom":1,"sophisticatedbackpacks:backpack":1,"pointblank:gunmetal_nugget":444,"minecraft:carrot":112,"minecraft:redstone":65,"k_turrets:raw_titanium":19,"farm_and_charm:strawberry":67,"minecraft:pink_tulip":1,"sophisticatedbackpacks:copper_backpack":1,"minecraft:glow_berries":22,"minecraft:mutton":2,"minecraft:white_wool":8,"minecraft:leather":8,"minecraft:birch_planks":7,"minecraft:oak_log":53,"vinery:taiga_grapes_red":8,"minecraft:gunpowder":53,"minecraft:cobblestone_stairs":22,"farm_and_charm:onion":214,"farm_and_charm:oat":19,"minecraft:rabbit_hide":1,"projectvibrantjourneys:light_brown_bark_mushroom":2,"farm_and_charm:lettuce":3,"minecraft:pumpkin":12,"minecraft:sweet_berries":53,"minecraft:dandelion":23,"minecraft:dripstone_block":11,"minecraft:gravel":30,"minecraft:amethyst_shard":20,"minecraft:spruce_sapling":14,"minecraft:white_bed":1,"minecraft:spruce_log":155,"minecraft:spruce_door":7,"minecraft:spider_eye":13,"minecraft:pumpkin_seeds":9,"minecraft:slime_ball":8,"tacz:modern_kinetic_gun":2,"projectvibrantjourneys:orange_bark_mushroom":3,"minecraft:coal":394},"minecraft:crafted":{"create:tiled_glass":2,"immersive_aircraft:engine":1,"minecraft:oak_planks":168,"minecraft:smooth_stone":3,"minecraft:stone":6,"minecraft:cobblestone_stairs":85,"minecraft:glass":40,"ecologics:surface_moss":36,"psg:potassium":17,"minecraft:chest":5,"minecraft:stone_hoe":1,"sophisticatedbackpacks:backpack":1,"create:tiled_glass_pane":32,"minecraft:cauldron":1,"minecraft:crafting_table":3,"minecraft:spruce_planks":516,"minecraft:wooden_pickaxe":1,"minecraft:baked_potato":8,"minecraft:spruce_door":3,"minecraft:copper_ingot":133,"minecraft:pumpkin_seeds":8,"immersive_aircraft:propeller":4,"marbledsapi:raw_steel":15,"minecraft:wooden_hoe":1,"minecraft:stick":28,"minecraft:iron_ingot":150,"minecraft:iron_pickaxe":6,"minecraft:iron_block":1,"minecraft:stone_sword":2,"marbledsarsenal:oak_ghillie_leggings":1,"minecraft:shears":1,"minecraft:wooden_sword":1,"minecraft:coal":63,"minecraft:stone_shovel":4,"minecraft:iron_nugget":36,"minecraft:spyglass":1,"comforts:sleeping_bag_white":1,"immersive_melodies:trumpet":1,"minecraft:furnace":6,"minecraft:blast_furnace":1,"minecraft:piston":2,"minecraft:bone_meal":6,"marbledsarsenal:oak_ghillie_helmet":1,"minecraft:oak_trapdoor":52,"marbledsarsenal:oak_ghillie_boots":1,"minecraft:stone_pickaxe":8,"immersive_aircraft:quadrocopter":1,"marbledsarsenal:oak_ghillie_chestplate":1,"beachparty:palm_planks":8,"minecraft:coal_block":24,"minecraft:spruce_sign":3,"immersive_aircraft:boiler":1,"pointblank:gunmetal_ingot":49,"minecraft:iron_sword":2,"tacz:gun_smith_table":1,"minecraft:bucket":1,"minecraft:stone_axe":4,"minecraft:bread":1,"minecraft:air":0,"minecraft:blue_dye":1,"minecraft:iron_shovel":1,"minecraft:iron_leggings":1,"minecraft:stonecutter":1,"minecraft:white_bed":1,"minecraft:torch":8,"create:zinc_ingot":12,"minecraft:lapis_block":8},"minecraft:mined":{"minecraft:large_amethyst_bud":4,"create:deepslate_zinc_ore":26,"minecraft:spruce_planks":10,"minecraft:white_bed":1,"minecraft:oak_sapling":1,"minecraft:farmland":24,"minecraft:cobblestone_stairs":24,"minecraft:sculk_vein":2,"ecologics:surface_moss":1,"minecraft:cave_vines_plant":3,"minecraft:red_sand":49,"minecraft:grass_block":247,"tacz:gun_smith_table":3,"minecraft:tall_seagrass":3,"minecraft:magma_block":10,"minecraft:iron_ore":130,"minecraft:fire":4,"projectvibrantjourneys:bark_mushroom":1,"minecraft:pumpkin":13,"minecraft:deepslate_lapis_ore":4,"create:asurine":2,"minecraft:pointed_dripstone":4,"minecraft:cave_vines":3,"minecraft:small_amethyst_bud":1,"farm_and_charm:wild_strawberries":24,"projectvibrantjourneys:cattail":4,"minecraft:brown_mushroom":12,"brewery:wild_hops":3,"minecraft:blackstone":10,"minecraft:medium_amethyst_bud":2,"minecraft:amethyst_cluster":5,"farm_and_charm:wild_beetroots":25,"minecraft:clay":24,"minecraft:torch":18,"farm_and_charm:wild_carrots":41,"projectvibrantjourneys:twigs":20,"minecraft:calcite":1,"projectvibrantjourneys:natural_cobweb":2,"minecraft:cobblestone":240,"projectvibrantjourneys:fallen_leaves":9,"minecraft:sugar_cane":7,"minecraft:wall_torch":17,"vinery:white_grape_bush":1,"minecraft:amethyst_block":4,"minecraft:deepslate_copper_ore":14,"farmersdelight:sandy_shrub":2,"farm_and_charm:wild_onions":18,"minecraft:wheat":5,"projectvibrantjourneys:bones":3,"minecraft:grass":57,"beachparty:palm_log":4,"minecraft:oak_log":56,"projectvibrantjourneys:short_grass":100,"projectvibrantjourneys:pinecones":3,"minecraft:dirt":536,"minecraft:oak_leaves":97,"minecraft:deepslate":213,"create:zinc_ore":32,"farm_and_charm:wild_nettle":1,"minecraft:deepslate_diamond_ore":2,"farm_and_charm:onion_crop":37,"projectvibrantjourneys:rocks":12,"psg:sulphur_ore":43,"farmersdelight:wild_cabbages":4,"minecraft:spruce_leaves":53,"minecraft:moss_block":6,"minecraft:large_fern":9,"minecraft:redstone_ore":14,"minecraft:oak_trapdoor":2,"minecraft:spruce_sapling":3,"minecraft:furnace":6,"minecraft:andesite":89,"minecraft:potatoes":35,"minecraft:deepslate_iron_ore":28,"farm_and_charm:wild_oat":5,"minecraft:bamboo":1,"projectvibrantjourneys:seashells":5,"minecraft:stone":910,"minecraft:podzol":1,"psg:potassium_ore":26,"minecraft:spruce_door":2,"minecraft:dandelion":23,"psg:deepslate_sulphur_ore":5,"minecraft:crafting_table":10,"minecraft:cornflower":12,"minecraft:emerald_ore":8,"farm_and_charm:wild_potatoes":6,"projectvibrantjourneys:mossy_rocks":2,"minecraft:tall_grass":4,"minecraft:copper_ore":100,"minecraft:deepslate_gold_ore":6,"minecraft:lapis_ore":10,"minecraft:diorite":36,"farm_and_charm:wild_lettuce":1,"minecraft:birch_planks":7,"minecraft:sweet_berry_bush":13,"minecraft:ice":2,"minecraft:spruce_log":147,"k_turrets:titanium_ore":19,"minecraft:coal_ore":260,"minecraft:gravel":33,"minecraft:dripstone_block":11,"minecraft:fern":3},"minecraft:broken":{"minecraft:iron_shovel":1,"minecraft:iron_leggings":1,"marbledsarsenal:oak_ghillie_boots":1,"minecraft:stone_pickaxe":7,"marbledsarsenal:oak_ghillie_helmet":1,"marbledsarsenal:cm6m_gas_mask":1,"minecraft:wooden_sword":1,"minecraft:stone_axe":4,"marbledsarsenal:oak_ghillie_leggings":1,"minecraft:iron_sword":2,"minecraft:stone_shovel":3,"minecraft:stone_sword":2,"minecraft:wooden_pickaxe":1,"minecraft:leather_boots":1,"marbledsarsenal:oak_ghillie_chestplate":1,"minecraft:iron_pickaxe":5,"minecraft:wooden_hoe":1},"minecraft:custom":{"minecraft:animals_bred":1,"minecraft:interact_with_crafting_table":123,"minecraft:leave_game":7,"minecraft:time_since_death":4724,"minecraft:sprint_one_cm":709002,"minecraft:drop":108,"minecraft:play_time":591994,"minecraft:deaths":72,"minecraft:jump":7461,"minecraft:walk_on_water_one_cm":70637,"minecraft:interact_with_furnace":127,"minecraft:sleep_in_bed":9,"minecraft:damage_dealt":47801,"minecraft:player_kills":3,"minecraft:crouch_one_cm":23132,"minecraft:use_cauldron":1,"minecraft:mob_kills":317,"minecraft:damage_dealt_resisted":1517,"minecraft:climb_one_cm":35256,"minecraft:walk_one_cm":2590429,"minecraft:damage_dealt_absorbed":70,"minecraft:sneak_time":15876,"minecraft:walk_under_water_one_cm":96611,"minecraft:boat_one_cm":29233,"minecraft:total_world_time":591994,"minecraft:interact_with_stonecutter":4,"minecraft:time_since_rest":4761,"minecraft:damage_taken":22127,"minecraft:swim_one_cm":96028,"minecraft:fly_one_cm":888873,"minecraft:open_chest":89,"minecraft:fall_one_cm":169761},"minecraft:used":{"minecraft:beetroot":3,"marbledsarsenal:oak_ghillie_leggings":1,"minecraft:iron_shovel":250,"minecraft:ladder":2,"minecraft:chest":4,"minecraft:iron_sword":502,"immersive_aircraft:quadrocopter":1,"minecraft:carrot":115,"minecraft:axolotl_bucket":1,"minecraft:lava_bucket":29,"ecologics:surface_moss":2,"minecraft:sweet_berries":67,"minecraft:oak_sapling":16,"minecraft:furnace":7,"minecraft:egg":1,"minecraft:potato":113,"projectvibrantjourneys:light_brown_bark_mushroom":1,"minecraft:spruce_door":9,"minecraft:oak_planks":4,"minecraft:stone_pickaxe":984,"minecraft:wooden_pickaxe":59,"minecraft:glow_berries":1,"minecraft:dripstone_block":5,"minecraft:shears":35,"minecraft:bread":10,"beachparty:palm_log":2,"minecraft:gravel":8,"marbledsarsenal:oak_ghillie_boots":1,"minecraft:wooden_sword":66,"minecraft:andesite":22,"minecraft:bone_meal":6,"minecraft:oak_trapdoor":52,"minecraft:stone_sword":351,"minecraft:stone_shovel":476,"tacz:gun_smith_table":4,"minecraft:spruce_planks":166,"minecraft:stone_hoe":47,"minecraft:torch":39,"minecraft:spyglass":6,"minecraft:dirt":692,"farm_and_charm:onion":81,"marbledsarsenal:oak_ghillie_chestplate":1,"projectvibrantjourneys:fallen_leaves":2,"minecraft:bamboo":7,"minecraft:beef":1,"create:tiled_glass_pane":28,"comforts:sleeping_bag_white":1,"minecraft:cobbled_deepslate":5,"minecraft:pointed_dripstone":16,"minecraft:wheat_seeds":19,"minecraft:water_bucket":4,"minecraft:pink_tulip":1,"minecraft:amethyst_block":1,"marbledsarsenal:oak_ghillie_helmet":1,"minecraft:cobblestone_stairs":96,"minecraft:rabbit":2,"minecraft:baked_potato":8,"minecraft:cauldron":1,"minecraft:spruce_sign":3,"minecraft:stonecutter":1,"farm_and_charm:strawberry":3,"minecraft:crafting_table":12,"minecraft:white_bed":2,"minecraft:spruce_log":8,"minecraft:oak_log":1,"minecraft:wooden_hoe":94,"minecraft:iron_pickaxe":1424,"minecraft:spruce_sapling":10,"minecraft:stone_axe":414,"minecraft:cobblestone":484,"minecraft:bucket":35,"alexsmobs:animal_dictionary":2},"minecraft:dropped":{"minecraft:glow_berries":14,"minecraft:leather":4,"projectvibrantjourneys:orange_bark_mushroom":2,"minecraft:spruce_leaves":2,"minecraft:dirt":111,"minecraft:cornflower":1,"minecraft:mutton":2,"projectvibrantjourneys:fallen_leaves":5,"minecraft:amethyst_shard":19,"minecraft:white_wool":2,"projectvibrantjourneys:bark_mushroom":1,"minecraft:bone":12,"minecraft:gravel":20,"minecraft:cobbled_deepslate":135,"alexsmobs:animal_dictionary":1,"minecraft:rotten_flesh":7,"psg:raw_potassium":8,"minecraft:carrot":21,"psg:sulphur":51,"projectvibrantjourneys:light_brown_bark_mushroom":1,"comforts:sleeping_bag_white":2,"minecraft:beef":4,"minecraft:oak_leaves":14,"minecraft:bread":9,"marbledsarsenal:oak_ghillie_leggings":1,"minecraft:poisonous_potato":2,"minecraft:cobblestone":257,"minecraft:spruce_door":1,"minecraft:tropical_fish":1,"marbledsarsenal:oak_ghillie_chestplate":1,"minecraft:coal":68,"minecraft:stick":2,"minecraft:iron_leggings":1,"minecraft:string":2,"minecraft:furnace":2,"minecraft:clay_ball":192,"sophisticatedbackpacks:backpack":2,"minecraft:pumpkin_seeds":16,"pointblank:gunmetal_nugget":1,"beachparty:palm_planks":5,"farm_and_charm:strawberry_seeds":1,"minecraft:spruce_planks":63,"minecraft:andesite":1,"ecologics:surface_moss":63,"minecraft:spider_eye":1,"brewery:hops_seeds":4,"minecraft:red_sand":6,"minecraft:calcite":1},"minecraft:killed":{"minecraft:pig":1,"alexsmobs:grizzly_bear":1,"minecraft:zombie_villager":6,"hordes:drowned_player":1,"minecraft:sheep":3,"minecraft:zombie":220,"alexsmobs:fly":3,"minecraft:cow":10,"hordes:zombie_player":13,"alexsmobs:seagull":1,"minecraft:drowned":4,"minecraft:rabbit":2}},"DataVersion":3465}