{"stats":{"minecraft:killed_by":{"minecraft:zombie_villager":1,"mutantmonsters:mutant_zombie":3,"minecraft:zombie":36,"alexsmobs:grizzly_bear":1,"minecraft:husk":3,"minecraft:player":8,"hordes:zombie_player":7},"minecraft:picked_up":{"vinery:red_grape":4,"minecraft:wheat":11,"vinery:red_grape_seeds":2,"minecraft:brewing_stand":1,"minecraft:amethyst_block":1,"minecraft:string":19,"minecraft:raw_copper":432,"minecraft:iron_leggings":1,"minecraft:zombie_head":1,"minecraft:beetroot":64,"minecraft:red_sand":56,"minecraft:cobbled_deepslate":232,"comforts:sleeping_bag_white":2,"minecraft:spruce_planks":141,"minecraft:calcite":1,"farmersdelight:cabbage_seeds":4,"minecraft:furnace":8,"minecraft:stick":60,"minecraft:torch":51,"minecraft:porkchop":7,"marbledsarsenal:oak_ghillie_chestplate":1,"psg:sulphur":274,"minecraft:pointed_dripstone":16,"minecraft:diorite":33,"marbledsapi:rubber":8,"marbledsarsenal:oak_ghillie_leggings":1,"minecraft:rotten_flesh":332,"ecologics:surface_moss":29,"minecraft:tropical_fish":1,"create:asurine":2,"minecraft:cobblestone":1129,"minecraft:magma_block":10,"minecraft:andesite":149,"projectvibrantjourneys:fallen_leaves":9,"paraglider:spirit_orb":2,"minecraft:potato":232,"alexsmobs:bear_fur":3,"beachparty:palm_log":4,"minecraft:flint":1,"create:raw_zinc":57,"minecraft:lapis_lazuli":117,"minecraft:dirt":791,"brewery:hops_seeds":4,"minecraft:bone":49,"minecraft:wheat_seeds":59,"minecraft:raw_gold":6,"minecraft:moss_block":4,"tacz:gun_smith_table":3,"minecraft:rabbit":2,"minecraft:bamboo":11,"psg:raw_potassium":76,"farm_and_charm:strawberry_seeds":1,"minecraft:poisonous_potato":4,"minecraft:ink_sac":9,"minecraft:mossy_cobblestone":2,"minecraft:diamond":25,"minecraft:soul_lantern":1,"minecraft:emerald":14,"minecraft:bread":9,"minecraft:oak_sapling":16,"minecraft:oak_leaves":40,"minecraft:spruce_leaves":2,"minecraft:crafting_table":11,"minecraft:ladder":2,"minecraft:clay_ball":192,"minecraft:brown_mushroom":12,"minecraft:cornflower":11,"tacz:ammo":504,"minecraft:blue_orchid":12,"minecraft:blackstone":7,"minecraft:beef":15,"vinery:cherry":43,"minecraft:poppy":18,"minecraft:sugar_cane":24,"minecraft:phantom_membrane":2,"minecraft:egg":1,"minecraft:raw_iron":222,"minecraft:copper_ingot":1,"projectvibrantjourneys:bark_mushroom":1,"sophisticatedbackpacks:backpack":1,"pointblank:gunmetal_nugget":467,"minecraft:carrot":112,"minecraft:redstone":65,"k_turrets:raw_titanium":19,"farm_and_charm:strawberry":67,"minecraft:pink_tulip":1,"sophisticatedbackpacks:copper_backpack":2,"minecraft:glow_berries":22,"minecraft:mutton":7,"minecraft:skeleton_skull":4,"minecraft:white_wool":11,"vinery:rotten_cherry":13,"minecraft:leather":8,"minecraft:birch_planks":7,"minecraft:oak_log":53,"vinery:taiga_grapes_red":35,"minecraft:gunpowder":57,"minecraft:cobblestone_stairs":22,"projectvibrantjourneys:sea_oats":15,"farm_and_charm:onion":248,"farm_and_charm:oat":19,"minecraft:stone_bricks":3,"minecraft:kelp":13,"minecraft:rabbit_hide":1,"minecraft:soul_sand":17,"minecraft:polished_andesite_stairs":1,"projectvibrantjourneys:light_brown_bark_mushroom":2,"farm_and_charm:lettuce":3,"minecraft:pumpkin":12,"minecraft:sweet_berries":82,"vinery:taiga_grape_seeds_red":11,"minecraft:chiseled_stone_bricks":2,"minecraft:dandelion":23,"minecraft:dripstone_block":11,"minecraft:gravel":33,"minecraft:amethyst_shard":20,"minecraft:spruce_sapling":26,"minecraft:white_bed":2,"minecraft:spruce_log":206,"minecraft:spruce_door":7,"minecraft:spider_eye":15,"minecraft:pumpkin_seeds":13,"minecraft:slime_ball":8,"tacz:modern_kinetic_gun":3,"minecraft:mossy_cobblestone_stairs":1,"projectvibrantjourneys:orange_bark_mushroom":5,"minecraft:coal":418},"minecraft:crafted":{"create:tiled_glass":2,"immersive_aircraft:engine":1,"minecraft:black_dye":4,"marbledsarsenal:riot_armor_boots":1,"minecraft:oak_planks":168,"minecraft:smooth_stone":3,"minecraft:stone":6,"minecraft:cobblestone_stairs":85,"marbledsarsenal:black_plate_carrier_t1":1,"marbledsarsenal:cm6m_gas_mask":1,"minecraft:glass":50,"ecologics:surface_moss":36,"marbledsarsenal:riot_armor_leggings":1,"sophisticatedbackpacks:copper_backpack":1,"psg:potassium":68,"marbledsarsenal:armor_plate":3,"minecraft:chest":7,"marbledsapi:steel_ingot":43,"minecraft:stone_hoe":1,"sophisticatedbackpacks:backpack":1,"create:tiled_glass_pane":32,"minecraft:cauldron":1,"vinery:grapevine_stem":24,"minecraft:crafting_table":5,"minecraft:spruce_planks":548,"minecraft:wooden_pickaxe":1,"minecraft:baked_potato":8,"minecraft:spruce_door":3,"minecraft:red_wool":3,"minecraft:copper_ingot":175,"minecraft:campfire":1,"minecraft:pumpkin_seeds":12,"vinery:taiga_grape_seeds_red":8,"immersive_aircraft:propeller":4,"marbledsapi:raw_steel":43,"minecraft:wooden_hoe":1,"minecraft:stick":28,"minecraft:iron_ingot":210,"minecraft:iron_pickaxe":7,"minecraft:iron_block":1,"minecraft:stone_sword":2,"vinery:red_grape_seeds":4,"marbledsarsenal:gas_mask_filter":2,"marbledsarsenal:oak_ghillie_leggings":1,"minecraft:shears":1,"marbledsarsenal:combat_helmet":1,"minecraft:wooden_sword":1,"minecraft:coal":108,"minecraft:stone_shovel":4,"minecraft:iron_nugget":36,"minecraft:spyglass":1,"comforts:sleeping_bag_white":1,"immersive_melodies:trumpet":1,"minecraft:furnace":7,"minecraft:blast_furnace":1,"minecraft:piston":2,"minecraft:gray_dye":6,"minecraft:bone_meal":9,"marbledsarsenal:oak_ghillie_helmet":1,"minecraft:glass_pane":16,"minecraft:oak_trapdoor":52,"marbledsarsenal:oak_ghillie_boots":1,"minecraft:stone_pickaxe":9,"marbledsarsenal:helmet_cm6m_gas_mask":1,"immersive_aircraft:quadrocopter":1,"marbledsarsenal:oak_ghillie_chestplate":1,"beachparty:palm_planks":8,"minecraft:coal_block":24,"minecraft:red_dye":18,"marbledsapi:steel_sheet":36,"minecraft:spruce_sign":3,"immersive_aircraft:boiler":1,"pointblank:gunmetal_ingot":49,"minecraft:iron_sword":2,"tacz:gun_smith_table":1,"minecraft:bucket":1,"minecraft:stone_axe":5,"minecraft:bread":1,"minecraft:air":0,"minecraft:blue_dye":1,"vinery:straw_hat":1,"minecraft:white_dye":3,"minecraft:iron_shovel":1,"minecraft:stonecutter":1,"minecraft:iron_leggings":1,"create_sa:copper_sword":1,"minecraft:white_bed":1,"minecraft:torch":8,"create:zinc_ingot":57,"minecraft:lapis_block":8},"minecraft:mined":{"minecraft:large_amethyst_bud":4,"create:deepslate_zinc_ore":26,"minecraft:spruce_planks":10,"minecraft:white_bed":2,"minecraft:oak_sapling":1,"minecraft:farmland":24,"minecraft:cobblestone_stairs":25,"minecraft:sculk_vein":2,"minecraft:brewing_stand":1,"ecologics:surface_moss":1,"minecraft:cave_vines_plant":3,"vinery:taiga_grape_bush_red":6,"minecraft:red_sand":59,"minecraft:grass_block":252,"tacz:gun_smith_table":3,"minecraft:spawner":1,"minecraft:chiseled_stone_bricks":2,"minecraft:tall_seagrass":3,"minecraft:magma_block":10,"minecraft:mossy_cobblestone_stairs":1,"minecraft:iron_ore":168,"minecraft:fire":4,"projectvibrantjourneys:bark_mushroom":1,"minecraft:pumpkin":13,"minecraft:deepslate_lapis_ore":7,"create:asurine":2,"minecraft:pointed_dripstone":4,"minecraft:cave_vines":3,"minecraft:small_amethyst_bud":1,"farm_and_charm:wild_strawberries":24,"farmersdelight:wild_potatoes":1,"projectvibrantjourneys:cattail":4,"minecraft:kelp_plant":16,"projectvibrantjourneys:sea_oats":15,"minecraft:brown_mushroom":12,"brewery:wild_hops":3,"minecraft:blackstone":10,"minecraft:medium_amethyst_bud":2,"minecraft:amethyst_cluster":5,"minecraft:soul_lantern":1,"farm_and_charm:wild_beetroots":25,"minecraft:clay":24,"minecraft:torch":30,"farm_and_charm:wild_carrots":41,"vinery:red_grape_bush":1,"projectvibrantjourneys:twigs":20,"minecraft:calcite":1,"minecraft:poppy":19,"minecraft:polished_andesite_stairs":1,"projectvibrantjourneys:natural_cobweb":2,"minecraft:cobblestone":246,"projectvibrantjourneys:fallen_leaves":9,"minecraft:sugar_cane":7,"minecraft:wall_torch":17,"vinery:white_grape_bush":1,"minecraft:amethyst_block":4,"minecraft:deepslate_copper_ore":14,"minecraft:skeleton_skull":4,"farmersdelight:sandy_shrub":2,"farm_and_charm:wild_onions":22,"minecraft:wheat":12,"projectvibrantjourneys:bones":3,"minecraft:smooth_stone_slab":1,"minecraft:grass":58,"beachparty:palm_log":4,"minecraft:oak_log":56,"projectvibrantjourneys:short_grass":100,"projectvibrantjourneys:pinecones":3,"minecraft:dirt":536,"minecraft:oak_leaves":99,"minecraft:deepslate":310,"create:zinc_ore":32,"farm_and_charm:wild_nettle":1,"minecraft:mossy_cobblestone":2,"minecraft:deepslate_diamond_ore":25,"farm_and_charm:onion_crop":43,"projectvibrantjourneys:rocks":12,"psg:sulphur_ore":43,"farmersdelight:wild_cabbages":4,"minecraft:spruce_leaves":53,"minecraft:kelp":2,"minecraft:moss_block":6,"minecraft:large_fern":9,"farmersdelight:wild_onions":1,"minecraft:redstone_ore":14,"minecraft:oak_trapdoor":2,"minecraft:spruce_sapling":3,"minecraft:furnace":7,"minecraft:andesite":147,"minecraft:potatoes":66,"minecraft:deepslate_iron_ore":39,"farm_and_charm:wild_oat":5,"minecraft:bamboo":1,"projectvibrantjourneys:seashells":5,"minecraft:stone":1006,"minecraft:podzol":1,"minecraft:soul_sand":18,"psg:potassium_ore":26,"minecraft:spruce_door":2,"minecraft:dandelion":23,"psg:deepslate_sulphur_ore":5,"minecraft:crafting_table":11,"minecraft:cornflower":12,"minecraft:emerald_ore":14,"farm_and_charm:wild_potatoes":7,"projectvibrantjourneys:mossy_rocks":2,"minecraft:tall_grass":4,"minecraft:copper_ore":100,"minecraft:deepslate_gold_ore":6,"minecraft:lapis_ore":10,"minecraft:diorite":36,"farm_and_charm:wild_lettuce":1,"minecraft:birch_planks":7,"minecraft:sweet_berry_bush":13,"minecraft:ice":2,"minecraft:spruce_log":198,"k_turrets:titanium_ore":19,"minecraft:coal_ore":284,"minecraft:zombie_head":1,"minecraft:gravel":36,"minecraft:dripstone_block":11,"minecraft:cobweb":1,"minecraft:stone_bricks":3,"minecraft:fern":4},"minecraft:broken":{"minecraft:iron_shovel":1,"minecraft:iron_leggings":1,"marbledsarsenal:oak_ghillie_boots":1,"minecraft:stone_pickaxe":9,"marbledsarsenal:oak_ghillie_helmet":1,"marbledsarsenal:cm6m_gas_mask":1,"minecraft:wooden_sword":1,"minecraft:stone_axe":4,"marbledsarsenal:oak_ghillie_leggings":1,"minecraft:iron_sword":2,"minecraft:stone_shovel":3,"minecraft:stone_sword":2,"minecraft:wooden_pickaxe":1,"minecraft:leather_boots":1,"marbledsarsenal:oak_ghillie_chestplate":1,"minecraft:iron_pickaxe":6,"minecraft:wooden_hoe":1},"minecraft:custom":{"minecraft:animals_bred":1,"minecraft:interact_with_crafting_table":185,"minecraft:leave_game":8,"minecraft:time_since_death":2073,"minecraft:sprint_one_cm":831527,"minecraft:drop":128,"minecraft:play_time":722885,"minecraft:deaths":77,"minecraft:jump":8344,"minecraft:walk_on_water_one_cm":86924,"minecraft:interact_with_furnace":227,"minecraft:sleep_in_bed":9,"minecraft:damage_dealt":49146,"minecraft:player_kills":3,"minecraft:crouch_one_cm":25140,"minecraft:use_cauldron":2,"minecraft:mob_kills":364,"minecraft:interact_with_campfire":8,"minecraft:damage_dealt_resisted":1673,"minecraft:climb_one_cm":36694,"minecraft:walk_one_cm":3021970,"minecraft:damage_dealt_absorbed":150,"minecraft:sneak_time":17643,"minecraft:walk_under_water_one_cm":128339,"minecraft:boat_one_cm":29233,"minecraft:total_world_time":722885,"minecraft:interact_with_stonecutter":4,"minecraft:time_since_rest":2097,"minecraft:damage_taken":23274,"minecraft:swim_one_cm":154650,"minecraft:fly_one_cm":991330,"minecraft:open_chest":209,"minecraft:fall_one_cm":193106},"minecraft:used":{"minecraft:beetroot":3,"marbledsarsenal:oak_ghillie_leggings":1,"minecraft:iron_shovel":250,"sophisticatedbackpacks:copper_backpack":1,"minecraft:ladder":2,"minecraft:chest":6,"minecraft:stone":3,"minecraft:iron_sword":502,"immersive_aircraft:quadrocopter":1,"marbledsarsenal:riot_armor_boots":1,"minecraft:carrot":115,"minecraft:axolotl_bucket":1,"minecraft:lava_bucket":29,"minecraft:blue_orchid":2,"ecologics:surface_moss":2,"minecraft:sweet_berries":77,"minecraft:oak_sapling":16,"minecraft:furnace":8,"minecraft:egg":1,"minecraft:potato":113,"projectvibrantjourneys:light_brown_bark_mushroom":1,"minecraft:spruce_door":9,"minecraft:oak_planks":4,"minecraft:stone_pickaxe":1170,"minecraft:wooden_pickaxe":59,"minecraft:glow_berries":1,"minecraft:dripstone_block":5,"minecraft:shears":37,"minecraft:bread":10,"create_sa:copper_sword":27,"beachparty:palm_log":2,"minecraft:gravel":13,"marbledsarsenal:oak_ghillie_boots":1,"minecraft:soul_lantern":1,"minecraft:wooden_sword":66,"minecraft:andesite":22,"minecraft:bone_meal":6,"minecraft:oak_trapdoor":52,"minecraft:stone_sword":351,"minecraft:stone_shovel":500,"tacz:gun_smith_table":4,"minecraft:spruce_planks":166,"minecraft:stone_hoe":47,"minecraft:torch":56,"minecraft:spyglass":10,"minecraft:dirt":695,"farm_and_charm:onion":81,"marbledsarsenal:oak_ghillie_chestplate":1,"projectvibrantjourneys:fallen_leaves":2,"vinery:grapevine_stem":12,"minecraft:bamboo":7,"minecraft:beef":3,"create:tiled_glass_pane":28,"comforts:sleeping_bag_white":1,"minecraft:cobbled_deepslate":5,"minecraft:pointed_dripstone":16,"minecraft:wheat_seeds":59,"minecraft:water_bucket":7,"minecraft:pink_tulip":1,"minecraft:amethyst_block":1,"marbledsarsenal:oak_ghillie_helmet":1,"minecraft:cobblestone_stairs":96,"minecraft:rabbit":2,"minecraft:baked_potato":8,"minecraft:cauldron":1,"minecraft:spruce_sign":3,"minecraft:stonecutter":1,"farm_and_charm:strawberry":3,"minecraft:crafting_table":15,"minecraft:campfire":1,"minecraft:white_bed":3,"minecraft:spruce_log":9,"minecraft:oak_log":1,"minecraft:wooden_hoe":94,"vinery:rotten_cherry":7,"minecraft:iron_pickaxe":1617,"minecraft:spruce_sapling":10,"minecraft:stone_axe":466,"minecraft:cobblestone":548,"minecraft:bucket":39,"alexsmobs:animal_dictionary":2},"minecraft:dropped":{"minecraft:glow_berries":14,"minecraft:leather":4,"vinery:rotten_cherry":6,"projectvibrantjourneys:orange_bark_mushroom":5,"minecraft:spruce_leaves":2,"minecraft:dirt":111,"minecraft:cornflower":1,"minecraft:mutton":2,"projectvibrantjourneys:fallen_leaves":7,"minecraft:amethyst_shard":19,"minecraft:white_wool":2,"projectvibrantjourneys:bark_mushroom":1,"minecraft:bone":35,"vinery:red_grape_seeds":2,"minecraft:gravel":20,"vinery:taiga_grape_seeds_red":11,"minecraft:sugar_cane":12,"minecraft:cobbled_deepslate":135,"alexsmobs:animal_dictionary":1,"minecraft:rotten_flesh":7,"psg:raw_potassium":8,"minecraft:carrot":21,"psg:sulphur":51,"projectvibrantjourneys:light_brown_bark_mushroom":1,"comforts:sleeping_bag_white":2,"minecraft:beef":4,"minecraft:oak_leaves":14,"minecraft:bread":9,"marbledsarsenal:oak_ghillie_leggings":1,"minecraft:poisonous_potato":2,"minecraft:cobblestone":257,"minecraft:spruce_door":1,"minecraft:tropical_fish":1,"marbledsarsenal:oak_ghillie_chestplate":1,"minecraft:coal":68,"minecraft:stick":2,"minecraft:iron_leggings":1,"tacz:modern_kinetic_gun":1,"minecraft:polished_andesite_stairs":1,"minecraft:mossy_cobblestone_stairs":1,"create:tiled_glass_pane":4,"minecraft:string":2,"minecraft:furnace":2,"minecraft:clay_ball":192,"sophisticatedbackpacks:backpack":2,"minecraft:pumpkin_seeds":21,"pointblank:gunmetal_nugget":2,"beachparty:palm_planks":5,"farm_and_charm:strawberry_seeds":1,"minecraft:spruce_planks":69,"minecraft:andesite":1,"ecologics:surface_moss":63,"minecraft:spider_eye":2,"brewery:hops_seeds":4,"minecraft:red_sand":6,"minecraft:calcite":1,"create:tiled_glass":10},"minecraft:killed":{"minecraft:pig":4,"alexsmobs:grizzly_bear":1,"minecraft:zombie_villager":7,"hordes:drowned_player":1,"minecraft:sheep":6,"minecraft:zombie":255,"alexsmobs:fly":3,"minecraft:cow":11,"hordes:zombie_player":13,"alexsmobs:seagull":1,"minecraft:drowned":4,"minecraft:rabbit":2,"minecraft:squid":4}},"DataVersion":3465}