{"stats":{"minecraft:killed_by":{"minecraft:zombie":14,"minecraft:player":8},"minecraft:broken":{"minecraft:iron_leggings":1,"minecraft:stone_pickaxe":5,"marbledsarsenal:cm6m_gas_mask":1,"minecraft:wooden_sword":1,"minecraft:stone_axe":3,"minecraft:iron_sword":1,"minecraft:stone_sword":2,"minecraft:wooden_pickaxe":1,"minecraft:leather_boots":1,"minecraft:iron_pickaxe":4,"minecraft:wooden_hoe":1},"minecraft:mined":{"minecraft:large_amethyst_bud":4,"create:deepslate_zinc_ore":26,"minecraft:spruce_planks":10,"minecraft:white_bed":1,"minecraft:sculk_vein":2,"minecraft:cobblestone_stairs":22,"ecologics:surface_moss":1,"minecraft:cave_vines_plant":3,"minecraft:red_sand":49,"minecraft:grass_block":4,"tacz:gun_smith_table":3,"minecraft:tall_seagrass":3,"minecraft:magma_block":10,"minecraft:iron_ore":106,"projectvibrantjourneys:bark_mushroom":1,"minecraft:pumpkin":13,"minecraft:deepslate_lapis_ore":4,"create:asurine":2,"minecraft:pointed_dripstone":4,"minecraft:cave_vines":3,"minecraft:small_amethyst_bud":1,"farm_and_charm:wild_strawberries":23,"projectvibrantjourneys:cattail":4,"brewery:wild_hops":3,"minecraft:blackstone":10,"minecraft:medium_amethyst_bud":2,"minecraft:amethyst_cluster":5,"farm_and_charm:wild_beetroots":25,"minecraft:clay":24,"minecraft:torch":13,"farm_and_charm:wild_carrots":41,"projectvibrantjourneys:twigs":14,"minecraft:calcite":1,"projectvibrantjourneys:natural_cobweb":2,"minecraft:cobblestone":105,"projectvibrantjourneys:fallen_leaves":5,"minecraft:sugar_cane":7,"minecraft:wall_torch":16,"vinery:white_grape_bush":1,"minecraft:amethyst_block":4,"minecraft:deepslate_copper_ore":14,"farmersdelight:sandy_shrub":2,"farm_and_charm:wild_onions":12,"minecraft:wheat":4,"projectvibrantjourneys:bones":3,"minecraft:grass":50,"beachparty:palm_log":4,"minecraft:oak_log":14,"projectvibrantjourneys:short_grass":70,"projectvibrantjourneys:pinecones":3,"minecraft:dirt":17,"minecraft:oak_leaves":42,"minecraft:deepslate":213,"create:zinc_ore":32,"farm_and_charm:wild_nettle":1,"minecraft:deepslate_diamond_ore":2,"projectvibrantjourneys:rocks":11,"psg:sulphur_ore":43,"farmersdelight:wild_cabbages":4,"minecraft:spruce_leaves":9,"minecraft:moss_block":6,"minecraft:large_fern":8,"minecraft:redstone_ore":14,"minecraft:spruce_sapling":2,"minecraft:furnace":5,"minecraft:andesite":27,"minecraft:potatoes":6,"minecraft:deepslate_iron_ore":28,"farm_and_charm:wild_oat":5,"minecraft:bamboo":1,"projectvibrantjourneys:seashells":5,"minecraft:stone":764,"minecraft:podzol":1,"psg:potassium_ore":26,"minecraft:spruce_door":2,"minecraft:dandelion":18,"psg:deepslate_sulphur_ore":5,"minecraft:crafting_table":8,"minecraft:cornflower":9,"farm_and_charm:wild_potatoes":6,"projectvibrantjourneys:mossy_rocks":1,"minecraft:tall_grass":1,"minecraft:copper_ore":92,"minecraft:deepslate_gold_ore":6,"minecraft:lapis_ore":10,"minecraft:diorite":36,"minecraft:birch_planks":7,"minecraft:sweet_berry_bush":12,"minecraft:ice":2,"minecraft:spruce_log":109,"k_turrets:titanium_ore":9,"minecraft:coal_ore":88,"minecraft:gravel":24,"minecraft:dripstone_block":11,"minecraft:fern":3},"minecraft:used":{"minecraft:beetroot":3,"marbledsarsenal:oak_ghillie_leggings":1,"minecraft:ladder":2,"minecraft:chest":4,"minecraft:iron_sword":459,"minecraft:carrot":115,"minecraft:axolotl_bucket":1,"ecologics:surface_moss":2,"minecraft:sweet_berries":64,"minecraft:furnace":6,"minecraft:egg":1,"minecraft:potato":28,"projectvibrantjourneys:light_brown_bark_mushroom":1,"minecraft:spruce_door":7,"minecraft:oak_planks":4,"minecraft:stone_pickaxe":657,"minecraft:wooden_pickaxe":59,"minecraft:glow_berries":1,"minecraft:shears":35,"minecraft:bread":10,"beachparty:palm_log":2,"marbledsarsenal:oak_ghillie_boots":1,"minecraft:wooden_sword":66,"minecraft:andesite":22,"minecraft:bone_meal":6,"minecraft:stone_sword":351,"minecraft:stone_shovel":60,"tacz:gun_smith_table":4,"minecraft:spruce_planks":166,"minecraft:stone_hoe":47,"minecraft:torch":31,"minecraft:dirt":1,"minecraft:spyglass":6,"farm_and_charm:onion":74,"marbledsarsenal:oak_ghillie_chestplate":1,"projectvibrantjourneys:fallen_leaves":2,"minecraft:beef":1,"create:tiled_glass_pane":28,"comforts:sleeping_bag_white":1,"minecraft:cobbled_deepslate":5,"minecraft:wheat_seeds":7,"minecraft:water_bucket":3,"minecraft:pink_tulip":1,"minecraft:amethyst_block":1,"marbledsarsenal:oak_ghillie_helmet":1,"minecraft:cobblestone_stairs":92,"minecraft:rabbit":1,"minecraft:baked_potato":8,"minecraft:spruce_sign":3,"minecraft:stonecutter":1,"minecraft:crafting_table":10,"minecraft:white_bed":2,"minecraft:spruce_log":8,"minecraft:oak_log":1,"minecraft:wooden_hoe":94,"minecraft:iron_pickaxe":1110,"minecraft:spruce_sapling":10,"minecraft:stone_axe":293,"minecraft:cobblestone":325,"minecraft:bucket":5,"alexsmobs:animal_dictionary":2},"minecraft:killed":{"minecraft:pig":1,"alexsmobs:grizzly_bear":1,"minecraft:zombie_villager":5,"hordes:drowned_player":1,"minecraft:sheep":3,"minecraft:zombie":205,"alexsmobs:fly":3,"minecraft:cow":10,"hordes:zombie_player":9,"alexsmobs:seagull":1,"minecraft:drowned":4,"minecraft:rabbit":1},"minecraft:dropped":{"minecraft:glow_berries":14,"minecraft:leather":4,"projectvibrantjourneys:orange_bark_mushroom":2,"minecraft:spruce_leaves":2,"minecraft:dirt":6,"minecraft:cornflower":1,"minecraft:mutton":2,"minecraft:amethyst_shard":19,"minecraft:white_wool":2,"projectvibrantjourneys:bark_mushroom":1,"minecraft:bone":12,"minecraft:gravel":20,"minecraft:cobbled_deepslate":131,"alexsmobs:animal_dictionary":1,"minecraft:rotten_flesh":7,"psg:raw_potassium":8,"minecraft:carrot":21,"psg:sulphur":51,"projectvibrantjourneys:light_brown_bark_mushroom":1,"comforts:sleeping_bag_white":2,"minecraft:beef":4,"minecraft:oak_leaves":14,"minecraft:bread":9,"marbledsarsenal:oak_ghillie_leggings":1,"minecraft:poisonous_potato":1,"minecraft:cobblestone":257,"minecraft:spruce_door":1,"minecraft:tropical_fish":1,"marbledsarsenal:oak_ghillie_chestplate":1,"minecraft:coal":22,"minecraft:stick":2,"minecraft:iron_leggings":1,"minecraft:string":2,"minecraft:furnace":2,"minecraft:clay_ball":192,"sophisticatedbackpacks:backpack":2,"minecraft:pumpkin_seeds":16,"pointblank:gunmetal_nugget":1,"beachparty:palm_planks":5,"farm_and_charm:strawberry_seeds":1,"minecraft:spruce_planks":63,"minecraft:andesite":1,"ecologics:surface_moss":63,"minecraft:spider_eye":1,"brewery:hops_seeds":4,"minecraft:red_sand":6},"minecraft:crafted":{"create:tiled_glass":2,"immersive_aircraft:engine":1,"minecraft:oak_planks":12,"minecraft:smooth_stone":3,"minecraft:stone":6,"minecraft:cobblestone_stairs":72,"minecraft:glass":40,"ecologics:surface_moss":36,"psg:potassium":17,"minecraft:chest":5,"minecraft:stone_hoe":1,"create:tiled_glass_pane":32,"sophisticatedbackpacks:backpack":1,"minecraft:crafting_table":3,"minecraft:spruce_planks":384,"minecraft:wooden_pickaxe":1,"minecraft:baked_potato":8,"minecraft:spruce_door":3,"minecraft:copper_ingot":81,"minecraft:pumpkin_seeds":8,"immersive_aircraft:propeller":1,"minecraft:wooden_hoe":1,"minecraft:stick":24,"minecraft:iron_ingot":93,"minecraft:iron_pickaxe":5,"minecraft:stone_sword":2,"minecraft:iron_block":1,"marbledsarsenal:oak_ghillie_leggings":1,"minecraft:shears":1,"minecraft:wooden_sword":1,"minecraft:stone_shovel":1,"minecraft:iron_nugget":36,"minecraft:spyglass":1,"comforts:sleeping_bag_white":1,"immersive_melodies:trumpet":1,"minecraft:furnace":5,"minecraft:blast_furnace":1,"minecraft:piston":2,"marbledsarsenal:oak_ghillie_helmet":1,"minecraft:bone_meal":6,"marbledsarsenal:oak_ghillie_boots":1,"minecraft:stone_pickaxe":5,"marbledsarsenal:oak_ghillie_chestplate":1,"beachparty:palm_planks":8,"minecraft:coal_block":4,"minecraft:spruce_sign":3,"immersive_aircraft:boiler":1,"pointblank:gunmetal_ingot":32,"minecraft:iron_sword":2,"tacz:gun_smith_table":1,"minecraft:bucket":1,"minecraft:stone_axe":3,"minecraft:bread":1,"minecraft:air":0,"minecraft:blue_dye":1,"minecraft:iron_leggings":1,"minecraft:stonecutter":1,"minecraft:white_bed":1,"minecraft:torch":8,"create:zinc_ingot":12},"minecraft:custom":{"minecraft:interact_with_crafting_table":95,"minecraft:leave_game":3,"minecraft:time_since_death":12438,"minecraft:sprint_one_cm":469048,"minecraft:drop":96,"minecraft:play_time":436931,"minecraft:deaths":25,"minecraft:jump":5742,"minecraft:walk_on_water_one_cm":65159,"minecraft:interact_with_furnace":95,"minecraft:sleep_in_bed":8,"minecraft:damage_dealt":42368,"minecraft:player_kills":3,"minecraft:crouch_one_cm":9003,"minecraft:mob_kills":248,"minecraft:damage_dealt_resisted":1376,"minecraft:climb_one_cm":35256,"minecraft:walk_one_cm":1936570,"minecraft:damage_dealt_absorbed":70,"minecraft:sneak_time":6244,"minecraft:walk_under_water_one_cm":92166,"minecraft:boat_one_cm":29233,"minecraft:total_world_time":436931,"minecraft:interact_with_stonecutter":3,"minecraft:time_since_rest":12467,"minecraft:damage_taken":10294,"minecraft:swim_one_cm":93664,"minecraft:fly_one_cm":647463,"minecraft:open_chest":43,"minecraft:fall_one_cm":120133},"minecraft:picked_up":{"minecraft:wheat":4,"minecraft:amethyst_block":1,"minecraft:string":17,"minecraft:raw_copper":403,"minecraft:iron_leggings":1,"minecraft:beetroot":64,"minecraft:red_sand":46,"minecraft:cobbled_deepslate":133,"comforts:sleeping_bag_white":2,"minecraft:spruce_planks":121,"minecraft:calcite":1,"farmersdelight:cabbage_seeds":4,"minecraft:furnace":6,"minecraft:stick":24,"minecraft:torch":33,"marbledsarsenal:oak_ghillie_chestplate":1,"psg:sulphur":274,"minecraft:pointed_dripstone":16,"minecraft:diorite":33,"marbledsarsenal:oak_ghillie_leggings":1,"minecraft:rotten_flesh":259,"ecologics:surface_moss":29,"minecraft:tropical_fish":1,"create:asurine":2,"minecraft:cobblestone":777,"minecraft:magma_block":10,"minecraft:andesite":29,"projectvibrantjourneys:fallen_leaves":4,"minecraft:potato":36,"alexsmobs:bear_fur":3,"beachparty:palm_log":4,"create:raw_zinc":57,"minecraft:lapis_lazuli":100,"minecraft:dirt":9,"brewery:hops_seeds":4,"minecraft:bone":39,"minecraft:wheat_seeds":19,"minecraft:raw_gold":6,"minecraft:bamboo":11,"minecraft:moss_block":4,"minecraft:rabbit":1,"tacz:gun_smith_table":3,"psg:raw_potassium":76,"farm_and_charm:strawberry_seeds":1,"minecraft:poisonous_potato":1,"minecraft:diamond":2,"minecraft:bread":9,"minecraft:oak_leaves":38,"minecraft:spruce_leaves":2,"minecraft:crafting_table":8,"minecraft:ladder":2,"minecraft:clay_ball":192,"minecraft:cornflower":8,"tacz:ammo":144,"minecraft:blackstone":7,"minecraft:beef":12,"minecraft:sugar_cane":24,"minecraft:egg":1,"minecraft:raw_iron":134,"projectvibrantjourneys:bark_mushroom":1,"sophisticatedbackpacks:backpack":1,"pointblank:gunmetal_nugget":364,"minecraft:carrot":112,"minecraft:redstone":65,"k_turrets:raw_titanium":9,"farm_and_charm:strawberry":64,"minecraft:pink_tulip":1,"sophisticatedbackpacks:copper_backpack":1,"minecraft:glow_berries":22,"minecraft:mutton":2,"minecraft:white_wool":8,"minecraft:leather":8,"minecraft:birch_planks":7,"minecraft:oak_log":14,"minecraft:gunpowder":45,"minecraft:cobblestone_stairs":20,"farm_and_charm:oat":19,"farm_and_charm:onion":63,"projectvibrantjourneys:light_brown_bark_mushroom":2,"minecraft:pumpkin":12,"minecraft:sweet_berries":51,"minecraft:dandelion":17,"minecraft:dripstone_block":11,"minecraft:gravel":23,"minecraft:amethyst_shard":20,"minecraft:spruce_sapling":10,"minecraft:white_bed":1,"minecraft:spruce_log":122,"minecraft:spruce_door":5,"minecraft:spider_eye":10,"minecraft:pumpkin_seeds":9,"minecraft:slime_ball":4,"tacz:modern_kinetic_gun":2,"projectvibrantjourneys:orange_bark_mushroom":3,"minecraft:coal":152}},"DataVersion":3465}