{"stats":{"minecraft:custom":{"minecraft:mob_kills":77,"minecraft:interact_with_crafting_table":27,"minecraft:damage_dealt_resisted":253,"minecraft:time_since_death":43028,"minecraft:climb_one_cm":2538,"minecraft:sprint_one_cm":74732,"minecraft:walk_one_cm":542390,"minecraft:drop":39,"minecraft:play_time":111804,"minecraft:deaths":2,"minecraft:sneak_time":1128,"minecraft:walk_under_water_one_cm":33934,"minecraft:jump":1129,"minecraft:walk_on_water_one_cm":17027,"minecraft:total_world_time":111804,"minecraft:interact_with_furnace":36,"minecraft:time_since_rest":43068,"minecraft:damage_taken":1416,"minecraft:damage_dealt":12565,"minecraft:swim_one_cm":2547,"minecraft:fly_one_cm":113142,"minecraft:crouch_one_cm":2287,"minecraft:fall_one_cm":17288},"minecraft:killed_by":{"minecraft:zombie":2},"minecraft:dropped":{"minecraft:bread":9,"minecraft:poisonous_potato":1,"minecraft:cobblestone":252,"minecraft:tropical_fish":1,"minecraft:stick":2,"minecraft:dirt":5,"minecraft:mutton":2,"minecraft:string":1,"minecraft:bone":3,"minecraft:gravel":20,"minecraft:furnace":2,"minecraft:cobbled_deepslate":131,"minecraft:clay_ball":128,"psg:raw_potassium":8,"psg:sulphur":51,"farm_and_charm:strawberry_seeds":1,"ecologics:surface_moss":63,"brewery:hops_seeds":4},"minecraft:crafted":{"minecraft:spyglass":1,"immersive_melodies:trumpet":1,"minecraft:furnace":1,"ecologics:surface_moss":36,"psg:potassium":17,"minecraft:stone_pickaxe":4,"minecraft:coal_block":1,"minecraft:crafting_table":1,"minecraft:spruce_planks":28,"minecraft:wooden_pickaxe":1,"minecraft:iron_sword":1,"minecraft:copper_ingot":33,"minecraft:bucket":1,"minecraft:stone_axe":1,"minecraft:air":0,"minecraft:stick":12,"minecraft:iron_ingot":20,"minecraft:iron_pickaxe":2,"minecraft:stone_sword":1,"minecraft:iron_leggings":1,"minecraft:torch":4,"create:zinc_ingot":12},"minecraft:broken":{"minecraft:stone_sword":1,"minecraft:wooden_pickaxe":1,"minecraft:stone_pickaxe":4,"minecraft:iron_pickaxe":1},"minecraft:killed":{"alexsmobs:seagull":1,"minecraft:pig":1,"minecraft:zombie_villager":3,"minecraft:rabbit":1,"minecraft:sheep":3,"minecraft:zombie":67,"alexsmobs:fly":1},"minecraft:picked_up":{"minecraft:crafting_table":6,"minecraft:clay_ball":192,"minecraft:amethyst_block":1,"minecraft:string":5,"minecraft:raw_copper":88,"minecraft:beetroot":54,"minecraft:cobbled_deepslate":131,"minecraft:sugar_cane":24,"minecraft:furnace":4,"minecraft:stick":9,"minecraft:raw_iron":20,"minecraft:torch":7,"pointblank:gunmetal_nugget":64,"psg:sulphur":162,"minecraft:carrot":71,"minecraft:rotten_flesh":54,"ecologics:surface_moss":29,"minecraft:tropical_fish":1,"k_turrets:raw_titanium":5,"farm_and_charm:strawberry":64,"minecraft:glow_berries":8,"minecraft:mutton":2,"minecraft:white_wool":7,"minecraft:cobblestone":345,"minecraft:potato":18,"create:raw_zinc":12,"minecraft:gunpowder":17,"farm_and_charm:onion":62,"farm_and_charm:oat":19,"minecraft:dirt":5,"brewery:hops_seeds":4,"minecraft:bone":3,"minecraft:rabbit":1,"minecraft:moss_block":4,"minecraft:pumpkin":8,"minecraft:sweet_berries":20,"psg:raw_potassium":25,"farm_and_charm:strawberry_seeds":1,"minecraft:poisonous_potato":1,"minecraft:gravel":20,"minecraft:amethyst_shard":20,"minecraft:spruce_log":7,"minecraft:diamond":2,"minecraft:bread":9,"minecraft:coal":60},"minecraft:mined":{"create:zinc_ore":1,"minecraft:large_amethyst_bud":4,"create:deepslate_zinc_ore":12,"farm_and_charm:wild_nettle":1,"minecraft:deepslate_diamond_ore":2,"projectvibrantjourneys:rocks":2,"psg:sulphur_ore":19,"ecologics:surface_moss":1,"minecraft:cave_vines_plant":3,"minecraft:grass_block":3,"minecraft:moss_block":6,"minecraft:furnace":3,"minecraft:iron_ore":7,"minecraft:pumpkin":9,"minecraft:cave_vines":3,"minecraft:deepslate_iron_ore":13,"minecraft:small_amethyst_bud":1,"farm_and_charm:wild_oat":5,"farm_and_charm:wild_strawberries":23,"projectvibrantjourneys:seashells":4,"minecraft:stone":425,"projectvibrantjourneys:cattail":4,"brewery:wild_hops":3,"minecraft:blackstone":3,"minecraft:medium_amethyst_bud":2,"psg:potassium_ore":4,"minecraft:amethyst_cluster":5,"farm_and_charm:wild_beetroots":21,"psg:deepslate_sulphur_ore":5,"minecraft:clay":24,"minecraft:crafting_table":6,"minecraft:torch":1,"farm_and_charm:wild_carrots":30,"projectvibrantjourneys:twigs":9,"farm_and_charm:wild_potatoes":6,"projectvibrantjourneys:natural_cobweb":2,"minecraft:copper_ore":14,"minecraft:sugar_cane":7,"vinery:white_grape_bush":1,"minecraft:wall_torch":6,"minecraft:amethyst_block":4,"minecraft:deepslate_copper_ore":2,"farm_and_charm:wild_onions":11,"minecraft:sweet_berry_bush":8,"minecraft:ice":1,"minecraft:spruce_log":7,"projectvibrantjourneys:bones":2,"minecraft:grass":3,"k_turrets:titanium_ore":5,"minecraft:coal_ore":38,"projectvibrantjourneys:short_grass":16,"projectvibrantjourneys:pinecones":2,"minecraft:gravel":21,"minecraft:dirt":15,"minecraft:deepslate":211,"minecraft:fern":2},"minecraft:used":{"minecraft:beetroot":3,"minecraft:stone_sword":133,"minecraft:spruce_planks":15,"minecraft:iron_sword":173,"minecraft:torch":7,"minecraft:spyglass":1,"minecraft:carrot":20,"ecologics:surface_moss":2,"minecraft:furnace":3,"minecraft:cobbled_deepslate":5,"minecraft:water_bucket":1,"minecraft:amethyst_block":1,"minecraft:rabbit":1,"minecraft:stone_pickaxe":526,"minecraft:wooden_pickaxe":59,"minecraft:glow_berries":1,"minecraft:crafting_table":7,"minecraft:bread":8,"minecraft:iron_pickaxe":268,"minecraft:stone_axe":23,"minecraft:cobblestone":9,"minecraft:bucket":2,"alexsmobs:animal_dictionary":1}},"DataVersion":3465}