{"stats":{"minecraft:custom":{"minecraft:time_since_rest":4227,"minecraft:sprint_one_cm":55960,"minecraft:damage_taken":772,"minecraft:walk_one_cm":63348,"minecraft:mob_kills":17,"minecraft:drop":4,"minecraft:damage_dealt":2510,"minecraft:swim_one_cm":1244,"minecraft:damage_dealt_absorbed":146,"minecraft:interact_with_crafting_table":5,"minecraft:fly_one_cm":82701,"minecraft:crouch_one_cm":15235,"minecraft:play_time":29541,"minecraft:deaths":2,"minecraft:sneak_time":7018,"minecraft:walk_under_water_one_cm":12125,"minecraft:boat_one_cm":7920,"minecraft:damage_dealt_resisted":426,"minecraft:jump":441,"minecraft:time_since_death":4072,"minecraft:walk_on_water_one_cm":11137,"minecraft:climb_one_cm":317,"minecraft:total_world_time":29541,"minecraft:fall_one_cm":12788},"minecraft:killed_by":{"minecraft:zombie":1},"minecraft:dropped":{"minecraft:torch":1,"minecraft:rotten_flesh":2,"projectvibrantjourneys:pinecones":1,"projectvibrantjourneys:orange_bark_mushroom":1},"minecraft:crafted":{"minecraft:crafting_table":1,"minecraft:spruce_planks":52,"minecraft:stick":8,"minecraft:wooden_pickaxe":1,"minecraft:stone_pickaxe":1,"minecraft:spruce_boat":1,"minecraft:torch":4,"minecraft:stone_axe":1},"minecraft:killed":{"minecraft:zombie":16,"minecraft:drowned":1},"minecraft:picked_up":{"minecraft:raw_iron":27,"minecraft:crafting_table":3,"psg:sulphur":11,"pointblank:gunmetal_nugget":16,"minecraft:gunpowder":4,"minecraft:spruce_log":19,"minecraft:spider_eye":2,"minecraft:string":1,"minecraft:moss_carpet":3,"minecraft:bone":1,"minecraft:rotten_flesh":16,"minecraft:spruce_boat":1,"minecraft:wheat_seeds":1,"minecraft:cobbled_deepslate":1,"k_turrets:raw_titanium":2,"projectvibrantjourneys:orange_bark_mushroom":1,"minecraft:moss_block":5,"minecraft:sugar_cane":2,"minecraft:coal":20,"projectvibrantjourneys:pinecones":1,"minecraft:cobblestone":35},"minecraft:mined":{"minecraft:large_fern":1,"k_turrets:deepslate_titanium_ore":2,"minecraft:iron_ore":12,"projectvibrantjourneys:bones":1,"minecraft:spruce_log":19,"projectvibrantjourneys:rocks":1,"minecraft:crafting_table":3,"minecraft:grass":1,"minecraft:coal_ore":20,"minecraft:deepslate_iron_ore":15,"minecraft:cobblestone":1,"minecraft:stone":38,"minecraft:moss_block":4,"minecraft:sugar_cane":1,"minecraft:deepslate":1},"minecraft:used":{"minecraft:spruce_boat":1,"minecraft:bread":5,"minecraft:stone_pickaxe":97,"minecraft:spruce_planks":2,"minecraft:wooden_pickaxe":3,"minecraft:stone_axe":41,"minecraft:cobblestone":23,"minecraft:crafting_table":3,"alexsmobs:animal_dictionary":1,"minecraft:spruce_log":6}},"DataVersion":3465}