{"stats":{"minecraft:custom":{"minecraft:mob_kills":311,"minecraft:interact_with_crafting_table":104,"minecraft:open_barrel":19,"minecraft:interact_with_campfire":86,"minecraft:damage_dealt_resisted":1613,"minecraft:leave_game":2,"minecraft:time_since_death":1052,"minecraft:climb_one_cm":6882,"minecraft:sprint_one_cm":763722,"minecraft:walk_one_cm":991120,"minecraft:drop":61,"minecraft:damage_dealt_absorbed":186,"minecraft:play_time":382607,"minecraft:sneak_time":30097,"minecraft:deaths":54,"minecraft:walk_under_water_one_cm":128545,"minecraft:boat_one_cm":167150,"minecraft:jump":5741,"minecraft:walk_on_water_one_cm":124656,"minecraft:total_world_time":382607,"minecraft:interact_with_furnace":125,"minecraft:interact_with_grindstone":1,"minecraft:sleep_in_bed":2,"minecraft:time_since_rest":1076,"minecraft:damage_taken":16760,"minecraft:damage_dealt":45707,"minecraft:player_kills":2,"minecraft:swim_one_cm":190979,"minecraft:fly_one_cm":940447,"minecraft:open_chest":194,"minecraft:crouch_one_cm":63675,"minecraft:fall_one_cm":142998},"minecraft:killed_by":{"minecraft:player":4,"hordes:zombie_player":2,"minecraft:zombie":31},"minecraft:dropped":{"minecraft:iron_ingot":1,"minecraft:dark_oak_stairs":1,"minecraft:wheat_seeds":7,"minecraft:glow_ink_sac":4,"immersive_melodies:trumpet":2,"minecraft:diamond":2,"minecraft:crafting_table":1,"minecraft:dripstone_block":1,"minecraft:cobblestone":1,"minecraft:spruce_door":3,"projectvibrantjourneys:orange_bark_mushroom":3,"minecraft:stick":6,"minecraft:dirt":1,"minecraft:torch":6,"minecraft:cornflower":2,"projectvibrantjourneys:seashells":1,"tacz:modern_kinetic_gun":1,"minecraft:wooden_sword":1,"minecraft:pink_petals":16,"minecraft:string":3,"minecraft:dark_oak_planks":2,"minecraft:lily_pad":10,"minecraft:white_wool":1,"projectvibrantjourneys:bark_mushroom":1,"pointblank:ammo45acp":65,"minecraft:spruce_sapling":5,"minecraft:bone":1,"minecraft:stone_axe":1,"minecraft:moss_carpet":4,"alexsmobs:animal_dictionary":1,"projectvibrantjourneys:twigs":1,"minecraft:cherry_sapling":64,"minecraft:rotten_flesh":25,"minecraft:clay_ball":4,"projectvibrantjourneys:light_brown_bark_mushroom":1,"minecraft:peony":1,"k_turrets:raw_titanium":2,"minecraft:azalea":2,"minecraft:spider_eye":4,"minecraft:spruce_log":1,"minecraft:slime_ball":1,"projectvibrantjourneys:pinecones":1,"pointblank:hs12":1},"minecraft:crafted":{"minecraft:cherry_planks":172,"minecraft:wooden_sword":1,"minecraft:iron_nugget":18,"immersive_aircraft:sail":2,"immersive_melodies:trumpet":1,"minecraft:furnace":6,"minecraft:spruce_fence":18,"minecraft:white_carpet":12,"minecraft:glass_pane":16,"minecraft:glass":6,"create:mechanical_press":1,"minecraft:iron_axe":3,"immersive_aircraft:hull":2,"minecraft:stone_pickaxe":1,"minecraft:chest":12,"minecraft:spruce_boat":3,"create:cogwheel":1,"sophisticatedbackpacks:iron_backpack":1,"minecraft:cooked_beef":3,"create:andesite_alloy":7,"pointblank:printer":1,"minecraft:cooked_porkchop":2,"minecraft:crafting_table":9,"pointblank:gunmetal_ingot":27,"pointblank:processor":1,"minecraft:spruce_planks":176,"minecraft:wooden_pickaxe":1,"better_mob_food:cooked_flesh":42,"minecraft:spruce_door":3,"tacz:gun_smith_table":1,"immersive_melodies:lute":1,"minecraft:copper_ingot":276,"minecraft:campfire":3,"minecraft:bucket":1,"minecraft:stone_axe":3,"immersive_aircraft:propeller":1,"minecraft:air":0,"minecraft:jungle_planks":4,"immersive_aircraft:gyrodyne":1,"minecraft:white_wool":9,"create:water_wheel":1,"minecraft:stick":57,"minecraft:iron_ingot":101,"minecraft:iron_pickaxe":4,"minecraft:stone_sword":1,"minecraft:iron_block":2,"create:shaft":8,"minecraft:torch":20},"minecraft:broken":{"minecraft:stone_sword":1,"minecraft:stone_pickaxe":1,"marbledsarsenal:cm6m_gas_mask":1,"minecraft:iron_axe":3,"minecraft:leather_boots":1,"minecraft:stone_axe":2,"minecraft:iron_pickaxe":3,"mutantmonsters:hulk_hammer":1},"minecraft:killed":{"hordes:zombie_player":20,"minecraft:drowned":7,"minecraft:zombie_villager":2,"minecraft:rabbit":1,"minecraft:zombie":278,"alexsmobs:fly":1,"mutantmonsters:mutant_zombie":1,"minecraft:cow":1},"minecraft:picked_up":{"minecraft:crafting_table":8,"minecraft:clay_ball":20,"minecraft:cornflower":2,"minecraft:string":71,"minecraft:moss_carpet":4,"create:limestone":5,"minecraft:raw_copper":585,"tacz:ammo":360,"create:mechanical_press":1,"minecraft:cobbled_deepslate":78,"minecraft:spruce_planks":4,"minecraft:beef":3,"immersive_melodies:trumpet":1,"minecraft:azalea":2,"minecraft:chest":1,"minecraft:sugar_cane":2,"minecraft:phantom_membrane":2,"minecraft:mangrove_log":6,"minecraft:furnace":3,"minecraft:stick":30,"minecraft:raw_iron":128,"minecraft:sandstone":12,"projectvibrantjourneys:bark_mushroom":2,"minecraft:torch":23,"create:andesite_casing":1,"sophisticatedbackpacks:backpack":2,"minecraft:spruce_fence":24,"minecraft:porkchop":2,"pointblank:gunmetal_nugget":278,"psg:sulphur":49,"minecraft:cherry_log":50,"minecraft:pointed_dripstone":3,"minecraft:diorite":1,"minecraft:redstone":41,"minecraft:cauldron":1,"minecraft:dark_oak_planks":2,"mutantmonsters:hulk_hammer":1,"projectvibrantjourneys:seashells":1,"minecraft:rotten_flesh":236,"minecraft:tropical_fish":16,"minecraft:peony":2,"k_turrets:raw_titanium":2,"minecraft:glow_berries":3,"minecraft:cobblestone":227,"minecraft:pink_petals":54,"create:iron_sheet":1,"minecraft:glow_ink_sac":4,"minecraft:andesite":231,"minecraft:jungle_log":1,"projectvibrantjourneys:fallen_leaves":2,"minecraft:leather":4,"minecraft:potato":4,"paraglider:spirit_orb":2,"minecraft:tuff":1,"create:raw_zinc":30,"minecraft:lily_pad":10,"minecraft:gunpowder":42,"minecraft:lapis_lazuli":63,"minecraft:dirt":49,"minecraft:bone":19,"minecraft:grindstone":1,"minecraft:wheat_seeds":15,"pointblank:hs12":1,"minecraft:raw_gold":5,"better_mob_food:cooked_flesh":52,"minecraft:iron_ingot":69,"tacz:gun_smith_table":2,"minecraft:bamboo":23,"minecraft:moss_block":13,"minecraft:dark_oak_stairs":1,"projectvibrantjourneys:light_brown_bark_mushroom":2,"psg:raw_potassium":13,"minecraft:dripstone_block":1,"minecraft:gravel":6,"minecraft:sand":83,"minecraft:spruce_sapling":5,"alexsmobs:animal_dictionary":1,"minecraft:spruce_log":53,"minecraft:spruce_door":11,"pointblank:printer":2,"minecraft:spider_eye":9,"minecraft:mossy_cobblestone":1,"tacz:modern_kinetic_gun":2,"minecraft:slime_ball":2,"minecraft:diamond":8,"minecraft:spruce_boat":5,"minecraft:cherry_sapling":113,"minecraft:emerald":2,"projectvibrantjourneys:orange_bark_mushroom":5,"minecraft:damaged_anvil":1,"projectvibrantjourneys:twigs":2,"minecraft:coal":152,"projectvibrantjourneys:pinecones":1},"minecraft:mined":{"minecraft:dark_oak_planks":2,"create:deepslate_zinc_ore":31,"minecraft:tuff":4,"minecraft:spruce_planks":4,"minecraft:mossy_cobblestone":1,"minecraft:deepslate_diamond_ore":8,"create:andesite_casing":1,"minecraft:cherry_log":50,"projectvibrantjourneys:rocks":3,"minecraft:cave_vines_plant":1,"minecraft:grass_block":30,"minecraft:spruce_fence":25,"minecraft:spruce_leaves":4,"minecraft:moss_block":12,"tacz:gun_smith_table":2,"minecraft:sandstone":12,"minecraft:spawner":1,"minecraft:large_fern":2,"minecraft:tall_seagrass":1,"minecraft:redstone_ore":1,"minecraft:furnace":3,"minecraft:iron_ore":106,"minecraft:cobbled_deepslate":1,"minecraft:fire":1,"minecraft:andesite":237,"minecraft:deepslate_lapis_ore":7,"minecraft:dark_oak_stairs":1,"minecraft:potatoes":1,"minecraft:water_cauldron":1,"minecraft:pointed_dripstone":1,"minecraft:flowering_azalea_leaves":1,"minecraft:cave_vines":2,"minecraft:deepslate_iron_ore":25,"minecraft:bamboo":1,"minecraft:azalea":1,"create:mechanical_press":1,"minecraft:stone":190,"create:limestone":5,"minecraft:deepslate_redstone_ore":8,"psg:potassium_ore":3,"minecraft:spruce_door":11,"ecologics:thin_ice":3,"psg:deepslate_sulphur_ore":7,"minecraft:clay":6,"minecraft:crafting_table":8,"minecraft:cornflower":1,"minecraft:torch":10,"minecraft:emerald_ore":2,"minecraft:chest":1,"projectvibrantjourneys:mossy_rocks":2,"minecraft:tall_grass":8,"minecraft:copper_ore":169,"minecraft:cobblestone":14,"minecraft:deepslate_coal_ore":3,"minecraft:lapis_ore":4,"minecraft:deepslate_gold_ore":5,"minecraft:grindstone":1,"minecraft:damaged_anvil":1,"minecraft:sugar_cane":1,"minecraft:diorite":1,"minecraft:wall_torch":8,"minecraft:deepslate_copper_ore":1,"minecraft:pink_petals":13,"k_turrets:deepslate_titanium_ore":2,"projectvibrantjourneys:bones":2,"minecraft:spruce_log":55,"minecraft:mangrove_leaves":1,"minecraft:grass":39,"minecraft:coal_ore":111,"projectvibrantjourneys:short_grass":34,"minecraft:cherry_leaves":16,"minecraft:gravel":6,"minecraft:sand":80,"minecraft:dirt":21,"minecraft:cobweb":57,"minecraft:mangrove_log":6,"pointblank:printer":2,"minecraft:deepslate":78,"minecraft:fern":1},"minecraft:used":{"minecraft:moss_block":7,"minecraft:stone_sword":74,"tacz:gun_smith_table":3,"minecraft:chest":11,"minecraft:spruce_planks":11,"minecraft:rotten_flesh":7,"minecraft:torch":36,"minecraft:tuff":1,"minecraft:spruce_fence":42,"minecraft:spruce_boat":8,"projectvibrantjourneys:fallen_leaves":1,"minecraft:lava_bucket":1,"minecraft:iron_axe":473,"better_mob_food:cooked_flesh":35,"create:shaft":1,"mutantmonsters:hulk_hammer":84,"minecraft:furnace":8,"marbledsarsenal:cm6m_gas_mask":1,"minecraft:cherry_log":1,"minecraft:cooked_beef":3,"minecraft:cobbled_deepslate":18,"minecraft:pointed_dripstone":1,"minecraft:water_bucket":125,"table_top_craft:chess_piece_figure":1,"minecraft:spruce_door":11,"minecraft:stone_pickaxe":128,"pointblank:printer":3,"minecraft:cherry_planks":95,"minecraft:wooden_pickaxe":3,"minecraft:cauldron":1,"minecraft:golden_apple":1,"minecraft:glow_berries":6,"minecraft:sand":56,"minecraft:crafting_table":15,"minecraft:campfire":3,"minecraft:spruce_log":9,"create:mechanical_press":2,"minecraft:bread":10,"minecraft:iron_pickaxe":979,"create:water_wheel":1,"minecraft:stone_axe":212,"minecraft:pink_petals":13,"minecraft:wooden_sword":1,"minecraft:cobblestone":76,"minecraft:cooked_porkchop":2,"immersive_aircraft:gyrodyne":1,"minecraft:bucket":127,"alexsmobs:animal_dictionary":1}},"DataVersion":3465}