{"stats":{"minecraft:custom":{"minecraft:mob_kills":73,"minecraft:interact_with_crafting_table":50,"minecraft:interact_with_campfire":59,"minecraft:damage_dealt_resisted":426,"minecraft:leave_game":1,"minecraft:time_since_death":412,"minecraft:climb_one_cm":688,"minecraft:sprint_one_cm":349210,"minecraft:walk_one_cm":394939,"minecraft:drop":20,"minecraft:damage_dealt_absorbed":146,"minecraft:play_time":161076,"minecraft:deaths":14,"minecraft:sneak_time":15190,"minecraft:walk_under_water_one_cm":92899,"minecraft:boat_one_cm":23400,"minecraft:jump":2437,"minecraft:walk_on_water_one_cm":69690,"minecraft:total_world_time":161076,"minecraft:interact_with_furnace":58,"minecraft:time_since_rest":448,"minecraft:damage_taken":4910,"minecraft:damage_dealt":11254,"minecraft:swim_one_cm":130310,"minecraft:fly_one_cm":462759,"minecraft:open_chest":65,"minecraft:crouch_one_cm":28565,"minecraft:fall_one_cm":41907},"minecraft:killed_by":{"minecraft:player":3,"minecraft:zombie":8},"minecraft:dropped":{"minecraft:wheat_seeds":6,"immersive_melodies:trumpet":1,"minecraft:diamond":2,"minecraft:cobblestone":1,"projectvibrantjourneys:orange_bark_mushroom":3,"minecraft:torch":5,"minecraft:wooden_sword":1,"minecraft:lily_pad":2,"projectvibrantjourneys:bark_mushroom":1,"pointblank:ammo45acp":1,"minecraft:rotten_flesh":2,"projectvibrantjourneys:light_brown_bark_mushroom":1,"minecraft:spider_eye":4,"projectvibrantjourneys:pinecones":1,"pointblank:hs12":1},"minecraft:crafted":{"minecraft:wooden_sword":1,"minecraft:iron_nugget":9,"immersive_melodies:trumpet":1,"minecraft:furnace":2,"minecraft:spruce_fence":18,"minecraft:glass_pane":16,"minecraft:glass":6,"minecraft:iron_axe":1,"immersive_aircraft:hull":2,"minecraft:stone_pickaxe":1,"minecraft:chest":2,"minecraft:spruce_boat":1,"pointblank:printer":1,"minecraft:crafting_table":3,"pointblank:gunmetal_ingot":6,"minecraft:spruce_planks":176,"pointblank:processor":1,"minecraft:wooden_pickaxe":1,"minecraft:spruce_door":3,"immersive_melodies:lute":1,"minecraft:copper_ingot":20,"minecraft:bucket":1,"minecraft:campfire":2,"minecraft:stone_axe":1,"immersive_aircraft:propeller":1,"minecraft:air":0,"minecraft:stick":40,"minecraft:iron_ingot":79,"minecraft:iron_pickaxe":1,"minecraft:torch":16},"minecraft:broken":{"minecraft:iron_axe":1,"minecraft:leather_boots":1,"minecraft:stone_axe":1},"minecraft:killed":{"minecraft:drowned":4,"minecraft:zombie":69},"minecraft:picked_up":{"minecraft:crafting_table":3,"minecraft:clay_ball":20,"minecraft:string":4,"minecraft:moss_carpet":4,"minecraft:raw_copper":20,"minecraft:cobbled_deepslate":19,"minecraft:spruce_planks":2,"minecraft:azalea":2,"minecraft:sugar_cane":2,"minecraft:mangrove_log":6,"minecraft:raw_iron":90,"projectvibrantjourneys:bark_mushroom":1,"minecraft:torch":16,"minecraft:porkchop":2,"minecraft:spruce_fence":24,"pointblank:gunmetal_nugget":73,"psg:sulphur":39,"minecraft:redstone":41,"minecraft:rotten_flesh":71,"minecraft:tropical_fish":16,"k_turrets:raw_titanium":2,"minecraft:glow_berries":3,"minecraft:cobblestone":72,"minecraft:glow_ink_sac":4,"create:raw_zinc":30,"minecraft:tuff":1,"minecraft:lily_pad":2,"minecraft:gunpowder":17,"minecraft:lapis_lazuli":40,"minecraft:dirt":1,"minecraft:bone":4,"pointblank:hs12":1,"minecraft:wheat_seeds":7,"minecraft:raw_gold":5,"better_mob_food:cooked_flesh":34,"minecraft:moss_block":13,"projectvibrantjourneys:light_brown_bark_mushroom":1,"psg:raw_potassium":13,"minecraft:dripstone_block":1,"minecraft:gravel":6,"minecraft:sand":6,"minecraft:spruce_sapling":5,"minecraft:spruce_log":53,"minecraft:spider_eye":4,"pointblank:printer":1,"minecraft:spruce_door":11,"minecraft:slime_ball":1,"minecraft:diamond":8,"minecraft:spruce_boat":4,"projectvibrantjourneys:orange_bark_mushroom":3,"minecraft:coal":57,"projectvibrantjourneys:pinecones":1},"minecraft:mined":{"create:deepslate_zinc_ore":31,"minecraft:tuff":4,"minecraft:spruce_planks":2,"minecraft:deepslate_diamond_ore":8,"projectvibrantjourneys:rocks":2,"minecraft:cave_vines_plant":1,"minecraft:grass_block":3,"minecraft:spruce_fence":25,"minecraft:spruce_leaves":4,"minecraft:moss_block":12,"minecraft:large_fern":1,"minecraft:tall_seagrass":1,"minecraft:redstone_ore":1,"minecraft:iron_ore":67,"minecraft:cobbled_deepslate":1,"minecraft:fire":1,"minecraft:deepslate_lapis_ore":3,"minecraft:cave_vines":2,"minecraft:deepslate_iron_ore":25,"minecraft:azalea":1,"minecraft:stone":64,"minecraft:deepslate_redstone_ore":8,"psg:potassium_ore":3,"minecraft:spruce_door":11,"psg:deepslate_sulphur_ore":5,"minecraft:crafting_table":4,"minecraft:clay":6,"minecraft:torch":6,"minecraft:tall_grass":4,"minecraft:copper_ore":5,"minecraft:cobblestone":8,"minecraft:deepslate_coal_ore":3,"minecraft:lapis_ore":4,"minecraft:deepslate_gold_ore":5,"minecraft:sugar_cane":1,"minecraft:wall_torch":6,"minecraft:deepslate_copper_ore":1,"k_turrets:deepslate_titanium_ore":2,"projectvibrantjourneys:bones":2,"minecraft:spruce_log":55,"minecraft:mangrove_leaves":1,"minecraft:grass":6,"minecraft:coal_ore":54,"projectvibrantjourneys:short_grass":19,"minecraft:gravel":6,"minecraft:sand":6,"minecraft:mangrove_log":6,"pointblank:printer":1,"minecraft:deepslate":19},"minecraft:used":{"minecraft:moss_block":7,"minecraft:chest":2,"minecraft:spruce_planks":8,"minecraft:rotten_flesh":7,"minecraft:torch":26,"minecraft:tuff":1,"minecraft:spruce_fence":42,"minecraft:spruce_boat":5,"minecraft:iron_axe":163,"better_mob_food:cooked_flesh":28,"minecraft:furnace":2,"marbledsarsenal:cm6m_gas_mask":1,"minecraft:cobbled_deepslate":18,"minecraft:water_bucket":48,"minecraft:spruce_door":11,"minecraft:stone_pickaxe":126,"pointblank:printer":2,"minecraft:wooden_pickaxe":3,"minecraft:glow_berries":1,"minecraft:crafting_table":6,"minecraft:campfire":2,"minecraft:spruce_log":9,"minecraft:bread":10,"minecraft:iron_pickaxe":241,"minecraft:stone_axe":75,"minecraft:wooden_sword":1,"minecraft:cobblestone":48,"minecraft:bucket":49,"alexsmobs:animal_dictionary":1}},"DataVersion":3465}