{"stats":{"minecraft:custom":{"minecraft:interact_with_furnace":53,"minecraft:mob_kills":66,"minecraft:interact_with_crafting_table":48,"minecraft:interact_with_campfire":51,"minecraft:damage_dealt_resisted":426,"minecraft:time_since_death":2639,"minecraft:climb_one_cm":688,"minecraft:time_since_rest":2664,"minecraft:sprint_one_cm":272034,"minecraft:damage_taken":3732,"minecraft:walk_one_cm":305680,"minecraft:drop":16,"minecraft:damage_dealt":9810,"minecraft:damage_dealt_absorbed":146,"minecraft:swim_one_cm":37031,"minecraft:fly_one_cm":368629,"minecraft:open_chest":58,"minecraft:crouch_one_cm":26775,"minecraft:play_time":125541,"minecraft:deaths":10,"minecraft:sneak_time":13253,"minecraft:walk_under_water_one_cm":57896,"minecraft:boat_one_cm":23400,"minecraft:jump":1945,"minecraft:walk_on_water_one_cm":52879,"minecraft:total_world_time":125541,"minecraft:fall_one_cm":36378},"minecraft:killed_by":{"minecraft:player":3,"minecraft:zombie":4},"minecraft:dropped":{"immersive_melodies:trumpet":1,"minecraft:diamond":2,"minecraft:rotten_flesh":2,"projectvibrantjourneys:orange_bark_mushroom":3,"projectvibrantjourneys:light_brown_bark_mushroom":1,"minecraft:torch":5,"projectvibrantjourneys:pinecones":1,"pointblank:hs12":1,"minecraft:lily_pad":2,"projectvibrantjourneys:bark_mushroom":1,"pointblank:ammo45acp":1},"minecraft:crafted":{"minecraft:wooden_sword":1,"pointblank:printer":1,"pointblank:gunmetal_ingot":6,"minecraft:iron_nugget":9,"minecraft:crafting_table":3,"pointblank:processor":1,"minecraft:spruce_planks":176,"minecraft:wooden_pickaxe":1,"immersive_melodies:trumpet":1,"minecraft:furnace":2,"immersive_melodies:lute":1,"minecraft:copper_ingot":20,"minecraft:spruce_fence":18,"minecraft:bucket":1,"minecraft:campfire":2,"minecraft:stone_axe":1,"minecraft:air":0,"minecraft:glass_pane":16,"minecraft:glass":6,"minecraft:iron_axe":1,"minecraft:stick":40,"minecraft:iron_ingot":39,"minecraft:iron_pickaxe":1,"minecraft:stone_pickaxe":1,"minecraft:chest":2,"minecraft:spruce_boat":1,"minecraft:torch":16},"minecraft:broken":{"minecraft:leather_boots":1},"minecraft:killed":{"minecraft:zombie":65,"minecraft:drowned":1},"minecraft:picked_up":{"minecraft:crafting_table":3,"minecraft:clay_ball":16,"minecraft:glow_ink_sac":4,"create:raw_zinc":21,"minecraft:tuff":1,"minecraft:lily_pad":2,"minecraft:gunpowder":17,"minecraft:lapis_lazuli":11,"minecraft:string":3,"minecraft:moss_carpet":4,"minecraft:raw_copper":20,"minecraft:bone":4,"pointblank:hs12":1,"minecraft:wheat_seeds":4,"minecraft:raw_gold":5,"minecraft:cobbled_deepslate":15,"better_mob_food:cooked_flesh":33,"minecraft:spruce_planks":2,"minecraft:azalea":2,"minecraft:moss_block":7,"minecraft:sugar_cane":2,"minecraft:mangrove_log":6,"projectvibrantjourneys:light_brown_bark_mushroom":1,"minecraft:raw_iron":41,"psg:raw_potassium":13,"projectvibrantjourneys:bark_mushroom":1,"minecraft:spruce_fence":24,"minecraft:torch":15,"minecraft:gravel":1,"minecraft:sand":6,"pointblank:gunmetal_nugget":62,"psg:sulphur":39,"minecraft:spruce_sapling":5,"minecraft:spruce_log":53,"pointblank:printer":1,"minecraft:redstone":41,"minecraft:spider_eye":4,"minecraft:slime_ball":1,"minecraft:rotten_flesh":67,"minecraft:diamond":5,"minecraft:tropical_fish":16,"minecraft:spruce_boat":4,"k_turrets:raw_titanium":2,"projectvibrantjourneys:orange_bark_mushroom":3,"minecraft:glow_berries":1,"minecraft:coal":57,"minecraft:cobblestone":62,"projectvibrantjourneys:pinecones":1},"minecraft:mined":{"minecraft:deepslate_redstone_ore":8,"create:deepslate_zinc_ore":21,"minecraft:tuff":1,"minecraft:spruce_planks":2,"minecraft:deepslate_diamond_ore":5,"psg:potassium_ore":3,"psg:deepslate_sulphur_ore":5,"projectvibrantjourneys:rocks":2,"minecraft:clay":5,"minecraft:crafting_table":3,"minecraft:torch":5,"minecraft:spruce_fence":25,"minecraft:grass_block":1,"minecraft:deepslate_coal_ore":3,"minecraft:tall_grass":1,"minecraft:copper_ore":5,"minecraft:cobblestone":1,"minecraft:deepslate_gold_ore":5,"minecraft:lapis_ore":1,"minecraft:sugar_cane":1,"minecraft:moss_block":6,"minecraft:wall_torch":6,"minecraft:deepslate_copper_ore":1,"minecraft:large_fern":1,"minecraft:redstone_ore":1,"minecraft:fire":1,"k_turrets:deepslate_titanium_ore":2,"minecraft:iron_ore":25,"minecraft:spruce_log":55,"projectvibrantjourneys:bones":2,"minecraft:mangrove_leaves":1,"minecraft:deepslate_lapis_ore":1,"minecraft:grass":5,"projectvibrantjourneys:short_grass":11,"minecraft:coal_ore":54,"minecraft:deepslate_iron_ore":16,"minecraft:gravel":1,"minecraft:sand":6,"minecraft:mangrove_log":6,"minecraft:azalea":1,"minecraft:stone":61,"pointblank:printer":1,"minecraft:deepslate":16},"minecraft:used":{"minecraft:moss_block":5,"minecraft:water_bucket":31,"minecraft:stone_pickaxe":126,"pointblank:printer":2,"minecraft:chest":2,"minecraft:spruce_planks":8,"minecraft:wooden_pickaxe":3,"minecraft:rotten_flesh":7,"minecraft:glow_berries":1,"minecraft:torch":25,"minecraft:crafting_table":6,"minecraft:campfire":2,"minecraft:tuff":1,"minecraft:spruce_fence":37,"minecraft:spruce_log":9,"minecraft:spruce_boat":5,"minecraft:iron_axe":154,"minecraft:bread":10,"minecraft:iron_pickaxe":140,"better_mob_food:cooked_flesh":22,"minecraft:stone_axe":57,"minecraft:wooden_sword":1,"minecraft:cobblestone":34,"minecraft:furnace":2,"minecraft:bucket":32,"marbledsarsenal:cm6m_gas_mask":1,"alexsmobs:animal_dictionary":1,"minecraft:cobbled_deepslate":15}},"DataVersion":3465}