{"stats":{"minecraft:killed_by":{"mutantmonsters:mutant_zombie":4,"minecraft:drowned":1,"minecraft:zombie_horse":2,"minecraft:zombie":65,"alexsmobs:grizzly_bear":1,"minecraft:player":7,"hordes:zombie_player":7},"minecraft:picked_up":{"minecraft:lead":3,"minecraft:amethyst_block":5,"minecraft:string":74,"minecraft:raw_copper":601,"create:limestone":5,"create:mechanical_press":2,"minecraft:gold_nugget":4,"minecraft:cobbled_deepslate":213,"minecraft:spruce_planks":4,"minecraft:white_tulip":4,"minecraft:calcite":5,"minecraft:azalea":2,"minecraft:mangrove_log":6,"minecraft:furnace":3,"minecraft:stick":190,"minecraft:torch":34,"create:andesite_casing":2,"minecraft:porkchop":2,"marbledsarsenal:oak_ghillie_chestplate":1,"psg:sulphur":82,"minecraft:cherry_log":696,"minecraft:pointed_dripstone":7,"minecraft:diorite":2,"marbledsarsenal:oak_ghillie_leggings":1,"minecraft:cauldron":3,"mutantmonsters:hulk_hammer":1,"projectvibrantjourneys:seashells":1,"minecraft:rotten_flesh":418,"minecraft:tropical_fish":16,"create:asurine":10,"create:crafting_blueprint":1,"minecraft:cobblestone":727,"minecraft:pink_petals":312,"create:fluid_tank":1,"minecraft:cherry_planks":6,"minecraft:andesite":240,"minecraft:jungle_log":1,"projectvibrantjourneys:fallen_leaves":5,"minecraft:potato":5,"create:belt_connector":1,"paraglider:spirit_orb":2,"minecraft:flint":1,"minecraft:tuff":13,"create:raw_zinc":33,"minecraft:cherry_door":1,"minecraft:lapis_lazuli":163,"minecraft:dirt":505,"minecraft:bone":58,"minecraft:wheat_seeds":38,"pointblank:hs12":1,"minecraft:raw_gold":6,"better_mob_food:cooked_flesh":56,"minecraft:grindstone":1,"minecraft:bamboo":42,"tacz:gun_smith_table":4,"minecraft:moss_block":13,"psg:raw_potassium":15,"minecraft:sand":87,"alexsmobs:animal_dictionary":1,"minecraft:mossy_cobblestone":4,"minecraft:diamond":19,"minecraft:spruce_boat":5,"immersive_aircraft:quadrocopter":2,"minecraft:emerald":4,"alexsmobs:maggot":3,"create:copper_sheet":12,"minecraft:crafting_table":8,"minecraft:clay_ball":20,"minecraft:stripped_cherry_log":14,"minecraft:cornflower":2,"minecraft:moss_carpet":4,"create:fluid_pipe":4,"tacz:ammo":840,"beachparty:seashell":21,"minecraft:beef":3,"immersive_melodies:trumpet":1,"minecraft:iron_nugget":1,"minecraft:chest":5,"minecraft:sugar_cane":14,"minecraft:phantom_membrane":3,"minecraft:raw_iron":258,"minecraft:sandstone":12,"create:golden_sheet":10,"minecraft:copper_ingot":114,"projectvibrantjourneys:bark_mushroom":5,"minecraft:spruce_fence":24,"sophisticatedbackpacks:backpack":2,"pointblank:gunmetal_nugget":550,"create:hand_crank":1,"minecraft:redstone":120,"minecraft:dark_oak_planks":2,"minecraft:peony":4,"k_turrets:raw_titanium":2,"minecraft:pink_tulip":5,"minecraft:gold_ingot":8,"minecraft:glow_berries":3,"create:iron_sheet":14,"minecraft:glow_ink_sac":4,"minecraft:leather":6,"beachparty:raw_mussel_meat":20,"minecraft:lily_pad":10,"minecraft:gunpowder":77,"immersive_aircraft:gyrodyne":6,"minecraft:white_banner":1,"minecraft:kelp":23,"minecraft:iron_ingot":85,"minecraft:cherry_sign":2,"minecraft:soul_sand":1,"minecraft:dark_oak_stairs":1,"projectvibrantjourneys:light_brown_bark_mushroom":4,"minecraft:quartz":4,"minecraft:dripstone_block":5,"minecraft:gravel":16,"minecraft:amethyst_shard":4,"minecraft:spruce_sapling":5,"minecraft:spruce_log":53,"pointblank:printer":2,"minecraft:spruce_door":11,"minecraft:spider_eye":21,"minecraft:slime_ball":9,"tacz:modern_kinetic_gun":3,"minecraft:cherry_sapling":1193,"create:portable_storage_interface":2,"projectvibrantjourneys:orange_bark_mushroom":10,"projectvibrantjourneys:twigs":2,"minecraft:damaged_anvil":1,"minecraft:coal":207,"projectvibrantjourneys:pinecones":1,"minecraft:ender_pearl":1},"minecraft:crafted":{"immersive_aircraft:engine":1,"minecraft:smooth_stone":3,"minecraft:barrel":2,"minecraft:cherry_slab":6,"minecraft:stone":3,"create:mechanical_bearing":1,"create:radial_chassis":9,"minecraft:glass":8,"create:mechanical_press":1,"create:crafting_blueprint":1,"immersive_aircraft:hull":2,"minecraft:chest":14,"create:spout":2,"create:cogwheel":5,"pointblank:printer":1,"create:depot":3,"create:rose_quartz":4,"minecraft:cauldron":2,"minecraft:cooked_porkchop":2,"minecraft:crafting_table":10,"minecraft:spruce_planks":176,"create:mechanical_saw":2,"create:fluid_pipe":12,"minecraft:wooden_pickaxe":1,"minecraft:spruce_door":3,"immersive_melodies:lute":1,"minecraft:copper_ingot":584,"create:sand_paper":3,"minecraft:campfire":3,"immersive_aircraft:propeller":5,"minecraft:painting":1,"create:encased_fan":1,"farmersdelight:cutting_board":1,"minecraft:spruce_trapdoor":8,"minecraft:paper":3,"minecraft:cherry_sign":33,"create:water_wheel":1,"create:super_glue":1,"create:portable_storage_interface":1,"minecraft:stick":125,"create:mechanical_pump":3,"minecraft:iron_ingot":200,"minecraft:iron_pickaxe":10,"minecraft:iron_block":2,"minecraft:stone_sword":1,"minecraft:gold_ingot":29,"create:propeller":1,"create:chute":4,"minecraft:cherry_planks":368,"minecraft:wooden_sword":1,"create:wrench":1,"minecraft:iron_nugget":63,"immersive_aircraft:sail":2,"immersive_melodies:trumpet":1,"minecraft:furnace":8,"minecraft:blast_furnace":1,"minecraft:piston":2,"minecraft:bone_meal":210,"minecraft:spruce_fence":18,"minecraft:white_carpet":12,"minecraft:glass_pane":16,"minecraft:flint_and_steel":1,"minecraft:cherry_trapdoor":2,"minecraft:iron_axe":6,"minecraft:spruce_slab":6,"create:fluid_tank":2,"minecraft:stone_pickaxe":2,"minecraft:spruce_boat":3,"immersive_aircraft:quadrocopter":1,"create:electron_tube":1,"create:belt_connector":1,"sophisticatedbackpacks:iron_backpack":1,"minecraft:cooked_beef":3,"minecraft:coal_block":1,"minecraft:bone_block":1,"create:hand_crank":1,"create:andesite_alloy":28,"immersive_aircraft:boiler":1,"pointblank:gunmetal_ingot":67,"pointblank:processor":1,"minecraft:dried_kelp":8,"create:goggles":1,"better_mob_food:cooked_flesh":170,"tacz:gun_smith_table":1,"minecraft:bucket":3,"minecraft:stone_axe":4,"minecraft:jungle_planks":4,"minecraft:air":0,"minecraft:white_wool":10,"immersive_aircraft:gyrodyne":1,"minecraft:iron_shovel":1,"create:shaft":16,"minecraft:torch":28},"minecraft:mined":{"minecraft:dark_oak_planks":2,"minecraft:large_amethyst_bud":1,"create:deepslate_zinc_ore":34,"minecraft:spruce_planks":4,"create:andesite_casing":1,"minecraft:cherry_log":427,"minecraft:cave_vines_plant":1,"minecraft:grass_block":315,"create:belt":1,"tacz:gun_smith_table":4,"minecraft:spawner":1,"beachparty:seashell_block":1,"minecraft:tall_seagrass":1,"minecraft:iron_ore":197,"minecraft:cobbled_deepslate":26,"minecraft:fire":24,"minecraft:deepslate_lapis_ore":10,"minecraft:dark_oak_stairs":1,"create:asurine":10,"minecraft:pointed_dripstone":1,"minecraft:cave_vines":2,"minecraft:water_cauldron":1,"minecraft:flowering_azalea_leaves":1,"minecraft:azalea":1,"create:mechanical_press":2,"create:limestone":5,"minecraft:deepslate_redstone_ore":22,"minecraft:kelp_plant":2,"minecraft:soul_fire":1,"minecraft:clay":6,"minecraft:torch":16,"projectvibrantjourneys:twigs":1,"minecraft:calcite":5,"minecraft:chest":5,"minecraft:cobblestone":84,"minecraft:grindstone":1,"projectvibrantjourneys:fallen_leaves":4,"minecraft:sugar_cane":1,"minecraft:damaged_anvil":1,"minecraft:wall_torch":12,"minecraft:amethyst_block":5,"minecraft:cauldron":2,"minecraft:deepslate_copper_ore":1,"minecraft:pink_petals":51,"create:portable_storage_interface":2,"projectvibrantjourneys:bones":2,"minecraft:grass":83,"projectvibrantjourneys:short_grass":55,"minecraft:sand":84,"minecraft:dirt":187,"minecraft:mangrove_log":6,"minecraft:deepslate":189,"minecraft:tuff":16,"minecraft:mossy_cobblestone":4,"minecraft:deepslate_diamond_ore":19,"minecraft:cherry_sapling":36,"minecraft:stripped_cherry_log":14,"projectvibrantjourneys:rocks":4,"create:fluid_tank":1,"psg:sulphur_ore":4,"minecraft:spruce_fence":25,"minecraft:spruce_leaves":4,"minecraft:kelp":12,"minecraft:moss_block":12,"minecraft:sandstone":12,"minecraft:large_fern":2,"minecraft:redstone_ore":4,"minecraft:furnace":3,"minecraft:andesite":246,"minecraft:peony":2,"minecraft:potatoes":1,"minecraft:deepslate_iron_ore":66,"minecraft:bamboo":2,"minecraft:stone":634,"minecraft:white_tulip":1,"minecraft:cherry_planks":13,"minecraft:soul_sand":1,"psg:potassium_ore":4,"minecraft:spruce_door":11,"ecologics:thin_ice":3,"psg:deepslate_sulphur_ore":10,"minecraft:crafting_table":8,"minecraft:cornflower":1,"create:fluid_pipe":4,"minecraft:emerald_ore":2,"projectvibrantjourneys:mossy_rocks":2,"minecraft:tall_grass":10,"minecraft:copper_ore":174,"minecraft:deepslate_coal_ore":3,"minecraft:lapis_ore":14,"minecraft:deepslate_gold_ore":6,"minecraft:diorite":2,"k_turrets:deepslate_titanium_ore":2,"minecraft:spruce_log":55,"minecraft:mangrove_leaves":1,"minecraft:bee_nest":1,"minecraft:coal_ore":165,"minecraft:cherry_leaves":84,"minecraft:gravel":18,"minecraft:dripstone_block":4,"minecraft:cobweb":57,"minecraft:cherry_sign":3,"pointblank:printer":2,"minecraft:fern":1},"minecraft:broken":{"minecraft:iron_shovel":1,"minecraft:stone_pickaxe":2,"marbledsarsenal:cm6m_gas_mask":1,"minecraft:stone_axe":2,"minecraft:stone_sword":1,"minecraft:iron_axe":6,"minecraft:leather_boots":1,"minecraft:iron_pickaxe":7,"mutantmonsters:hulk_hammer":1},"minecraft:custom":{"minecraft:interact_with_crafting_table":196,"minecraft:open_barrel":19,"minecraft:leave_game":12,"minecraft:time_since_death":1129,"minecraft:sprint_one_cm":1587614,"minecraft:drop":143,"minecraft:talked_to_villager":1,"minecraft:play_time":869360,"minecraft:deaths":149,"minecraft:jump":11556,"minecraft:walk_on_water_one_cm":174765,"minecraft:interact_with_furnace":220,"minecraft:sleep_in_bed":2,"minecraft:damage_dealt":72831,"minecraft:player_kills":6,"minecraft:crouch_one_cm":129713,"minecraft:use_cauldron":11,"minecraft:horse_one_cm":2285,"minecraft:mob_kills":526,"minecraft:fill_cauldron":3,"minecraft:interact_with_campfire":86,"minecraft:damage_dealt_resisted":2268,"minecraft:climb_one_cm":6946,"minecraft:walk_one_cm":2132948,"minecraft:damage_dealt_absorbed":226,"minecraft:sneak_time":55579,"minecraft:walk_under_water_one_cm":162627,"minecraft:boat_one_cm":167150,"minecraft:total_world_time":869360,"minecraft:interact_with_grindstone":1,"minecraft:time_since_rest":1161,"minecraft:damage_taken":44432,"minecraft:swim_one_cm":247197,"minecraft:fly_one_cm":1752441,"minecraft:open_chest":799,"minecraft:fall_one_cm":339569},"minecraft:used":{"minecraft:moss_block":7,"minecraft:cherry_sapling":146,"minecraft:iron_shovel":254,"create:portable_storage_interface":3,"minecraft:chest":19,"minecraft:rotten_flesh":8,"immersive_aircraft:quadrocopter":1,"create:mechanical_bearing":1,"create:fluid_tank":3,"minecraft:soul_sand":1,"create:cogwheel":6,"create:depot":3,"minecraft:tuff":9,"minecraft:spruce_boat":8,"minecraft:lava_bucket":63,"create:crafting_blueprint":1,"farmersdelight:cutting_board":1,"create:shaft":3,"mutantmonsters:hulk_hammer":84,"minecraft:furnace":8,"marbledsarsenal:cm6m_gas_mask":1,"table_top_craft:chess_piece_figure":1,"minecraft:spruce_door":11,"minecraft:stone_pickaxe":261,"minecraft:ender_pearl":1,"minecraft:wooden_pickaxe":3,"minecraft:sugar_cane":6,"create:mechanical_saw":2,"create:spout":2,"minecraft:golden_apple":1,"minecraft:glow_berries":6,"minecraft:sand":57,"minecraft:dripstone_block":2,"minecraft:bread":10,"minecraft:cherry_sign":35,"minecraft:gravel":6,"beachparty:seashell":1,"minecraft:wooden_sword":1,"minecraft:andesite":4,"immersive_aircraft:gyrodyne":7,"minecraft:stripped_cherry_log":10,"minecraft:bone_meal":201,"minecraft:stone_sword":74,"minecraft:white_tulip":1,"minecraft:flint_and_steel":1,"minecraft:spruce_planks":11,"tacz:gun_smith_table":5,"minecraft:torch":53,"create:mechanical_pump":5,"minecraft:dirt":562,"minecraft:spruce_fence":42,"projectvibrantjourneys:fallen_leaves":1,"create:wrench":64,"minecraft:iron_axe":1081,"minecraft:cherry_trapdoor":2,"better_mob_food:cooked_flesh":123,"minecraft:bamboo":8,"create:radial_chassis":5,"create:fluid_pipe":22,"minecraft:cooked_beef":3,"minecraft:cobbled_deepslate":71,"minecraft:cherry_log":24,"create:belt_connector":2,"minecraft:pointed_dripstone":7,"minecraft:water_bucket":196,"pointblank:printer":3,"minecraft:cherry_planks":98,"minecraft:cauldron":5,"create:encased_fan":2,"minecraft:crafting_table":16,"minecraft:campfire":3,"minecraft:spruce_log":9,"create:mechanical_press":7,"minecraft:iron_pickaxe":2025,"create:water_wheel":7,"minecraft:spruce_trapdoor":8,"minecraft:stone_axe":272,"minecraft:pink_petals":21,"minecraft:cobblestone":203,"minecraft:cooked_porkchop":2,"minecraft:bucket":262,"alexsmobs:animal_dictionary":1,"create:hand_crank":11,"minecraft:kelp":15,"beachparty:rubber_ring_pelican":1},"minecraft:dropped":{"minecraft:dark_oak_stairs":1,"minecraft:glow_ink_sac":4,"immersive_melodies:trumpet":2,"minecraft:diamond":2,"minecraft:crafting_table":1,"projectvibrantjourneys:orange_bark_mushroom":4,"minecraft:dirt":1,"minecraft:cornflower":2,"projectvibrantjourneys:fallen_leaves":1,"minecraft:wooden_sword":1,"minecraft:amethyst_shard":4,"minecraft:iron_pickaxe":2,"minecraft:cherry_door":1,"minecraft:dark_oak_planks":2,"minecraft:white_wool":1,"projectvibrantjourneys:bark_mushroom":2,"minecraft:gold_ingot":18,"minecraft:bone":1,"minecraft:stone_axe":1,"minecraft:iron_nugget":1,"alexsmobs:animal_dictionary":1,"projectvibrantjourneys:twigs":1,"minecraft:cherry_sapling":768,"minecraft:rotten_flesh":25,"projectvibrantjourneys:light_brown_bark_mushroom":1,"minecraft:azalea":2,"k_turrets:raw_titanium":2,"projectvibrantjourneys:pinecones":1,"pointblank:hs12":1,"minecraft:iron_ingot":30,"marbledsarsenal:oak_ghillie_leggings":1,"minecraft:wheat_seeds":7,"minecraft:cherry_log":230,"minecraft:dripstone_block":1,"minecraft:cobblestone":1,"minecraft:copper_ingot":127,"minecraft:spruce_door":3,"marbledsarsenal:oak_ghillie_chestplate":1,"minecraft:stick":6,"minecraft:torch":6,"minecraft:cherry_planks":4,"projectvibrantjourneys:seashells":1,"tacz:modern_kinetic_gun":1,"minecraft:string":3,"minecraft:pink_petals":22,"minecraft:lily_pad":10,"pointblank:ammo45acp":179,"minecraft:spruce_sapling":5,"minecraft:moss_carpet":4,"minecraft:clay_ball":4,"pointblank:gunmetal_nugget":5,"immersive_aircraft:quadrocopter":1,"minecraft:peony":1,"better_mob_food:cooked_flesh":59,"minecraft:spider_eye":6,"minecraft:spruce_log":1,"minecraft:slime_ball":1},"minecraft:killed":{"minecraft:zombie_villager":9,"minecraft:trader_llama":1,"minecraft:zombie":447,"alexsmobs:fly":3,"minecraft:cow":1,"hordes:zombie_player":35,"minecraft:drowned":7,"minecraft:husk":5,"minecraft:rabbit":1,"mutantmonsters:mutant_zombie":1}},"DataVersion":3465}