{"stats":{"minecraft:crafted":{"create:mechanical_bearing":1,"create:radial_chassis":9,"minecraft:glass":8,"create:mechanical_press":1,"create:crafting_blueprint":1,"immersive_aircraft:hull":2,"minecraft:chest":12,"create:cogwheel":1,"pointblank:printer":1,"minecraft:cooked_porkchop":2,"minecraft:crafting_table":10,"minecraft:spruce_planks":176,"create:mechanical_saw":2,"minecraft:wooden_pickaxe":1,"minecraft:spruce_door":3,"immersive_melodies:lute":1,"minecraft:copper_ingot":584,"minecraft:campfire":3,"immersive_aircraft:propeller":1,"minecraft:painting":1,"create:encased_fan":1,"minecraft:spruce_trapdoor":8,"minecraft:cherry_sign":33,"create:water_wheel":1,"create:super_glue":1,"minecraft:stick":125,"minecraft:iron_ingot":141,"minecraft:iron_pickaxe":9,"minecraft:iron_block":2,"minecraft:stone_sword":1,"minecraft:gold_ingot":29,"create:propeller":1,"minecraft:cherry_planks":288,"minecraft:wooden_sword":1,"create:wrench":1,"minecraft:iron_nugget":54,"immersive_aircraft:sail":2,"immersive_melodies:trumpet":1,"minecraft:furnace":6,"minecraft:bone_meal":33,"minecraft:spruce_fence":18,"minecraft:white_carpet":12,"minecraft:glass_pane":16,"minecraft:cherry_trapdoor":2,"minecraft:iron_axe":5,"minecraft:spruce_slab":6,"minecraft:stone_pickaxe":1,"minecraft:spruce_boat":3,"sophisticatedbackpacks:iron_backpack":1,"minecraft:cooked_beef":3,"minecraft:bone_block":1,"create:andesite_alloy":24,"pointblank:gunmetal_ingot":67,"pointblank:processor":1,"create:goggles":1,"better_mob_food:cooked_flesh":106,"tacz:gun_smith_table":1,"minecraft:bucket":1,"minecraft:stone_axe":3,"minecraft:jungle_planks":4,"minecraft:air":0,"minecraft:white_wool":10,"immersive_aircraft:gyrodyne":1,"minecraft:iron_shovel":1,"create:shaft":8,"minecraft:torch":24},"minecraft:killed_by":{"mutantmonsters:mutant_zombie":4,"minecraft:zombie_horse":2,"minecraft:zombie":58,"minecraft:player":6,"hordes:zombie_player":6},"minecraft:picked_up":{"minecraft:lead":3,"minecraft:string":73,"minecraft:raw_copper":585,"create:limestone":5,"create:mechanical_press":2,"minecraft:cobbled_deepslate":134,"minecraft:spruce_planks":4,"minecraft:white_tulip":4,"minecraft:calcite":5,"minecraft:azalea":2,"minecraft:mangrove_log":6,"minecraft:furnace":3,"minecraft:stick":84,"minecraft:torch":27,"create:andesite_casing":2,"minecraft:porkchop":2,"marbledsarsenal:oak_ghillie_chestplate":1,"psg:sulphur":65,"minecraft:cherry_log":213,"minecraft:pointed_dripstone":3,"minecraft:diorite":1,"marbledsarsenal:oak_ghillie_leggings":1,"minecraft:cauldron":1,"mutantmonsters:hulk_hammer":1,"projectvibrantjourneys:seashells":1,"minecraft:rotten_flesh":380,"minecraft:tropical_fish":16,"create:asurine":10,"create:crafting_blueprint":1,"minecraft:cobblestone":410,"minecraft:pink_petals":287,"minecraft:andesite":236,"minecraft:jungle_log":1,"projectvibrantjourneys:fallen_leaves":5,"minecraft:potato":5,"paraglider:spirit_orb":2,"minecraft:tuff":9,"create:raw_zinc":30,"minecraft:lapis_lazuli":63,"minecraft:dirt":400,"minecraft:bone":33,"pointblank:hs12":1,"minecraft:wheat_seeds":35,"minecraft:raw_gold":5,"better_mob_food:cooked_flesh":56,"minecraft:grindstone":1,"tacz:gun_smith_table":2,"minecraft:bamboo":42,"minecraft:moss_block":13,"psg:raw_potassium":15,"minecraft:sand":83,"alexsmobs:animal_dictionary":1,"minecraft:mossy_cobblestone":4,"minecraft:diamond":19,"minecraft:spruce_boat":5,"minecraft:emerald":2,"alexsmobs:maggot":3,"minecraft:crafting_table":8,"minecraft:clay_ball":20,"minecraft:stripped_cherry_log":6,"minecraft:cornflower":2,"minecraft:moss_carpet":4,"tacz:ammo":840,"minecraft:beef":3,"immersive_melodies:trumpet":1,"minecraft:chest":1,"minecraft:sugar_cane":2,"minecraft:phantom_membrane":2,"minecraft:raw_iron":163,"minecraft:sandstone":12,"create:golden_sheet":6,"minecraft:copper_ingot":58,"projectvibrantjourneys:bark_mushroom":5,"minecraft:spruce_fence":24,"sophisticatedbackpacks:backpack":2,"pointblank:gunmetal_nugget":520,"minecraft:redstone":50,"minecraft:dark_oak_planks":2,"minecraft:peony":3,"k_turrets:raw_titanium":2,"minecraft:pink_tulip":5,"minecraft:gold_ingot":4,"minecraft:glow_berries":3,"create:iron_sheet":11,"minecraft:glow_ink_sac":4,"minecraft:leather":6,"minecraft:lily_pad":10,"minecraft:gunpowder":69,"immersive_aircraft:gyrodyne":1,"minecraft:white_banner":1,"minecraft:iron_ingot":79,"minecraft:cherry_sign":2,"minecraft:soul_sand":1,"minecraft:dark_oak_stairs":1,"projectvibrantjourneys:light_brown_bark_mushroom":4,"minecraft:dripstone_block":5,"minecraft:gravel":6,"minecraft:spruce_sapling":5,"minecraft:spruce_log":53,"pointblank:printer":2,"minecraft:spruce_door":11,"minecraft:spider_eye":20,"minecraft:slime_ball":8,"tacz:modern_kinetic_gun":3,"minecraft:cherry_sapling":186,"projectvibrantjourneys:orange_bark_mushroom":10,"projectvibrantjourneys:twigs":2,"minecraft:damaged_anvil":1,"minecraft:coal":169,"projectvibrantjourneys:pinecones":1,"minecraft:ender_pearl":1},"minecraft:mined":{"minecraft:dark_oak_planks":2,"create:deepslate_zinc_ore":31,"minecraft:spruce_planks":4,"create:andesite_casing":1,"minecraft:cherry_log":216,"minecraft:cave_vines_plant":1,"minecraft:grass_block":262,"tacz:gun_smith_table":2,"minecraft:spawner":1,"minecraft:tall_seagrass":1,"minecraft:iron_ore":127,"minecraft:cobbled_deepslate":26,"minecraft:fire":16,"minecraft:deepslate_lapis_ore":7,"minecraft:dark_oak_stairs":1,"create:asurine":10,"minecraft:pointed_dripstone":1,"minecraft:cave_vines":2,"minecraft:water_cauldron":1,"minecraft:flowering_azalea_leaves":1,"minecraft:azalea":1,"create:mechanical_press":2,"create:limestone":5,"minecraft:deepslate_redstone_ore":10,"minecraft:clay":6,"minecraft:torch":13,"projectvibrantjourneys:twigs":1,"minecraft:calcite":5,"minecraft:chest":1,"minecraft:cobblestone":49,"minecraft:grindstone":1,"projectvibrantjourneys:fallen_leaves":4,"minecraft:sugar_cane":1,"minecraft:damaged_anvil":1,"minecraft:wall_torch":8,"minecraft:deepslate_copper_ore":1,"minecraft:pink_petals":40,"projectvibrantjourneys:bones":2,"minecraft:grass":76,"projectvibrantjourneys:short_grass":49,"minecraft:sand":80,"minecraft:dirt":110,"minecraft:mangrove_log":6,"minecraft:deepslate":110,"minecraft:tuff":12,"minecraft:mossy_cobblestone":4,"minecraft:deepslate_diamond_ore":19,"minecraft:stripped_cherry_log":6,"projectvibrantjourneys:rocks":3,"minecraft:spruce_fence":25,"minecraft:spruce_leaves":4,"minecraft:moss_block":12,"minecraft:sandstone":12,"minecraft:large_fern":2,"minecraft:redstone_ore":1,"minecraft:furnace":3,"minecraft:andesite":242,"minecraft:peony":1,"minecraft:potatoes":1,"minecraft:deepslate_iron_ore":39,"minecraft:bamboo":2,"minecraft:stone":349,"minecraft:white_tulip":1,"minecraft:soul_sand":1,"psg:potassium_ore":4,"minecraft:spruce_door":11,"ecologics:thin_ice":3,"psg:deepslate_sulphur_ore":10,"minecraft:crafting_table":8,"minecraft:cornflower":1,"minecraft:emerald_ore":2,"projectvibrantjourneys:mossy_rocks":2,"minecraft:tall_grass":8,"minecraft:copper_ore":169,"minecraft:deepslate_coal_ore":3,"minecraft:lapis_ore":4,"minecraft:deepslate_gold_ore":5,"minecraft:diorite":1,"k_turrets:deepslate_titanium_ore":2,"minecraft:spruce_log":55,"minecraft:mangrove_leaves":1,"minecraft:bee_nest":1,"minecraft:coal_ore":127,"minecraft:cherry_leaves":43,"minecraft:gravel":6,"minecraft:dripstone_block":4,"minecraft:cobweb":57,"minecraft:cherry_sign":3,"pointblank:printer":2,"minecraft:fern":1},"minecraft:broken":{"minecraft:iron_shovel":1,"minecraft:stone_pickaxe":1,"marbledsarsenal:cm6m_gas_mask":1,"minecraft:stone_axe":2,"minecraft:stone_sword":1,"minecraft:iron_axe":4,"minecraft:leather_boots":1,"minecraft:iron_pickaxe":5,"mutantmonsters:hulk_hammer":1},"minecraft:custom":{"minecraft:interact_with_crafting_table":148,"minecraft:open_barrel":19,"minecraft:leave_game":10,"minecraft:time_since_death":15084,"minecraft:sprint_one_cm":1134820,"minecraft:drop":90,"minecraft:talked_to_villager":1,"minecraft:play_time":656314,"minecraft:deaths":122,"minecraft:jump":8574,"minecraft:walk_on_water_one_cm":142862,"minecraft:interact_with_furnace":169,"minecraft:sleep_in_bed":2,"minecraft:damage_dealt":64513,"minecraft:player_kills":6,"minecraft:crouch_one_cm":113871,"minecraft:use_cauldron":5,"minecraft:horse_one_cm":2285,"minecraft:mob_kills":492,"minecraft:fill_cauldron":3,"minecraft:interact_with_campfire":86,"minecraft:damage_dealt_resisted":2100,"minecraft:climb_one_cm":6946,"minecraft:walk_one_cm":1612976,"minecraft:damage_dealt_absorbed":226,"minecraft:sneak_time":49473,"minecraft:walk_under_water_one_cm":133644,"minecraft:boat_one_cm":167150,"minecraft:total_world_time":656314,"minecraft:interact_with_grindstone":1,"minecraft:time_since_rest":15108,"minecraft:damage_taken":36690,"minecraft:swim_one_cm":191134,"minecraft:fly_one_cm":1352375,"minecraft:open_chest":554,"minecraft:fall_one_cm":256579},"minecraft:used":{"minecraft:moss_block":7,"minecraft:cherry_sapling":4,"minecraft:iron_shovel":254,"minecraft:chest":13,"minecraft:rotten_flesh":7,"create:mechanical_bearing":1,"minecraft:soul_sand":1,"minecraft:tuff":9,"minecraft:spruce_boat":8,"minecraft:lava_bucket":53,"create:crafting_blueprint":1,"create:shaft":1,"mutantmonsters:hulk_hammer":84,"minecraft:furnace":8,"marbledsarsenal:cm6m_gas_mask":1,"table_top_craft:chess_piece_figure":1,"minecraft:spruce_door":11,"minecraft:stone_pickaxe":128,"minecraft:ender_pearl":1,"minecraft:wooden_pickaxe":3,"create:mechanical_saw":2,"minecraft:golden_apple":1,"minecraft:glow_berries":6,"minecraft:sand":57,"minecraft:dripstone_block":2,"minecraft:bread":10,"minecraft:cherry_sign":35,"minecraft:wooden_sword":1,"minecraft:andesite":4,"immersive_aircraft:gyrodyne":2,"minecraft:stripped_cherry_log":2,"minecraft:bone_meal":19,"minecraft:stone_sword":74,"minecraft:white_tulip":1,"minecraft:spruce_planks":11,"tacz:gun_smith_table":3,"minecraft:torch":45,"minecraft:dirt":403,"minecraft:spruce_fence":42,"projectvibrantjourneys:fallen_leaves":1,"create:wrench":8,"minecraft:iron_axe":778,"minecraft:cherry_trapdoor":2,"better_mob_food:cooked_flesh":88,"minecraft:bamboo":8,"create:radial_chassis":3,"minecraft:cooked_beef":3,"minecraft:cobbled_deepslate":71,"minecraft:cherry_log":14,"minecraft:pointed_dripstone":1,"minecraft:water_bucket":161,"pointblank:printer":3,"minecraft:cherry_planks":95,"minecraft:cauldron":1,"create:encased_fan":1,"minecraft:crafting_table":16,"minecraft:campfire":3,"minecraft:spruce_log":9,"create:mechanical_press":4,"minecraft:iron_pickaxe":1541,"create:water_wheel":3,"minecraft:spruce_trapdoor":8,"minecraft:stone_axe":212,"minecraft:pink_petals":21,"minecraft:cobblestone":129,"minecraft:cooked_porkchop":2,"minecraft:bucket":214,"alexsmobs:animal_dictionary":1,"beachparty:rubber_ring_pelican":1},"minecraft:dropped":{"minecraft:dark_oak_stairs":1,"minecraft:glow_ink_sac":4,"immersive_melodies:trumpet":2,"minecraft:diamond":2,"minecraft:crafting_table":1,"projectvibrantjourneys:orange_bark_mushroom":4,"minecraft:dirt":1,"minecraft:cornflower":2,"projectvibrantjourneys:fallen_leaves":1,"minecraft:wooden_sword":1,"minecraft:iron_pickaxe":2,"minecraft:dark_oak_planks":2,"minecraft:white_wool":1,"projectvibrantjourneys:bark_mushroom":2,"minecraft:gold_ingot":10,"minecraft:bone":1,"minecraft:stone_axe":1,"alexsmobs:animal_dictionary":1,"projectvibrantjourneys:twigs":1,"minecraft:cherry_sapling":64,"minecraft:rotten_flesh":25,"projectvibrantjourneys:light_brown_bark_mushroom":1,"minecraft:azalea":2,"k_turrets:raw_titanium":2,"projectvibrantjourneys:pinecones":1,"pointblank:hs12":1,"minecraft:iron_ingot":21,"minecraft:wheat_seeds":7,"marbledsarsenal:oak_ghillie_leggings":1,"minecraft:dripstone_block":1,"minecraft:cobblestone":1,"minecraft:copper_ingot":58,"minecraft:spruce_door":3,"marbledsarsenal:oak_ghillie_chestplate":1,"minecraft:stick":6,"minecraft:torch":6,"minecraft:cherry_planks":4,"projectvibrantjourneys:seashells":1,"tacz:modern_kinetic_gun":1,"minecraft:string":3,"minecraft:pink_petals":16,"minecraft:lily_pad":10,"pointblank:ammo45acp":179,"minecraft:spruce_sapling":5,"minecraft:moss_carpet":4,"minecraft:clay_ball":4,"minecraft:peony":1,"minecraft:spider_eye":6,"minecraft:spruce_log":1,"minecraft:slime_ball":1},"minecraft:killed":{"minecraft:zombie_villager":9,"minecraft:trader_llama":1,"minecraft:zombie":416,"alexsmobs:fly":3,"minecraft:cow":1,"hordes:zombie_player":33,"minecraft:drowned":7,"minecraft:husk":5,"minecraft:rabbit":1,"mutantmonsters:mutant_zombie":1}},"DataVersion":3465}