{"stats":{"minecraft:custom":{"minecraft:mob_kills":80,"minecraft:interact_with_crafting_table":54,"minecraft:interact_with_campfire":62,"minecraft:damage_dealt_resisted":426,"minecraft:leave_game":2,"minecraft:time_since_death":1023,"minecraft:climb_one_cm":688,"minecraft:sprint_one_cm":400302,"minecraft:walk_one_cm":478334,"minecraft:drop":41,"minecraft:damage_dealt_absorbed":146,"minecraft:play_time":184607,"minecraft:sneak_time":16104,"minecraft:deaths":15,"minecraft:walk_under_water_one_cm":95599,"minecraft:boat_one_cm":111869,"minecraft:jump":2753,"minecraft:walk_on_water_one_cm":79964,"minecraft:total_world_time":184607,"minecraft:interact_with_furnace":60,"minecraft:time_since_rest":1085,"minecraft:damage_taken":5665,"minecraft:damage_dealt":11853,"minecraft:swim_one_cm":131109,"minecraft:fly_one_cm":520729,"minecraft:open_chest":77,"minecraft:crouch_one_cm":30156,"minecraft:fall_one_cm":43825},"minecraft:killed_by":{"minecraft:player":3,"minecraft:zombie":9},"minecraft:dropped":{"minecraft:dark_oak_stairs":1,"minecraft:wheat_seeds":7,"minecraft:glow_ink_sac":4,"immersive_melodies:trumpet":1,"minecraft:diamond":2,"minecraft:dripstone_block":1,"minecraft:cobblestone":1,"minecraft:spruce_door":3,"projectvibrantjourneys:orange_bark_mushroom":3,"minecraft:stick":6,"minecraft:dirt":1,"minecraft:torch":6,"projectvibrantjourneys:seashells":1,"minecraft:wooden_sword":1,"minecraft:string":2,"minecraft:dark_oak_planks":2,"minecraft:lily_pad":2,"projectvibrantjourneys:bark_mushroom":1,"pointblank:ammo45acp":1,"minecraft:spruce_sapling":5,"minecraft:bone":1,"minecraft:moss_carpet":4,"minecraft:rotten_flesh":4,"minecraft:clay_ball":4,"projectvibrantjourneys:light_brown_bark_mushroom":1,"k_turrets:raw_titanium":2,"minecraft:azalea":2,"minecraft:spider_eye":4,"minecraft:spruce_log":1,"minecraft:slime_ball":1,"projectvibrantjourneys:pinecones":1,"pointblank:hs12":1},"minecraft:crafted":{"minecraft:wooden_sword":1,"minecraft:iron_nugget":9,"immersive_melodies:trumpet":1,"minecraft:furnace":2,"minecraft:spruce_fence":18,"minecraft:glass_pane":16,"minecraft:glass":6,"minecraft:iron_axe":1,"immersive_aircraft:hull":2,"minecraft:stone_pickaxe":1,"minecraft:chest":2,"minecraft:spruce_boat":2,"pointblank:printer":1,"minecraft:crafting_table":4,"pointblank:gunmetal_ingot":6,"pointblank:processor":1,"minecraft:spruce_planks":176,"minecraft:wooden_pickaxe":1,"minecraft:spruce_door":3,"immersive_melodies:lute":1,"minecraft:copper_ingot":20,"minecraft:campfire":2,"minecraft:bucket":1,"minecraft:stone_axe":1,"immersive_aircraft:propeller":1,"minecraft:air":0,"minecraft:jungle_planks":4,"minecraft:stick":40,"minecraft:iron_ingot":79,"minecraft:iron_pickaxe":1,"minecraft:torch":16},"minecraft:broken":{"minecraft:stone_pickaxe":1,"minecraft:iron_axe":1,"minecraft:leather_boots":1,"minecraft:stone_axe":1,"minecraft:iron_pickaxe":1},"minecraft:killed":{"minecraft:drowned":4,"minecraft:zombie":75,"mutantmonsters:mutant_zombie":1},"minecraft:picked_up":{"minecraft:crafting_table":3,"minecraft:clay_ball":20,"minecraft:string":4,"minecraft:moss_carpet":4,"minecraft:raw_copper":20,"minecraft:cobbled_deepslate":19,"minecraft:spruce_planks":3,"minecraft:azalea":2,"minecraft:sugar_cane":2,"minecraft:mangrove_log":6,"minecraft:furnace":2,"minecraft:raw_iron":90,"minecraft:sandstone":12,"projectvibrantjourneys:bark_mushroom":1,"minecraft:torch":16,"minecraft:spruce_fence":24,"minecraft:porkchop":2,"pointblank:gunmetal_nugget":77,"psg:sulphur":39,"minecraft:redstone":41,"minecraft:dark_oak_planks":2,"mutantmonsters:hulk_hammer":1,"projectvibrantjourneys:seashells":1,"minecraft:rotten_flesh":73,"minecraft:tropical_fish":16,"k_turrets:raw_titanium":2,"minecraft:glow_berries":3,"minecraft:cobblestone":72,"minecraft:glow_ink_sac":4,"minecraft:jungle_log":1,"minecraft:tuff":1,"create:raw_zinc":30,"minecraft:lily_pad":2,"minecraft:gunpowder":17,"minecraft:lapis_lazuli":40,"minecraft:dirt":2,"minecraft:bone":4,"minecraft:wheat_seeds":7,"pointblank:hs12":1,"minecraft:raw_gold":5,"better_mob_food:cooked_flesh":34,"minecraft:iron_ingot":11,"minecraft:moss_block":13,"minecraft:dark_oak_stairs":1,"projectvibrantjourneys:light_brown_bark_mushroom":1,"psg:raw_potassium":13,"minecraft:dripstone_block":1,"minecraft:gravel":6,"minecraft:sand":70,"minecraft:spruce_sapling":5,"minecraft:spruce_log":53,"minecraft:spruce_door":11,"pointblank:printer":2,"minecraft:spider_eye":4,"minecraft:slime_ball":1,"minecraft:diamond":8,"minecraft:spruce_boat":5,"projectvibrantjourneys:orange_bark_mushroom":3,"minecraft:coal":86,"projectvibrantjourneys:pinecones":1},"minecraft:mined":{"minecraft:dark_oak_planks":2,"create:deepslate_zinc_ore":31,"minecraft:tuff":4,"minecraft:spruce_planks":3,"minecraft:deepslate_diamond_ore":8,"projectvibrantjourneys:rocks":2,"minecraft:cave_vines_plant":1,"minecraft:grass_block":4,"minecraft:spruce_fence":25,"minecraft:spruce_leaves":4,"minecraft:moss_block":12,"minecraft:sandstone":12,"minecraft:large_fern":1,"minecraft:tall_seagrass":1,"minecraft:redstone_ore":1,"minecraft:furnace":2,"minecraft:iron_ore":67,"minecraft:cobbled_deepslate":1,"minecraft:fire":1,"minecraft:deepslate_lapis_ore":3,"minecraft:dark_oak_stairs":1,"minecraft:cave_vines":2,"minecraft:deepslate_iron_ore":25,"minecraft:azalea":1,"minecraft:stone":64,"minecraft:deepslate_redstone_ore":8,"psg:potassium_ore":3,"minecraft:spruce_door":11,"ecologics:thin_ice":3,"psg:deepslate_sulphur_ore":5,"minecraft:clay":6,"minecraft:crafting_table":4,"minecraft:torch":6,"minecraft:tall_grass":4,"minecraft:copper_ore":5,"minecraft:cobblestone":8,"minecraft:deepslate_coal_ore":3,"minecraft:lapis_ore":4,"minecraft:deepslate_gold_ore":5,"minecraft:sugar_cane":1,"minecraft:wall_torch":6,"minecraft:deepslate_copper_ore":1,"k_turrets:deepslate_titanium_ore":2,"projectvibrantjourneys:bones":2,"minecraft:spruce_log":55,"minecraft:mangrove_leaves":1,"minecraft:grass":6,"minecraft:coal_ore":54,"projectvibrantjourneys:short_grass":20,"minecraft:gravel":6,"minecraft:sand":67,"minecraft:mangrove_log":6,"pointblank:printer":2,"minecraft:deepslate":19},"minecraft:used":{"minecraft:moss_block":7,"minecraft:chest":2,"minecraft:spruce_planks":8,"minecraft:rotten_flesh":7,"minecraft:torch":26,"minecraft:tuff":1,"minecraft:spruce_fence":42,"minecraft:spruce_boat":7,"minecraft:iron_axe":163,"better_mob_food:cooked_flesh":34,"mutantmonsters:hulk_hammer":26,"minecraft:furnace":2,"marbledsarsenal:cm6m_gas_mask":1,"minecraft:cobbled_deepslate":18,"minecraft:water_bucket":48,"minecraft:spruce_door":11,"minecraft:stone_pickaxe":128,"pointblank:printer":2,"minecraft:wooden_pickaxe":3,"minecraft:golden_apple":1,"minecraft:glow_berries":5,"minecraft:sand":6,"minecraft:crafting_table":7,"minecraft:campfire":2,"minecraft:spruce_log":9,"minecraft:bread":10,"minecraft:iron_pickaxe":254,"minecraft:stone_axe":75,"minecraft:wooden_sword":1,"minecraft:cobblestone":48,"minecraft:bucket":49,"alexsmobs:animal_dictionary":1}},"DataVersion":3465}