{"stats":{"minecraft:custom":{"minecraft:mob_kills":275,"minecraft:interact_with_crafting_table":86,"minecraft:interact_with_campfire":82,"minecraft:damage_dealt_resisted":1413,"minecraft:leave_game":2,"minecraft:time_since_death":4907,"minecraft:climb_one_cm":5819,"minecraft:sprint_one_cm":608661,"minecraft:walk_one_cm":830881,"minecraft:drop":48,"minecraft:damage_dealt_absorbed":186,"minecraft:play_time":292607,"minecraft:sneak_time":25470,"minecraft:deaths":37,"minecraft:walk_under_water_one_cm":106595,"minecraft:boat_one_cm":167150,"minecraft:jump":4835,"minecraft:walk_on_water_one_cm":95817,"minecraft:total_world_time":292607,"minecraft:interact_with_furnace":93,"minecraft:sleep_in_bed":2,"minecraft:time_since_rest":4936,"minecraft:damage_taken":11619,"minecraft:damage_dealt":44121,"minecraft:player_kills":2,"minecraft:swim_one_cm":155433,"minecraft:fly_one_cm":745327,"minecraft:open_chest":120,"minecraft:crouch_one_cm":46571,"minecraft:fall_one_cm":84338},"minecraft:killed_by":{"minecraft:player":4,"hordes:zombie_player":1,"minecraft:zombie":24},"minecraft:dropped":{"minecraft:dark_oak_stairs":1,"minecraft:wheat_seeds":7,"minecraft:glow_ink_sac":4,"immersive_melodies:trumpet":2,"minecraft:diamond":2,"minecraft:crafting_table":1,"minecraft:dripstone_block":1,"minecraft:cobblestone":1,"minecraft:spruce_door":3,"projectvibrantjourneys:orange_bark_mushroom":3,"minecraft:stick":6,"minecraft:dirt":1,"minecraft:torch":6,"projectvibrantjourneys:seashells":1,"minecraft:wooden_sword":1,"minecraft:string":2,"minecraft:dark_oak_planks":2,"minecraft:lily_pad":10,"minecraft:white_wool":1,"projectvibrantjourneys:bark_mushroom":1,"pointblank:ammo45acp":65,"minecraft:spruce_sapling":5,"minecraft:bone":1,"minecraft:moss_carpet":4,"projectvibrantjourneys:twigs":1,"minecraft:rotten_flesh":4,"minecraft:clay_ball":4,"projectvibrantjourneys:light_brown_bark_mushroom":1,"k_turrets:raw_titanium":2,"minecraft:azalea":2,"minecraft:spider_eye":4,"minecraft:spruce_log":1,"minecraft:slime_ball":1,"projectvibrantjourneys:pinecones":1,"pointblank:hs12":1},"minecraft:crafted":{"minecraft:cherry_planks":4,"minecraft:wooden_sword":1,"minecraft:iron_nugget":9,"immersive_melodies:trumpet":1,"minecraft:furnace":6,"minecraft:spruce_fence":18,"minecraft:glass_pane":16,"minecraft:glass":6,"minecraft:iron_axe":3,"immersive_aircraft:hull":2,"minecraft:stone_pickaxe":1,"minecraft:chest":4,"minecraft:spruce_boat":3,"sophisticatedbackpacks:iron_backpack":1,"minecraft:cooked_beef":3,"pointblank:printer":1,"minecraft:cooked_porkchop":2,"minecraft:crafting_table":9,"pointblank:gunmetal_ingot":27,"pointblank:processor":1,"minecraft:spruce_planks":176,"minecraft:wooden_pickaxe":1,"better_mob_food:cooked_flesh":42,"minecraft:spruce_door":3,"immersive_melodies:lute":1,"minecraft:copper_ingot":104,"minecraft:campfire":3,"minecraft:bucket":1,"minecraft:stone_axe":3,"immersive_aircraft:propeller":1,"minecraft:air":0,"minecraft:jungle_planks":4,"minecraft:white_wool":1,"minecraft:stick":57,"minecraft:iron_ingot":79,"minecraft:iron_pickaxe":2,"minecraft:torch":20},"minecraft:broken":{"minecraft:stone_pickaxe":1,"marbledsarsenal:cm6m_gas_mask":1,"minecraft:iron_axe":2,"minecraft:leather_boots":1,"minecraft:stone_axe":2,"minecraft:iron_pickaxe":2,"mutantmonsters:hulk_hammer":1},"minecraft:killed":{"hordes:zombie_player":16,"minecraft:drowned":5,"minecraft:zombie_villager":2,"minecraft:rabbit":1,"minecraft:zombie":248,"alexsmobs:fly":1,"mutantmonsters:mutant_zombie":1,"minecraft:cow":1},"minecraft:picked_up":{"minecraft:crafting_table":8,"minecraft:clay_ball":20,"minecraft:cornflower":1,"minecraft:string":13,"minecraft:moss_carpet":4,"create:limestone":5,"minecraft:raw_copper":385,"minecraft:cobbled_deepslate":19,"minecraft:spruce_planks":4,"minecraft:beef":3,"immersive_melodies:trumpet":1,"minecraft:azalea":2,"minecraft:sugar_cane":2,"minecraft:phantom_membrane":1,"minecraft:mangrove_log":6,"minecraft:furnace":3,"minecraft:stick":30,"minecraft:raw_iron":128,"minecraft:sandstone":12,"projectvibrantjourneys:bark_mushroom":2,"minecraft:torch":17,"sophisticatedbackpacks:backpack":2,"minecraft:spruce_fence":24,"minecraft:porkchop":2,"pointblank:gunmetal_nugget":240,"psg:sulphur":39,"minecraft:cherry_log":46,"minecraft:diorite":1,"minecraft:redstone":41,"minecraft:dark_oak_planks":2,"mutantmonsters:hulk_hammer":1,"projectvibrantjourneys:seashells":1,"minecraft:rotten_flesh":208,"minecraft:tropical_fish":16,"minecraft:peony":1,"k_turrets:raw_titanium":2,"minecraft:glow_berries":3,"minecraft:cobblestone":150,"minecraft:pink_petals":38,"minecraft:glow_ink_sac":4,"minecraft:jungle_log":1,"projectvibrantjourneys:fallen_leaves":2,"minecraft:leather":2,"minecraft:tuff":1,"create:raw_zinc":30,"minecraft:lily_pad":10,"minecraft:gunpowder":36,"minecraft:lapis_lazuli":40,"minecraft:dirt":35,"minecraft:bone":19,"minecraft:wheat_seeds":15,"pointblank:hs12":1,"minecraft:raw_gold":5,"better_mob_food:cooked_flesh":50,"minecraft:iron_ingot":69,"minecraft:bamboo":23,"minecraft:moss_block":13,"minecraft:dark_oak_stairs":1,"projectvibrantjourneys:light_brown_bark_mushroom":2,"psg:raw_potassium":13,"minecraft:dripstone_block":1,"minecraft:gravel":6,"minecraft:sand":83,"minecraft:spruce_sapling":5,"minecraft:spruce_log":53,"minecraft:spruce_door":11,"pointblank:printer":2,"minecraft:spider_eye":9,"minecraft:slime_ball":1,"minecraft:diamond":8,"minecraft:spruce_boat":5,"minecraft:cherry_sapling":49,"minecraft:emerald":1,"projectvibrantjourneys:orange_bark_mushroom":5,"projectvibrantjourneys:twigs":2,"minecraft:coal":135,"projectvibrantjourneys:pinecones":1},"minecraft:mined":{"minecraft:dark_oak_planks":2,"create:deepslate_zinc_ore":31,"minecraft:tuff":4,"minecraft:spruce_planks":4,"minecraft:deepslate_diamond_ore":8,"minecraft:cherry_log":46,"projectvibrantjourneys:rocks":3,"minecraft:cave_vines_plant":1,"minecraft:grass_block":29,"minecraft:spruce_fence":25,"minecraft:spruce_leaves":4,"minecraft:moss_block":12,"minecraft:sandstone":12,"minecraft:large_fern":2,"minecraft:tall_seagrass":1,"minecraft:redstone_ore":1,"minecraft:furnace":3,"minecraft:iron_ore":106,"minecraft:cobbled_deepslate":1,"minecraft:fire":1,"minecraft:deepslate_lapis_ore":3,"minecraft:dark_oak_stairs":1,"minecraft:flowering_azalea_leaves":1,"minecraft:cave_vines":2,"minecraft:deepslate_iron_ore":25,"minecraft:bamboo":1,"minecraft:azalea":1,"minecraft:stone":118,"create:limestone":5,"minecraft:deepslate_redstone_ore":8,"psg:potassium_ore":3,"minecraft:spruce_door":11,"ecologics:thin_ice":3,"psg:deepslate_sulphur_ore":5,"minecraft:clay":6,"minecraft:crafting_table":8,"minecraft:cornflower":1,"minecraft:torch":6,"minecraft:emerald_ore":1,"projectvibrantjourneys:mossy_rocks":2,"minecraft:tall_grass":8,"minecraft:copper_ore":110,"minecraft:cobblestone":8,"minecraft:deepslate_coal_ore":3,"minecraft:lapis_ore":4,"minecraft:deepslate_gold_ore":5,"minecraft:sugar_cane":1,"minecraft:diorite":1,"minecraft:wall_torch":6,"minecraft:deepslate_copper_ore":1,"minecraft:pink_petals":12,"k_turrets:deepslate_titanium_ore":2,"projectvibrantjourneys:bones":2,"minecraft:spruce_log":55,"minecraft:mangrove_leaves":1,"minecraft:grass":38,"minecraft:coal_ore":93,"projectvibrantjourneys:short_grass":32,"minecraft:cherry_leaves":16,"minecraft:gravel":6,"minecraft:sand":80,"minecraft:dirt":10,"minecraft:mangrove_log":6,"pointblank:printer":2,"minecraft:deepslate":19,"minecraft:fern":1},"minecraft:used":{"minecraft:moss_block":7,"minecraft:chest":4,"minecraft:spruce_planks":11,"minecraft:rotten_flesh":7,"minecraft:torch":27,"minecraft:tuff":1,"minecraft:spruce_fence":42,"minecraft:spruce_boat":8,"projectvibrantjourneys:fallen_leaves":1,"minecraft:iron_axe":467,"better_mob_food:cooked_flesh":35,"mutantmonsters:hulk_hammer":84,"minecraft:furnace":8,"marbledsarsenal:cm6m_gas_mask":1,"minecraft:cooked_beef":3,"minecraft:cobbled_deepslate":18,"minecraft:water_bucket":87,"table_top_craft:chess_piece_figure":1,"minecraft:spruce_door":11,"minecraft:stone_pickaxe":128,"pointblank:printer":3,"minecraft:wooden_pickaxe":3,"minecraft:golden_apple":1,"minecraft:glow_berries":5,"minecraft:sand":56,"minecraft:crafting_table":15,"minecraft:campfire":3,"minecraft:spruce_log":9,"minecraft:bread":10,"minecraft:iron_pickaxe":505,"minecraft:stone_axe":197,"minecraft:pink_petals":13,"minecraft:wooden_sword":1,"minecraft:cobblestone":62,"minecraft:cooked_porkchop":2,"minecraft:bucket":88,"alexsmobs:animal_dictionary":1}},"DataVersion":3465}