{"stats":{"minecraft:custom":{"minecraft:interact_with_furnace":34,"minecraft:mob_kills":27,"minecraft:interact_with_crafting_table":36,"minecraft:interact_with_campfire":17,"minecraft:damage_dealt_resisted":426,"minecraft:time_since_death":17933,"minecraft:climb_one_cm":392,"minecraft:time_since_rest":17964,"minecraft:sprint_one_cm":161116,"minecraft:damage_taken":1939,"minecraft:walk_one_cm":175598,"minecraft:drop":11,"minecraft:damage_dealt":2999,"minecraft:damage_dealt_absorbed":146,"minecraft:swim_one_cm":3929,"minecraft:fly_one_cm":190479,"minecraft:open_chest":35,"minecraft:crouch_one_cm":21657,"minecraft:play_time":77541,"minecraft:deaths":5,"minecraft:sneak_time":9561,"minecraft:walk_under_water_one_cm":28504,"minecraft:boat_one_cm":23400,"minecraft:jump":1088,"minecraft:walk_on_water_one_cm":32708,"minecraft:total_world_time":77541,"minecraft:fall_one_cm":23580},"minecraft:killed_by":{"minecraft:player":2,"minecraft:zombie":2},"minecraft:dropped":{"immersive_melodies:trumpet":1,"minecraft:diamond":2,"minecraft:rotten_flesh":2,"projectvibrantjourneys:orange_bark_mushroom":3,"minecraft:torch":1,"projectvibrantjourneys:pinecones":1,"pointblank:hs12":1,"minecraft:lily_pad":2},"minecraft:crafted":{"minecraft:wooden_sword":1,"pointblank:printer":1,"minecraft:iron_nugget":9,"minecraft:crafting_table":1,"pointblank:processor":1,"minecraft:spruce_planks":52,"minecraft:wooden_pickaxe":1,"immersive_melodies:trumpet":1,"minecraft:furnace":2,"immersive_melodies:lute":1,"minecraft:copper_ingot":20,"minecraft:bucket":1,"minecraft:campfire":2,"minecraft:stone_axe":1,"minecraft:air":0,"minecraft:glass_pane":16,"minecraft:glass":6,"minecraft:iron_axe":1,"minecraft:stick":20,"minecraft:iron_ingot":27,"minecraft:iron_pickaxe":1,"minecraft:stone_pickaxe":1,"minecraft:chest":2,"minecraft:spruce_boat":1,"minecraft:torch":4},"minecraft:killed":{"minecraft:zombie":26,"minecraft:drowned":1},"minecraft:picked_up":{"minecraft:crafting_table":3,"minecraft:glow_ink_sac":3,"create:raw_zinc":21,"minecraft:tuff":1,"minecraft:lily_pad":2,"minecraft:gunpowder":4,"minecraft:lapis_lazuli":11,"minecraft:string":2,"minecraft:moss_carpet":3,"minecraft:raw_copper":20,"minecraft:bone":2,"pointblank:hs12":1,"minecraft:wheat_seeds":2,"minecraft:raw_gold":5,"minecraft:cobbled_deepslate":11,"better_mob_food:cooked_flesh":17,"minecraft:azalea":1,"minecraft:moss_block":7,"minecraft:sugar_cane":2,"minecraft:mangrove_log":6,"minecraft:raw_iron":28,"psg:raw_potassium":7,"minecraft:torch":8,"minecraft:gravel":1,"minecraft:sand":6,"pointblank:gunmetal_nugget":33,"psg:sulphur":39,"minecraft:spruce_log":19,"pointblank:printer":1,"minecraft:redstone":41,"minecraft:spider_eye":3,"minecraft:rotten_flesh":28,"minecraft:diamond":5,"minecraft:tropical_fish":15,"minecraft:spruce_boat":4,"k_turrets:raw_titanium":2,"projectvibrantjourneys:orange_bark_mushroom":3,"minecraft:coal":26,"minecraft:cobblestone":53,"projectvibrantjourneys:pinecones":1},"minecraft:mined":{"minecraft:deepslate_redstone_ore":8,"create:deepslate_zinc_ore":21,"minecraft:tuff":1,"minecraft:deepslate_diamond_ore":5,"psg:deepslate_sulphur_ore":5,"projectvibrantjourneys:rocks":2,"minecraft:crafting_table":3,"minecraft:torch":2,"minecraft:copper_ore":5,"minecraft:cobblestone":1,"minecraft:deepslate_gold_ore":5,"minecraft:lapis_ore":1,"minecraft:sugar_cane":1,"minecraft:moss_block":6,"minecraft:wall_torch":4,"minecraft:deepslate_copper_ore":1,"minecraft:large_fern":1,"minecraft:redstone_ore":1,"k_turrets:deepslate_titanium_ore":2,"minecraft:iron_ore":12,"minecraft:spruce_log":19,"projectvibrantjourneys:bones":1,"minecraft:mangrove_leaves":1,"minecraft:deepslate_lapis_ore":1,"minecraft:grass":2,"projectvibrantjourneys:short_grass":1,"minecraft:coal_ore":26,"minecraft:deepslate_iron_ore":16,"minecraft:gravel":1,"minecraft:sand":6,"minecraft:mangrove_log":6,"minecraft:stone":52,"pointblank:printer":1,"minecraft:deepslate":11},"minecraft:used":{"minecraft:moss_block":1,"minecraft:water_bucket":8,"minecraft:stone_pickaxe":126,"pointblank:printer":2,"minecraft:chest":2,"minecraft:spruce_planks":2,"minecraft:wooden_pickaxe":3,"minecraft:rotten_flesh":7,"minecraft:torch":11,"minecraft:crafting_table":4,"minecraft:campfire":2,"minecraft:tuff":1,"minecraft:spruce_log":6,"minecraft:spruce_boat":5,"minecraft:iron_axe":2,"minecraft:bread":9,"minecraft:iron_pickaxe":72,"better_mob_food:cooked_flesh":8,"minecraft:stone_axe":50,"minecraft:wooden_sword":1,"minecraft:cobblestone":31,"minecraft:furnace":2,"minecraft:bucket":9,"alexsmobs:animal_dictionary":1,"minecraft:cobbled_deepslate":6}},"DataVersion":3465}