{"stats":{"minecraft:killed_by":{"minecraft:zombie":38,"minecraft:player":5,"hordes:zombie_player":3},"minecraft:broken":{"minecraft:iron_shovel":1,"minecraft:stone_pickaxe":1,"marbledsarsenal:cm6m_gas_mask":1,"minecraft:stone_axe":2,"minecraft:stone_sword":1,"minecraft:iron_axe":4,"minecraft:leather_boots":1,"minecraft:iron_pickaxe":4,"mutantmonsters:hulk_hammer":1},"minecraft:used":{"minecraft:moss_block":7,"minecraft:iron_shovel":254,"minecraft:chest":11,"minecraft:rotten_flesh":7,"minecraft:tuff":1,"minecraft:spruce_boat":8,"minecraft:lava_bucket":3,"create:shaft":1,"mutantmonsters:hulk_hammer":84,"minecraft:furnace":8,"marbledsarsenal:cm6m_gas_mask":1,"table_top_craft:chess_piece_figure":1,"minecraft:spruce_door":11,"minecraft:stone_pickaxe":128,"minecraft:wooden_pickaxe":3,"minecraft:golden_apple":1,"minecraft:glow_berries":6,"minecraft:sand":56,"minecraft:bread":10,"minecraft:wooden_sword":1,"immersive_aircraft:gyrodyne":1,"minecraft:andesite":4,"minecraft:stone_sword":74,"tacz:gun_smith_table":3,"minecraft:spruce_planks":11,"minecraft:torch":37,"minecraft:dirt":3,"minecraft:spruce_fence":42,"projectvibrantjourneys:fallen_leaves":1,"minecraft:iron_axe":688,"better_mob_food:cooked_flesh":45,"minecraft:cooked_beef":3,"minecraft:cobbled_deepslate":18,"minecraft:cherry_log":9,"minecraft:pointed_dripstone":1,"minecraft:water_bucket":139,"pointblank:printer":3,"minecraft:cherry_planks":95,"minecraft:cauldron":1,"minecraft:crafting_table":15,"minecraft:campfire":3,"minecraft:spruce_log":9,"create:mechanical_press":2,"minecraft:iron_pickaxe":1261,"create:water_wheel":1,"minecraft:stone_axe":212,"minecraft:pink_petals":21,"minecraft:cobblestone":118,"minecraft:cooked_porkchop":2,"minecraft:bucket":143,"alexsmobs:animal_dictionary":1,"beachparty:rubber_ring_pelican":1},"minecraft:mined":{"minecraft:dark_oak_planks":2,"create:deepslate_zinc_ore":31,"minecraft:spruce_planks":4,"create:andesite_casing":1,"minecraft:cherry_log":197,"minecraft:cave_vines_plant":1,"minecraft:grass_block":236,"tacz:gun_smith_table":2,"minecraft:spawner":1,"minecraft:tall_seagrass":1,"minecraft:iron_ore":122,"minecraft:cobbled_deepslate":1,"minecraft:fire":1,"minecraft:deepslate_lapis_ore":7,"minecraft:dark_oak_stairs":1,"minecraft:pointed_dripstone":1,"minecraft:cave_vines":2,"minecraft:water_cauldron":1,"minecraft:flowering_azalea_leaves":1,"minecraft:azalea":1,"create:mechanical_press":1,"create:limestone":5,"minecraft:deepslate_redstone_ore":8,"minecraft:clay":6,"minecraft:torch":10,"minecraft:chest":1,"minecraft:cobblestone":45,"minecraft:grindstone":1,"minecraft:sugar_cane":1,"minecraft:damaged_anvil":1,"minecraft:wall_torch":8,"minecraft:deepslate_copper_ore":1,"minecraft:pink_petals":27,"projectvibrantjourneys:bones":2,"minecraft:grass":52,"projectvibrantjourneys:short_grass":40,"minecraft:sand":80,"minecraft:dirt":79,"minecraft:mangrove_log":6,"minecraft:deepslate":104,"minecraft:tuff":8,"minecraft:mossy_cobblestone":1,"minecraft:deepslate_diamond_ore":11,"minecraft:stripped_cherry_log":3,"projectvibrantjourneys:rocks":3,"minecraft:spruce_fence":25,"minecraft:spruce_leaves":4,"minecraft:moss_block":12,"minecraft:sandstone":12,"minecraft:large_fern":2,"minecraft:redstone_ore":1,"minecraft:furnace":3,"minecraft:andesite":241,"minecraft:peony":1,"minecraft:potatoes":1,"minecraft:deepslate_iron_ore":29,"minecraft:bamboo":1,"minecraft:stone":345,"psg:potassium_ore":4,"minecraft:spruce_door":11,"ecologics:thin_ice":3,"psg:deepslate_sulphur_ore":7,"minecraft:crafting_table":8,"minecraft:cornflower":1,"minecraft:emerald_ore":2,"projectvibrantjourneys:mossy_rocks":2,"minecraft:tall_grass":8,"minecraft:copper_ore":169,"minecraft:deepslate_coal_ore":3,"minecraft:lapis_ore":4,"minecraft:deepslate_gold_ore":5,"minecraft:diorite":1,"k_turrets:deepslate_titanium_ore":2,"minecraft:spruce_log":55,"minecraft:mangrove_leaves":1,"minecraft:bee_nest":1,"minecraft:coal_ore":112,"minecraft:cherry_leaves":36,"minecraft:gravel":6,"minecraft:cobweb":57,"pointblank:printer":2,"minecraft:fern":1},"minecraft:killed":{"minecraft:zombie_villager":5,"minecraft:trader_llama":1,"minecraft:zombie":341,"alexsmobs:fly":1,"minecraft:cow":1,"hordes:zombie_player":31,"minecraft:drowned":7,"minecraft:rabbit":1,"mutantmonsters:mutant_zombie":1},"minecraft:dropped":{"minecraft:dark_oak_stairs":1,"minecraft:glow_ink_sac":4,"immersive_melodies:trumpet":2,"minecraft:diamond":2,"minecraft:crafting_table":1,"projectvibrantjourneys:orange_bark_mushroom":4,"minecraft:dirt":1,"minecraft:cornflower":2,"minecraft:wooden_sword":1,"minecraft:iron_pickaxe":2,"minecraft:dark_oak_planks":2,"minecraft:white_wool":1,"projectvibrantjourneys:bark_mushroom":2,"minecraft:bone":1,"minecraft:stone_axe":1,"alexsmobs:animal_dictionary":1,"projectvibrantjourneys:twigs":1,"minecraft:cherry_sapling":64,"minecraft:rotten_flesh":25,"projectvibrantjourneys:light_brown_bark_mushroom":1,"minecraft:azalea":2,"k_turrets:raw_titanium":2,"projectvibrantjourneys:pinecones":1,"pointblank:hs12":1,"minecraft:iron_ingot":1,"minecraft:wheat_seeds":7,"marbledsarsenal:oak_ghillie_leggings":1,"minecraft:dripstone_block":1,"minecraft:cobblestone":1,"minecraft:copper_ingot":58,"minecraft:spruce_door":3,"marbledsarsenal:oak_ghillie_chestplate":1,"minecraft:stick":6,"minecraft:torch":6,"minecraft:cherry_planks":4,"projectvibrantjourneys:seashells":1,"tacz:modern_kinetic_gun":1,"minecraft:string":3,"minecraft:pink_petals":16,"minecraft:lily_pad":10,"pointblank:ammo45acp":179,"minecraft:spruce_sapling":5,"minecraft:moss_carpet":4,"minecraft:clay_ball":4,"minecraft:peony":1,"minecraft:spider_eye":6,"minecraft:slime_ball":1,"minecraft:spruce_log":1},"minecraft:crafted":{"minecraft:glass":6,"create:mechanical_press":1,"immersive_aircraft:hull":2,"minecraft:chest":12,"create:cogwheel":1,"pointblank:printer":1,"minecraft:cooked_porkchop":2,"minecraft:crafting_table":9,"minecraft:spruce_planks":176,"minecraft:wooden_pickaxe":1,"minecraft:spruce_door":3,"immersive_melodies:lute":1,"minecraft:copper_ingot":584,"minecraft:campfire":3,"immersive_aircraft:propeller":1,"create:water_wheel":1,"minecraft:stick":57,"minecraft:iron_ingot":101,"minecraft:iron_pickaxe":9,"minecraft:iron_block":2,"minecraft:stone_sword":1,"minecraft:cherry_planks":176,"minecraft:wooden_sword":1,"minecraft:iron_nugget":18,"immersive_aircraft:sail":2,"immersive_melodies:trumpet":1,"minecraft:furnace":6,"minecraft:spruce_fence":18,"minecraft:white_carpet":12,"minecraft:glass_pane":16,"minecraft:iron_axe":4,"minecraft:stone_pickaxe":1,"minecraft:spruce_boat":3,"sophisticatedbackpacks:iron_backpack":1,"minecraft:cooked_beef":3,"create:andesite_alloy":7,"pointblank:gunmetal_ingot":45,"pointblank:processor":1,"better_mob_food:cooked_flesh":56,"tacz:gun_smith_table":1,"minecraft:bucket":1,"minecraft:stone_axe":3,"minecraft:air":0,"minecraft:jungle_planks":4,"minecraft:white_wool":9,"immersive_aircraft:gyrodyne":1,"minecraft:iron_shovel":1,"create:shaft":8,"minecraft:torch":24},"minecraft:custom":{"minecraft:interact_with_crafting_table":116,"minecraft:open_barrel":19,"minecraft:leave_game":3,"minecraft:time_since_death":8076,"minecraft:sprint_one_cm":856992,"minecraft:drop":75,"minecraft:talked_to_villager":1,"minecraft:play_time":477124,"minecraft:deaths":66,"minecraft:jump":6622,"minecraft:walk_on_water_one_cm":132324,"minecraft:interact_with_furnace":149,"minecraft:sleep_in_bed":2,"minecraft:damage_dealt":50816,"minecraft:player_kills":3,"minecraft:crouch_one_cm":75865,"minecraft:use_cauldron":2,"minecraft:horse_one_cm":2285,"minecraft:mob_kills":391,"minecraft:fill_cauldron":1,"minecraft:interact_with_campfire":86,"minecraft:damage_dealt_resisted":1787,"minecraft:climb_one_cm":6882,"minecraft:walk_one_cm":1261520,"minecraft:damage_dealt_absorbed":226,"minecraft:sneak_time":35375,"minecraft:walk_under_water_one_cm":133576,"minecraft:boat_one_cm":167150,"minecraft:total_world_time":477124,"minecraft:interact_with_grindstone":1,"minecraft:time_since_rest":8109,"minecraft:damage_taken":20689,"minecraft:swim_one_cm":191134,"minecraft:fly_one_cm":1045930,"minecraft:open_chest":349,"minecraft:fall_one_cm":170027},"minecraft:picked_up":{"minecraft:lead":3,"minecraft:string":71,"minecraft:raw_copper":585,"create:limestone":5,"create:mechanical_press":1,"minecraft:cobbled_deepslate":104,"minecraft:spruce_planks":4,"minecraft:white_tulip":3,"minecraft:azalea":2,"minecraft:mangrove_log":6,"minecraft:furnace":3,"minecraft:stick":78,"minecraft:torch":23,"create:andesite_casing":1,"minecraft:porkchop":2,"psg:sulphur":49,"marbledsarsenal:oak_ghillie_chestplate":1,"minecraft:cherry_log":195,"minecraft:pointed_dripstone":3,"minecraft:diorite":1,"marbledsarsenal:oak_ghillie_leggings":1,"minecraft:cauldron":1,"mutantmonsters:hulk_hammer":1,"projectvibrantjourneys:seashells":1,"minecraft:rotten_flesh":279,"minecraft:tropical_fish":16,"minecraft:cobblestone":402,"minecraft:pink_petals":163,"minecraft:andesite":235,"minecraft:jungle_log":1,"projectvibrantjourneys:fallen_leaves":2,"minecraft:potato":5,"paraglider:spirit_orb":2,"minecraft:tuff":5,"create:raw_zinc":30,"minecraft:lapis_lazuli":63,"minecraft:dirt":344,"minecraft:bone":23,"minecraft:wheat_seeds":29,"pointblank:hs12":1,"minecraft:raw_gold":5,"better_mob_food:cooked_flesh":52,"minecraft:grindstone":1,"tacz:gun_smith_table":2,"minecraft:bamboo":34,"minecraft:moss_block":13,"psg:raw_potassium":15,"minecraft:sand":83,"alexsmobs:animal_dictionary":1,"minecraft:mossy_cobblestone":1,"minecraft:diamond":11,"minecraft:spruce_boat":5,"minecraft:emerald":2,"minecraft:crafting_table":8,"minecraft:clay_ball":20,"minecraft:stripped_cherry_log":3,"minecraft:cornflower":2,"minecraft:moss_carpet":4,"tacz:ammo":840,"minecraft:beef":3,"immersive_melodies:trumpet":1,"minecraft:chest":1,"minecraft:sugar_cane":2,"minecraft:phantom_membrane":2,"minecraft:raw_iron":148,"minecraft:sandstone":12,"minecraft:copper_ingot":58,"projectvibrantjourneys:bark_mushroom":5,"minecraft:spruce_fence":24,"sophisticatedbackpacks:backpack":2,"pointblank:gunmetal_nugget":369,"minecraft:redstone":41,"minecraft:dark_oak_planks":2,"minecraft:peony":3,"k_turrets:raw_titanium":2,"minecraft:pink_tulip":1,"minecraft:glow_berries":3,"create:iron_sheet":1,"minecraft:glow_ink_sac":4,"minecraft:leather":6,"minecraft:lily_pad":10,"minecraft:gunpowder":52,"immersive_aircraft:gyrodyne":1,"minecraft:white_banner":1,"minecraft:iron_ingot":69,"minecraft:dark_oak_stairs":1,"projectvibrantjourneys:light_brown_bark_mushroom":4,"minecraft:dripstone_block":1,"minecraft:gravel":6,"minecraft:spruce_sapling":5,"minecraft:spruce_log":53,"pointblank:printer":2,"minecraft:spruce_door":11,"minecraft:spider_eye":12,"minecraft:slime_ball":2,"tacz:modern_kinetic_gun":2,"minecraft:cherry_sapling":168,"projectvibrantjourneys:orange_bark_mushroom":6,"minecraft:damaged_anvil":1,"projectvibrantjourneys:twigs":2,"minecraft:coal":153,"projectvibrantjourneys:pinecones":1}},"DataVersion":3465}