{"stats":{"minecraft:custom":{"minecraft:mob_kills":120,"minecraft:interact_with_crafting_table":60,"minecraft:interact_with_campfire":62,"minecraft:damage_dealt_resisted":475,"minecraft:leave_game":2,"minecraft:time_since_death":1134,"minecraft:climb_one_cm":5819,"minecraft:sprint_one_cm":554278,"minecraft:walk_one_cm":661813,"minecraft:drop":44,"minecraft:damage_dealt_absorbed":146,"minecraft:play_time":232607,"minecraft:sneak_time":18867,"minecraft:deaths":23,"minecraft:walk_under_water_one_cm":104809,"minecraft:boat_one_cm":167150,"minecraft:jump":3983,"minecraft:walk_on_water_one_cm":89224,"minecraft:total_world_time":232607,"minecraft:interact_with_furnace":67,"minecraft:sleep_in_bed":2,"minecraft:time_since_rest":1167,"minecraft:damage_taken":7875,"minecraft:damage_dealt":18004,"minecraft:player_kills":1,"minecraft:swim_one_cm":155433,"minecraft:fly_one_cm":702814,"minecraft:open_chest":77,"minecraft:crouch_one_cm":36925,"minecraft:fall_one_cm":72697},"minecraft:killed_by":{"minecraft:player":4,"minecraft:zombie":13},"minecraft:dropped":{"minecraft:dark_oak_stairs":1,"minecraft:wheat_seeds":7,"minecraft:glow_ink_sac":4,"immersive_melodies:trumpet":2,"minecraft:diamond":2,"minecraft:dripstone_block":1,"minecraft:cobblestone":1,"minecraft:spruce_door":3,"projectvibrantjourneys:orange_bark_mushroom":3,"minecraft:stick":6,"minecraft:dirt":1,"minecraft:torch":6,"projectvibrantjourneys:seashells":1,"minecraft:wooden_sword":1,"minecraft:string":2,"minecraft:dark_oak_planks":2,"minecraft:lily_pad":10,"projectvibrantjourneys:bark_mushroom":1,"pointblank:ammo45acp":1,"minecraft:spruce_sapling":5,"minecraft:bone":1,"minecraft:moss_carpet":4,"minecraft:rotten_flesh":4,"minecraft:clay_ball":4,"projectvibrantjourneys:light_brown_bark_mushroom":1,"k_turrets:raw_titanium":2,"minecraft:azalea":2,"minecraft:spider_eye":4,"minecraft:spruce_log":1,"minecraft:slime_ball":1,"projectvibrantjourneys:pinecones":1,"pointblank:hs12":1},"minecraft:crafted":{"minecraft:wooden_sword":1,"minecraft:iron_nugget":9,"immersive_melodies:trumpet":1,"minecraft:furnace":3,"minecraft:spruce_fence":18,"minecraft:glass_pane":16,"minecraft:glass":6,"minecraft:iron_axe":2,"immersive_aircraft:hull":2,"minecraft:stone_pickaxe":1,"minecraft:chest":2,"minecraft:spruce_boat":3,"minecraft:cooked_beef":3,"pointblank:printer":1,"minecraft:cooked_porkchop":2,"minecraft:crafting_table":8,"pointblank:gunmetal_ingot":6,"pointblank:processor":1,"minecraft:spruce_planks":176,"minecraft:wooden_pickaxe":1,"minecraft:spruce_door":3,"immersive_melodies:lute":1,"minecraft:copper_ingot":20,"minecraft:campfire":2,"minecraft:bucket":1,"minecraft:stone_axe":1,"immersive_aircraft:propeller":1,"minecraft:air":0,"minecraft:jungle_planks":4,"minecraft:stick":44,"minecraft:iron_ingot":79,"minecraft:iron_pickaxe":2,"minecraft:torch":16},"minecraft:broken":{"minecraft:stone_pickaxe":1,"marbledsarsenal:cm6m_gas_mask":1,"minecraft:iron_axe":1,"minecraft:leather_boots":1,"minecraft:stone_axe":1,"minecraft:iron_pickaxe":1,"mutantmonsters:hulk_hammer":1},"minecraft:killed":{"hordes:zombie_player":7,"minecraft:drowned":4,"minecraft:rabbit":1,"minecraft:zombie":106,"mutantmonsters:mutant_zombie":1,"minecraft:cow":1},"minecraft:picked_up":{"minecraft:crafting_table":4,"minecraft:clay_ball":20,"minecraft:cornflower":1,"minecraft:string":5,"minecraft:moss_carpet":4,"minecraft:raw_copper":20,"minecraft:cobbled_deepslate":19,"minecraft:spruce_planks":3,"minecraft:beef":3,"immersive_melodies:trumpet":1,"minecraft:azalea":2,"minecraft:sugar_cane":2,"minecraft:mangrove_log":6,"minecraft:furnace":3,"minecraft:raw_iron":96,"minecraft:sandstone":12,"projectvibrantjourneys:bark_mushroom":1,"minecraft:torch":16,"sophisticatedbackpacks:backpack":1,"minecraft:spruce_fence":24,"minecraft:porkchop":2,"pointblank:gunmetal_nugget":114,"psg:sulphur":39,"minecraft:redstone":41,"minecraft:dark_oak_planks":2,"mutantmonsters:hulk_hammer":1,"projectvibrantjourneys:seashells":1,"minecraft:rotten_flesh":101,"minecraft:tropical_fish":16,"minecraft:peony":1,"k_turrets:raw_titanium":2,"minecraft:glow_berries":3,"minecraft:cobblestone":80,"minecraft:pink_petals":4,"minecraft:glow_ink_sac":4,"minecraft:jungle_log":1,"projectvibrantjourneys:fallen_leaves":1,"minecraft:leather":2,"minecraft:tuff":1,"create:raw_zinc":30,"minecraft:lily_pad":10,"minecraft:gunpowder":21,"minecraft:lapis_lazuli":40,"minecraft:dirt":2,"minecraft:bone":8,"minecraft:wheat_seeds":12,"pointblank:hs12":1,"minecraft:raw_gold":5,"better_mob_food:cooked_flesh":34,"minecraft:iron_ingot":69,"minecraft:bamboo":13,"minecraft:moss_block":13,"minecraft:dark_oak_stairs":1,"projectvibrantjourneys:light_brown_bark_mushroom":1,"psg:raw_potassium":13,"minecraft:dripstone_block":1,"minecraft:gravel":6,"minecraft:sand":70,"minecraft:spruce_sapling":5,"minecraft:spruce_log":53,"minecraft:spruce_door":11,"pointblank:printer":2,"minecraft:spider_eye":6,"minecraft:slime_ball":1,"minecraft:diamond":8,"minecraft:spruce_boat":5,"minecraft:emerald":1,"projectvibrantjourneys:orange_bark_mushroom":3,"minecraft:coal":100,"projectvibrantjourneys:pinecones":1},"minecraft:mined":{"minecraft:dark_oak_planks":2,"create:deepslate_zinc_ore":31,"minecraft:tuff":4,"minecraft:spruce_planks":3,"minecraft:deepslate_diamond_ore":8,"projectvibrantjourneys:rocks":3,"minecraft:cave_vines_plant":1,"minecraft:grass_block":5,"minecraft:spruce_fence":25,"minecraft:spruce_leaves":4,"minecraft:moss_block":12,"minecraft:sandstone":12,"minecraft:large_fern":2,"minecraft:tall_seagrass":1,"minecraft:redstone_ore":1,"minecraft:furnace":3,"minecraft:iron_ore":73,"minecraft:cobbled_deepslate":1,"minecraft:fire":1,"minecraft:deepslate_lapis_ore":3,"minecraft:dark_oak_stairs":1,"minecraft:flowering_azalea_leaves":1,"minecraft:cave_vines":2,"minecraft:deepslate_iron_ore":25,"minecraft:bamboo":1,"minecraft:azalea":1,"minecraft:stone":72,"minecraft:deepslate_redstone_ore":8,"psg:potassium_ore":3,"minecraft:spruce_door":11,"ecologics:thin_ice":3,"psg:deepslate_sulphur_ore":5,"minecraft:clay":6,"minecraft:crafting_table":5,"minecraft:cornflower":1,"minecraft:torch":6,"minecraft:emerald_ore":1,"minecraft:tall_grass":8,"minecraft:copper_ore":5,"minecraft:cobblestone":8,"minecraft:deepslate_coal_ore":3,"minecraft:lapis_ore":4,"minecraft:deepslate_gold_ore":5,"minecraft:sugar_cane":1,"minecraft:wall_torch":6,"minecraft:deepslate_copper_ore":1,"minecraft:pink_petals":1,"k_turrets:deepslate_titanium_ore":2,"projectvibrantjourneys:bones":2,"minecraft:spruce_log":55,"minecraft:mangrove_leaves":1,"minecraft:grass":14,"minecraft:coal_ore":58,"projectvibrantjourneys:short_grass":26,"minecraft:gravel":6,"minecraft:sand":67,"minecraft:mangrove_log":6,"pointblank:printer":2,"minecraft:deepslate":19,"minecraft:fern":1},"minecraft:used":{"minecraft:moss_block":7,"minecraft:chest":2,"minecraft:spruce_planks":10,"minecraft:rotten_flesh":7,"minecraft:torch":26,"minecraft:tuff":1,"minecraft:spruce_fence":42,"minecraft:spruce_boat":8,"projectvibrantjourneys:fallen_leaves":1,"minecraft:iron_axe":212,"better_mob_food:cooked_flesh":34,"mutantmonsters:hulk_hammer":84,"minecraft:furnace":4,"marbledsarsenal:cm6m_gas_mask":1,"minecraft:cooked_beef":3,"minecraft:cobbled_deepslate":18,"minecraft:water_bucket":78,"table_top_craft:chess_piece_figure":1,"minecraft:spruce_door":11,"minecraft:stone_pickaxe":128,"pointblank:printer":2,"minecraft:wooden_pickaxe":3,"minecraft:golden_apple":1,"minecraft:glow_berries":5,"minecraft:sand":12,"minecraft:crafting_table":11,"minecraft:campfire":2,"minecraft:spruce_log":9,"minecraft:bread":10,"minecraft:iron_pickaxe":275,"minecraft:stone_axe":75,"minecraft:wooden_sword":1,"minecraft:cobblestone":48,"minecraft:cooked_porkchop":2,"minecraft:bucket":79,"alexsmobs:animal_dictionary":1}},"DataVersion":3465}