{
  "mutantmonsters:root": {
    "criteria": {
      "killed_something": "2024-11-10 18:57:40 +0000"
    },
    "done": true
  },
  "ecologics:recipes/ecologics/azalea_boat": {
    "criteria": {
      "in_water": "2024-11-10 18:55:36 +0000"
    },
    "done": true
  },
  "create:root": {
    "criteria": {
      "0": "2024-11-10 18:55:01 +0000"
    },
    "done": true
  },
  "minecraft:recipes/decorations/crafting_table": {
    "criteria": {
      "unlock_right_away": "2024-11-10 18:55:01 +0000"
    },
    "done": true
  },
  "minecraft:recipes/decorations/chest": {
    "criteria": {
      "has_lots_of_items": "2024-11-10 18:57:42 +0000"
    },
    "done": true
  },
  "minecraft:recipes/transportation/cherry_boat": {
    "criteria": {
      "in_water": "2024-11-10 18:55:36 +0000"
    },
    "done": true
  },
  "minecraft:recipes/transportation/bamboo_raft": {
    "criteria": {
      "in_water": "2024-11-10 18:55:36 +0000"
    },
    "done": true
  },
  "ecologics:recipes/ecologics/walnut_boat": {
    "criteria": {
      "in_water": "2024-11-10 18:55:36 +0000"
    },
    "done": true
  },
  "bakery:main/root": {
    "criteria": {
      "seeds": "2024-11-10 18:55:01 +0000"
    },
    "done": true
  },
  "minecraft:recipes/transportation/acacia_boat": {
    "criteria": {
      "in_water": "2024-11-10 18:55:36 +0000"
    },
    "done": true
  },
  "minecraft:adventure/root": {
    "criteria": {
      "killed_something": "2024-11-10 18:57:40 +0000"
    },
    "done": true
  },
  "betterdungeons:root": {
    "criteria": {
      "always": "2024-11-10 18:55:01 +0000"
    },
    "done": true
  },
  "farm_and_charm:main/find_wild_crops": {
    "criteria": {
      "oat": "2024-11-10 18:55:01 +0000",
      "wild_strawberry": "2024-11-10 18:55:01 +0000",
      "corn": "2024-11-10 18:55:01 +0000",
      "onion": "2024-11-10 18:55:01 +0000",
      "wild_corn": "2024-11-10 18:55:01 +0000",
      "wild_ribwort": "2024-11-10 18:55:01 +0000",
      "strawberry": "2024-11-10 18:55:01 +0000",
      "wild_nettle": "2024-11-10 18:55:01 +0000",
      "barley": "2024-11-10 18:55:01 +0000",
      "tomato": "2024-11-10 18:55:01 +0000",
      "lettuce": "2024-11-10 18:55:01 +0000",
      "wild_lettuce": "2024-11-10 18:55:01 +0000",
      "wild_tomatoes": "2024-11-10 18:55:01 +0000",
      "oat_seeds": "2024-11-10 18:55:01 +0000",
      "tomato_seeds": "2024-11-10 18:55:01 +0000",
      "barley_seeds": "2024-11-10 18:55:01 +0000",
      "strawberry_seeds": "2024-11-10 18:55:01 +0000",
      "lettuce_seeds": "2024-11-10 18:55:01 +0000",
      "kernels": "2024-11-10 18:55:01 +0000",
      "wild_barley": "2024-11-10 18:55:01 +0000",
      "wild_onion": "2024-11-10 18:55:01 +0000",
      "wild_oat": "2024-11-10 18:55:01 +0000"
    },
    "done": true
  },
  "minecraft:recipes/transportation/jungle_boat": {
    "criteria": {
      "in_water": "2024-11-10 18:55:36 +0000"
    },
    "done": true
  },
  "farmersdelight:recipes/cooking/dog_food": {
    "criteria": {
      "has_any_ingredient": "2024-11-10 18:55:27 +0000"
    },
    "done": true
  },
  "bakery:recipes/sandwich": {
    "criteria": {
      "has_bread": "2024-11-10 18:55:02 +0000"
    },
    "done": true
  },
  "minecraft:recipes/combat/arrow": {
    "criteria": {
      "has_feather": "2024-11-10 18:57:42 +0000"
    },
    "done": true
  },
  "overworld_netherite_ore:overworld_netherite": {
    "criteria": {
      "overworld_netherite_0": "2024-11-10 18:55:01 +0000"
    },
    "done": true
  },
  "alexsmobs:alexsmobs/seagull_steal": {
    "criteria": {
      "ex": "2024-11-10 18:57:08 +0000"
    },
    "done": true
  },
  "farm_and_charm:main/root": {
    "criteria": {
      "example_criterion": "2024-11-10 18:55:02 +0000"
    },
    "done": true
  },
  "minecraft:recipes/transportation/spruce_boat": {
    "criteria": {
      "in_water": "2024-11-10 18:55:36 +0000"
    },
    "done": true
  },
  "minecraft:recipes/transportation/birch_boat": {
    "criteria": {
      "in_water": "2024-11-10 18:55:36 +0000"
    },
    "done": true
  },
  "minecraft:recipes/transportation/oak_boat": {
    "criteria": {
      "in_water": "2024-11-10 18:55:36 +0000"
    },
    "done": true
  },
  "vinery:main/root": {
    "criteria": {
      "seeds": "2024-11-10 18:55:01 +0000"
    },
    "done": true
  },
  "minecraft:recipes/transportation/mangrove_boat": {
    "criteria": {
      "in_water": "2024-11-10 18:55:36 +0000"
    },
    "done": true
  },
  "farmersdelight:main/root": {
    "criteria": {
      "seeds": "2024-11-10 18:55:01 +0000"
    },
    "done": true
  },
  "ecologics:recipes/ecologics/coconut_boat": {
    "criteria": {
      "in_water": "2024-11-10 18:55:36 +0000"
    },
    "done": true
  },
  "brewery:main/root": {
    "criteria": {
      "seeds": "2024-11-10 18:55:01 +0000"
    },
    "done": true
  },
  "ecologics:recipes/ecologics/flowering_azalea_boat": {
    "criteria": {
      "in_water": "2024-11-10 18:55:36 +0000"
    },
    "done": true
  },
  "farmersdelight:recipes/building_blocks/organic_compost_from_rotten_flesh": {
    "criteria": {
      "has_rotten_flesh": "2024-11-10 18:55:27 +0000"
    },
    "done": true
  },
  "minecraft:adventure/adventuring_time": {
    "criteria": {
      "minecraft:frozen_river": "2024-11-10 18:55:36 +0000",
      "minecraft:snowy_plains": "2024-11-10 18:57:35 +0000",
      "minecraft:snowy_taiga": "2024-11-10 18:55:02 +0000",
      "minecraft:frozen_ocean": "2024-11-10 18:56:06 +0000",
      "minecraft:snowy_beach": "2024-11-10 18:57:01 +0000"
    },
    "done": false
  },
  "minecraft:recipes/transportation/dark_oak_boat": {
    "criteria": {
      "in_water": "2024-11-10 18:55:36 +0000"
    },
    "done": true
  },
  "DataVersion": 3465
}